Beach,rank_sum_det,rank_sum_stoch20d,rank_Sum_MC1000,County,ccGenSubUn,ccMeanDens,ccCofVar,nYearsSurv,ccCount,meanSurvLe,ccDensClas,cmMeanDens,cmCofVar,cmCount,cmDensClas,dcMeanDens,dcCofVar,dcCount,dcDensClas,eiCount,lkCount,eiPresent,lkPresent,geometry_wkt
Alligator Point,139,122,91,Franklin,NW,2.48,0.93387045,5,119,9.6,HIGH,0,999.999,0,not present,0,999.999,0,not present,0,0,NO,NO,"MULTILINESTRING ((-84.42401 29.90402, -84.4239 29.90362, -84.42384 29.9034, -84.42379 29.90307, -84.42381 29.90295, -84.42376 29.90288, -84.42371 29.90281, -84.42363 29.90279, -84.42352 29.90276, -84.4233 29.90273, -84.42306 29.9027, -84.42267 29.90267, -84.42224 29.90267, -84.42201 29.90272, -84.42164 29.90275, -84.42101 29.90272, -84.42036 29.90272, -84.41951 29.90277, -84.41873 29.90276, -84.41752 29.90266, -84.41611 29.9026, -84.41575 29.9026, -84.41564 29.90258, -84.41516 29.90249, -84.41391 29.90241, -84.41273 29.90238, -84.41116 29.90224, -84.41028 29.90206, -84.40917 29.90193, -84.40834 29.90186, -84.40767 29.90167, -84.40702 29.90155, -84.4062 29.90135, -84.40565 29.90124, -84.40543 29.90119, -84.40481 29.90096, -84.40403 29.9007, -84.40296 29.90038, -84.40194 29.90012, -84.40146 29.89994, -84.40125 29.89988, -84.40061 29.89969, -84.39929 29.89929, -84.39833 29.89889, -84.39745 29.89853, -84.39696 29.8984, -84.39637 29.8982, -84.39602 29.89809, -84.39539 29.89791, -84.39491 29.89785, -84.39443 29.8976, -84.39394 29.89752, -84.39333 29.89725, -84.3919 29.89693, -84.39104 29.89669, -84.39002 29.89648, -84.38972 29.89633, -84.38883 29.89614, -84.38835 29.89602, -84.38815 29.89594, -84.38765 29.89585, -84.38725 29.89572, -84.3869 29.89564, -84.38623 29.89546, -84.38568 29.89524, -84.38525 29.89513, -84.38466 29.89492, -84.38415 29.89474, -84.3837 29.89456, -84.38293 29.89425, -84.38236 29.89398, -84.38188 29.89369, -84.38164 29.89359, -84.38151 29.89352, -84.38121 29.89347, -84.38088 29.89349, -84.38056 29.89352, -84.38015 29.89346, -84.3799 29.89355, -84.37955 29.89358, -84.37868 29.89368, -84.37834 29.89369, -84.37789 29.89369, -84.37761 29.8936, -84.37723 29.89351, -84.37673 29.89357, -84.37643 29.89371, -84.37601 29.89363, -84.37571 29.89355, -84.37523 29.89365, -84.37502 29.89375, -84.37492 29.89376, -84.3748 29.89377, -84.37458 29.89371, -84.37432 29.89365, -84.37428 29.89364, -84.37423 29.89365, -84.37365 29.89372, -84.37202 29.89406, -84.37102 29.89443, -84.36891 29.89513, -84.36804 29.89531, -84.36709 29.89553, -84.36641 29.89564, -84.36602 29.89565, -84.36581 29.89572, -84.3657 29.89576, -84.36532 29.89582, -84.3651 29.8959, -84.36456 29.89599, -84.36311 29.89612, -84.36172 29.89632, -84.36016 29.8965, -84.35901 29.89662, -84.35805 29.89665, -84.35665 29.89669, -84.35605 29.89674, -84.3555 29.89675, -84.35481 29.89679, -84.35378 29.89674, -84.35275 29.89659, -84.35212 29.89641, -84.35164 29.89649, -84.35027 29.8967, -84.34934 29.8969, -84.34918 29.89692, -84.34886 29.89697, -84.34874 29.89702, -84.34834 29.89717, -84.34771 29.89729, -84.34746 29.89734, -84.34731 29.89741, -84.34704 29.89751, -84.34634 29.89783, -84.3459 29.89811, -84.3456 29.89824, -84.34522 29.89852, -84.34481 29.89877, -84.3439 29.89957, -84.34363 29.89988))"
Amelia Island,180,140,152,Nassau,NO,11.204,0.23753899,5,717,12.8,MED,0.174,0.7310381,11,MED,0.172,1.08255127,11,MED,0,0,NO,NO,"MULTILINESTRING ((-81.42845 30.69083, -81.42861 30.68842, -81.4286 30.68799, -81.42867 30.68689, -81.42867 30.68566, -81.42863 30.68459, -81.42864 30.68337, -81.4287 30.68162, -81.42882 30.68016, -81.42886 30.67955, -81.42896 30.67872, -81.42908 30.67782, -81.42916 30.67665, -81.42948 30.67413, -81.42981 30.67193, -81.43001 30.67069, -81.43006 30.67029, -81.43016 30.66936, -81.4304 30.66824, -81.43046 30.66781, -81.43048 30.66754, -81.43049 30.66746, -81.43049 30.66742, -81.43054 30.66702, -81.43061 30.66671, -81.43078 30.66607, -81.43083 30.66589, -81.43089 30.66553, -81.43118 30.66341, -81.43132 30.66277, -81.43137 30.66218, -81.43186 30.65984, -81.43194 30.65931, -81.43201 30.65914, -81.43211 30.65873, -81.43219 30.65774, -81.43255 30.65634, -81.43329 30.65186, -81.43348 30.65135, -81.4338 30.64946, -81.43446 30.64534, -81.43472 30.64425, -81.4349 30.6436, -81.43513 30.64213, -81.4352 30.64152, -81.43551 30.64019, -81.43558 30.63991, -81.43574 30.63872, -81.4359 30.63772, -81.43634 30.63626, -81.43682 30.63327, -81.4369 30.63279, -81.4376 30.62877, -81.43781 30.6272, -81.4386 30.6227, -81.43863 30.62244, -81.43883 30.62105, -81.43888 30.62072, -81.43922 30.61869, -81.43937 30.61806, -81.43967 30.61701, -81.43975 30.61621, -81.44001 30.61469, -81.44015 30.61407, -81.44019 30.6134, -81.44075 30.60971, -81.44105 30.6082, -81.44141 30.60588, -81.44183 30.60247, -81.44213 30.59912, -81.44251 30.59517, -81.44265 30.59365, -81.44277 30.59091, -81.44284 30.58911, -81.4429 30.58679, -81.44297 30.58516, -81.44302 30.58216, -81.4431 30.58041, -81.44314 30.57855, -81.44319 30.57452, -81.44319 30.57236, -81.44315 30.56955, -81.44279 30.56257, -81.44277 30.56225, -81.44252 30.55884, -81.44232 30.55589, -81.44222 30.55493, -81.44197 30.55297, -81.44178 30.55118, -81.44138 30.5483, -81.44052 30.5434, -81.44041 30.54285, -81.44029 30.54221, -81.44009 30.54137, -81.4398 30.53987, -81.43923 30.53793, -81.43862 30.53508, -81.43781 30.53188, -81.43736 30.53032, -81.43685 30.52896, -81.43632 30.52754, -81.43611 30.52693, -81.43617 30.52634))"
Amelia Island State Park,96,73,35,Nassau,NO,2.504,0.49970103,5,20,1.6,LOW,0,999.999,0,not present,0,999.999,0,not present,0,0,NO,NO,"MULTILINESTRING ((-81.43617 30.52635, -81.43597 30.52373, -81.43571 30.51968, -81.43577 30.51763, -81.43592 30.51709, -81.43622 30.51625, -81.43718 30.5154, -81.43789 30.51504, -81.43872 30.51497, -81.43957 30.51561, -81.43999 30.51634, -81.44076 30.51678, -81.44161 30.51731, -81.44219 30.51847, -81.44259 30.51891, -81.44291 30.5193, -81.44377 30.51984, -81.44416 30.52049, -81.44445 30.52111, -81.44511 30.52146))"
Anastasia State Park,193,169,138,St. Johns,NO,4.814,0.26223731,5,154,6.4,LOW,0.722,0.94026879,23,MED,0.218,0.96078745,7,MED,0,0,NO,NO,"MULTILINESTRING ((-81.28401 29.9083, -81.28298 29.90852, -81.28187 29.90819, -81.28131 29.90793, -81.28088 29.90768, -81.28063 29.90748, -81.28007 29.90702, -81.2799 29.90683, -81.27944 29.90636, -81.27887 29.90569, -81.27827 29.90489, -81.27793 29.90421, -81.27702 29.90232, -81.27666 29.90096, -81.27639 29.90016, -81.27601 29.89859, -81.27573 29.89753, -81.27556 29.89669, -81.27546 29.89604, -81.27534 29.89503, -81.27504 29.89404, -81.27493 29.893, -81.27466 29.89173, -81.27468 29.89054, -81.27446 29.88967, -81.27405 29.88776, -81.27389 29.88701, -81.27358 29.88632, -81.27353 29.886, -81.27346 29.88571, -81.27338 29.88541, -81.27331 29.88513, -81.27322 29.88489, -81.27313 29.88463, -81.27306 29.88441, -81.27299 29.88413, -81.27203 29.88095, -81.2714 29.87871, -81.27132 29.87812, -81.27085 29.87647, -81.26923 29.8712, -81.26886 29.87009, -81.26867 29.86883, -81.26822 29.86745, -81.26768 29.86555, -81.26718 29.86403, -81.26707 29.8634, -81.26684 29.86214, -81.26665 29.86097, -81.26614 29.85957))"
Anclote Key State Park,153,189,37,Pinellas,CW,0.106,1.00638757,5,4,7.58,LOW,0,999.999,0,not present,0,999.999,0,not present,0,0,NO,NO,"MULTILINESTRING ((-82.83776 28.15737, -82.8384 28.15688, -82.83909 28.1566, -82.84014 28.15655, -82.84116 28.15684, -82.84237 28.15753, -82.84344 28.15836, -82.84491 28.1602, -82.84532 28.16111, -82.84582 28.16207, -82.84663 28.1631, -82.84703 28.16363, -82.84731 28.16408, -82.84762 28.16472, -82.8479 28.16544, -82.84806 28.16589, -82.84825 28.16626, -82.84839 28.16664, -82.84865 28.16716, -82.84874 28.16758, -82.84885 28.16797, -82.84886 28.16823, -82.84897 28.16883, -82.84914 28.16953, -82.84931 28.17023, -82.84947 28.17079, -82.84962 28.17127, -82.8498 28.17187, -82.84983 28.17246, -82.84992 28.17293, -82.84999 28.17394, -82.85002 28.17428, -82.85007 28.17464, -82.85013 28.17537, -82.85027 28.17583, -82.85029 28.17611, -82.85034 28.17656, -82.85041 28.17765, -82.8504 28.17808, -82.85053 28.17881, -82.85067 28.18019, -82.85066 28.18163, -82.85075 28.18206, -82.85081 28.18356, -82.85091 28.18485, -82.85097 28.18556, -82.85107 28.18709, -82.85116 28.18842, -82.8512 28.1891, -82.85126 28.18968, -82.85125 28.19008, -82.85131 28.19198, -82.85138 28.19354, -82.85146 28.19439, -82.85144 28.19498, -82.85144 28.19588, -82.85145 28.19663, -82.85145 28.19745, -82.85143 28.19819, -82.85143 28.19875, -82.85146 28.19926, -82.85147 28.19968, -82.85149 28.20036, -82.85149 28.20101, -82.85153 28.20146, -82.85155 28.2019, -82.85153 28.20243, -82.8516 28.20312, -82.85161 28.2039, -82.8517 28.20461, -82.85179 28.20544, -82.85186 28.20616, -82.8519 28.20694, -82.85193 28.20754, -82.852 28.20819, -82.85205 28.20903, -82.85213 28.2097, -82.85208 28.21013, -82.85205 28.21055, -82.85199 28.2109, -82.85188 28.21141, -82.85172 28.21198, -82.85157 28.21257, -82.85131 28.21317, -82.85098 28.21375, -82.8507 28.21415, -82.85028 28.21436, -82.84955 28.21477, -82.8489 28.21497, -82.8484 28.21505, -82.84763 28.21488), (-82.83855 28.23359, -82.83883 28.2341, -82.83916 28.23414, -82.8395 28.23418, -82.83995 28.23393, -82.84076 28.23371, -82.84128 28.23333, -82.84158 28.23295, -82.84183 28.23259, -82.8421 28.23217, -82.84227 28.23145, -82.84222 28.23076, -82.84228 28.23019, -82.84242 28.2296, -82.84262 28.2291, -82.84271 28.2285, -82.8429 28.22791, -82.84293 28.22743, -82.84297 28.22698, -82.84273 28.22598, -82.84239 28.22536, -82.84239 28.22481, -82.84194 28.22418, -82.84187 28.22373, -82.8419 28.22321, -82.84182 28.22262, -82.84153 28.22235, -82.84125 28.22223, -82.84086 28.22212, -82.83967 28.22233))"
Anna Maria Island,195,193,147,Manatee,CW,21.556,0.44167383,5,1261,11.7,MED,0.138,1.28957007,8,MED,0,999.999,0,not present,0,0,NO,NO,"MULTILINESTRING ((-82.71979 27.52716, -82.71995 27.52733, -82.72028 27.5276, -82.72042 27.5277, -82.72043 27.52772, -82.72054 27.52781, -82.72059 27.52787, -82.7206 27.52791, -82.72058 27.52795, -82.72118 27.52823, -82.72127 27.52828, -82.72137 27.52835, -82.72154 27.52848, -82.72165 27.52854, -82.72174 27.5286, -82.72181 27.52862, -82.72194 27.52866, -82.72205 27.52868, -82.72217 27.52871, -82.72232 27.52877, -82.72293 27.52898, -82.72326 27.52907, -82.72376 27.52925, -82.72388 27.5293, -82.72405 27.52938, -82.72425 27.52944, -82.72436 27.52947, -82.72465 27.5296, -82.72475 27.52964, -82.72487 27.5297, -82.72488 27.5297, -82.72492 27.52972, -82.7251 27.52979, -82.72556 27.53001, -82.72565 27.53004, -82.72578 27.53009, -82.7259 27.53014, -82.72607 27.53021, -82.72619 27.53025, -82.72658 27.53044, -82.72715 27.53071, -82.72764 27.53094, -82.72859 27.53138, -82.72914 27.53163, -82.72993 27.53202, -82.73037 27.53221, -82.73091 27.53251, -82.73105 27.53259, -82.73116 27.53267, -82.73128 27.53275, -82.73135 27.53278, -82.73147 27.53284, -82.73156 27.53288, -82.73164 27.53292, -82.73184 27.53304, -82.7319 27.53309, -82.73197 27.53315, -82.73203 27.53318, -82.7321 27.53322, -82.73216 27.53325, -82.73226 27.53331, -82.73233 27.53336, -82.73245 27.53343, -82.73255 27.53348, -82.7326 27.53351, -82.73264 27.53355, -82.73267 27.53356, -82.73268 27.53356), (-82.73285 27.53381, -82.73293 27.53382, -82.73299 27.53383, -82.73308 27.53387, -82.73321 27.53393, -82.73349 27.53413, -82.73421 27.53453, -82.73499 27.5349, -82.73555 27.53524, -82.73632 27.53569, -82.73702 27.53609, -82.73739 27.53632, -82.73797 27.53669, -82.73829 27.53691, -82.73859 27.53712, -82.73906 27.53743, -82.73915 27.53751, -82.73928 27.5376, -82.73944 27.53769, -82.73965 27.53781, -82.73979 27.53791, -82.73989 27.53798, -82.74001 27.53806, -82.74013 27.53813, -82.74042 27.53828, -82.74054 27.53835, -82.74062 27.53839, -82.74072 27.53845, -82.7408 27.5385, -82.74095 27.53859, -82.74104 27.53865, -82.74109 27.53868, -82.74131 27.53877, -82.74168 27.53891, -82.7417 27.53892, -82.74217 27.53899, -82.74265 27.53899, -82.74327 27.53899, -82.74379 27.53898, -82.74424 27.53896, -82.745 27.53887, -82.74548 27.53882, -82.74566 27.53877, -82.74614 27.53847, -82.74659 27.53789, -82.74657 27.53767, -82.74656 27.53767, -82.74584 27.53719, -82.74494 27.53656, -82.74408 27.53592, -82.74377 27.53551, -82.74373 27.53521, -82.74384 27.53519, -82.744 27.53515, -82.744 27.53508, -82.74398 27.53505, -82.74389 27.5349, -82.74383 27.53483, -82.74374 27.53472, -82.74342 27.53431, -82.7432 27.53396, -82.74315 27.53385, -82.74309 27.5337, -82.74307 27.53354, -82.74307 27.53346, -82.74323 27.53343, -82.74319 27.53324, -82.74306 27.53323, -82.74291 27.53302, -82.74285 27.53291, -82.74253 27.53244, -82.74252 27.53242, -82.74241 27.53203, -82.74209 27.53097, -82.74167 27.52998, -82.74086 27.52928, -82.74019 27.5288, -82.7396 27.52799, -82.73933 27.52777, -82.73915 27.52745, -82.73847 27.52661, -82.73774 27.5259, -82.73699 27.52524, -82.73647 27.52466, -82.73496 27.52326, -82.73388 27.52221, -82.73346 27.5218, -82.73337 27.5218, -82.73318 27.52161, -82.73291 27.52137, -82.73246 27.52095, -82.73203 27.52068, -82.73177 27.52048, -82.73166 27.52037, -82.73158 27.52028, -82.73143 27.52013, -82.73118 27.51994, -82.73103 27.51982, -82.73088 27.51971, -82.73074 27.51961, -82.73051 27.51945, -82.73028 27.51927, -82.73008 27.51909, -82.72966 27.51869, -82.72938 27.51845, -82.72924 27.51828, -82.72908 27.51811, -82.7289 27.51795, -82.72872 27.51779, -82.72853 27.51764, -82.7284 27.51753, -82.72827 27.51738, -82.72811 27.51723, -82.72798 27.51712, -82.72785 27.51702, -82.72751 27.51675, -82.72735 27.51659, -82.72725 27.51647, -82.72683 27.51607, -82.72672 27.51595, -82.72664 27.51586, -82.72654 27.51579, -82.72641 27.51569, -82.72627 27.51556, -82.72618 27.51545, -82.72607 27.51533, -82.72595 27.51522, -82.72582 27.51508, -82.72531 27.51456, -82.72478 27.51398, -82.72431 27.51351, -82.72387 27.513, -82.72344 27.5125, -82.72299 27.51198, -82.7226 27.51151, -82.72207 27.5109, -82.72164 27.51037, -82.72145 27.51012, -82.7215 27.51008, -82.72078 27.50916, -82.71997 27.50818, -82.71895 27.50674, -82.7177 27.50495, -82.71747 27.50468, -82.71753 27.50467, -82.71697 27.50393, -82.71601 27.50237, -82.71487 27.50036, -82.71469 27.50011, -82.71468 27.50005, -82.71468 27.50003, -82.71466 27.49989, -82.71459 27.49971, -82.71456 27.49966, -82.7145 27.49968, -82.71372 27.49831, -82.71244 27.49651, -82.71148 27.49488, -82.71133 27.49451, -82.71131 27.49452, -82.71072 27.49348, -82.7102 27.4923, -82.70932 27.49044, -82.7086 27.48883, -82.70858 27.48872, -82.70852 27.48873, -82.708 27.48758, -82.70734 27.4859, -82.70705 27.48508, -82.70661 27.48416, -82.70638 27.48369, -82.70632 27.48356, -82.70632 27.48352, -82.7063 27.48352, -82.7055 27.48106, -82.70501 27.47944, -82.70491 27.47914, -82.70491 27.47907, -82.70405 27.477, -82.70316 27.47502, -82.70259 27.47361, -82.70256 27.4735, -82.70244 27.47332, -82.70189 27.47207, -82.70148 27.4711, -82.70107 27.47023, -82.70076 27.46931, -82.70045 27.46834, -82.70044 27.46828, -82.70038 27.46829, -82.69984 27.46665, -82.69923 27.46454, -82.69858 27.4627, -82.69855 27.4626, -82.69852 27.4626, -82.69815 27.46195, -82.69794 27.46151, -82.69773 27.46084, -82.69741 27.4601, -82.69704 27.45945, -82.69677 27.45876, -82.69653 27.4581, -82.69624 27.45752, -82.69599 27.45717, -82.696 27.45709, -82.69599 27.45708, -82.69585 27.45683, -82.69579 27.45671, -82.69572 27.45655, -82.69567 27.45644, -82.69546 27.45589, -82.69528 27.45553, -82.69508 27.45519, -82.69501 27.45505, -82.69495 27.45494, -82.69494 27.45487, -82.69484 27.45461, -82.6946 27.45393, -82.69435 27.45341, -82.694 27.45267, -82.69364 27.45172, -82.69336 27.45097, -82.69338 27.45098, -82.69331 27.45092, -82.69315 27.45036, -82.69293 27.44993, -82.69273 27.44948, -82.69273 27.44935, -82.69239 27.44871, -82.69239 27.44868, -82.69237 27.44869, -82.69212 27.44815, -82.69171 27.44738, -82.69128 27.44641, -82.69103 27.44523, -82.69096 27.44427))"
Avalon State Park,138,138,92,St. Lucie,CE,103.856,0.22480245,5,1454,2.8,MED,6.142,0.42449895,86,MED,1.786,0.44821869,25,MED,0,0,NO,NO,"MULTILINESTRING ((-80.32157 27.55729, -80.32145 27.55699, -80.32137 27.55674, -80.32129 27.55636, -80.32107 27.55596, -80.32097 27.55556, -80.32074 27.55494, -80.3205 27.5542, -80.32029 27.55349, -80.3199 27.55224, -80.31881 27.54886, -80.31818 27.5468, -80.31782 27.54521, -80.31754 27.54436, -80.31737 27.54366, -80.31717 27.54303, -80.31705 27.54253, -80.31664 27.54132, -80.31626 27.54002, -80.31574 27.53846, -80.31557 27.53771, -80.31518 27.53668, -80.31504 27.53626, -80.31481 27.53545, -80.31467 27.53498, -80.31444 27.53429, -80.31427 27.53373, -80.31402 27.533, -80.31392 27.53259))"
Bahia Honda State Park,40,78,48,Monroe,SE,5.192,0.47991145,5,122,4.7,LOW,0.042,2.23606798,1,LOW,0,999.999,0,not present,2,0,YES,NO,"MULTILINESTRING ((-81.27939 24.65648, -81.27942 24.6564, -81.27944 24.65633, -81.27951 24.6562, -81.2796 24.6561, -81.27971 24.65597, -81.27983 24.65585, -81.27997 24.65572, -81.28007 24.65564, -81.28018 24.65554, -81.28031 24.65546, -81.28041 24.6554, -81.28052 24.65532, -81.2806 24.65528, -81.28072 24.65521, -81.28081 24.65517, -81.28092 24.65513), (-81.24994 24.6686, -81.24988 24.6685, -81.24981 24.66841, -81.24975 24.66828, -81.24971 24.66803, -81.24976 24.66782, -81.24984 24.66765, -81.24996 24.66751, -81.25027 24.66717, -81.25063 24.66697, -81.2509 24.6668, -81.25107 24.66667, -81.25129 24.66643, -81.25154 24.66619, -81.25182 24.66594, -81.25197 24.66583, -81.2521 24.66575, -81.25227 24.66565, -81.25252 24.66556, -81.25283 24.66551, -81.2531 24.66541, -81.25373 24.66526, -81.25425 24.66506, -81.25489 24.66487, -81.25516 24.66483, -81.25539 24.6648, -81.25577 24.66478, -81.25615 24.66472, -81.25653 24.66461, -81.25692 24.66449, -81.25769 24.66424, -81.25841 24.6639, -81.25916 24.66344, -81.2595 24.66324, -81.25976 24.6631, -81.26009 24.66293, -81.26039 24.66277, -81.26117 24.66238, -81.26217 24.66182, -81.26258 24.6616, -81.26288 24.66141, -81.2635 24.66114, -81.26403 24.66094, -81.26429 24.66088, -81.26477 24.66077, -81.26511 24.66066, -81.26544 24.66058, -81.26564 24.66054, -81.26587 24.6605, -81.26609 24.66049, -81.26651 24.66041, -81.26686 24.66028, -81.26713 24.66021, -81.26728 24.66024, -81.26739 24.66035, -81.26751 24.66043, -81.26769 24.66044, -81.26795 24.6604, -81.268 24.66047, -81.26805 24.66056, -81.26797 24.66073, -81.26794 24.66083, -81.26799 24.66091, -81.26818 24.6611, -81.26824 24.66114, -81.26836 24.66116, -81.26839 24.66135, -81.2685 24.66143, -81.26857 24.66143, -81.26868 24.66145, -81.2687 24.66147, -81.26877 24.66149, -81.26884 24.66149, -81.26965 24.66136, -81.27044 24.66115, -81.27068 24.66106, -81.2713 24.66081, -81.27163 24.66069, -81.27201 24.66055, -81.27227 24.66047, -81.27249 24.66038, -81.27291 24.66019, -81.27343 24.65985, -81.2738 24.65957, -81.27421 24.65938, -81.2747 24.65893, -81.27513 24.65851, -81.2754 24.65823, -81.276 24.65757, -81.27636 24.65712, -81.27693 24.65649, -81.27725 24.65619, -81.27751 24.65597, -81.27799 24.65564, -81.27847 24.65527, -81.27871 24.65508, -81.27909 24.6548, -81.27941 24.65458, -81.27968 24.65441, -81.28029 24.65419, -81.28063 24.65414, -81.28087 24.65416, -81.28102 24.65424, -81.28112 24.65431))"
Bald Point State Park,126,80,127,Franklin,NW,0.21,1,5,5,4.8,LOW,0,999.999,0,not present,0,999.999,0,not present,0,0,NO,NO,"MULTILINESTRING ((-84.34363 29.89988, -84.34303 29.90056, -84.34271 29.90085, -84.34251 29.90105, -84.34226 29.90124, -84.34225 29.90136, -84.34217 29.9016, -84.34203 29.90173, -84.34195 29.90178, -84.34147 29.90235, -84.34114 29.90284, -84.34081 29.90334, -84.34081 29.90334, -84.34061 29.90352, -84.34042 29.90382, -84.34026 29.90421, -84.34026 29.9046, -84.34026 29.90487, -84.34009 29.90531, -84.33973 29.90585, -84.33958 29.90601, -84.33946 29.90621, -84.33921 29.90666, -84.33888 29.90734, -84.3386 29.90774, -84.33845 29.90795, -84.33803 29.9085, -84.33762 29.90923, -84.33737 29.90964, -84.33734 29.90975, -84.33716 29.91015, -84.33698 29.91068, -84.33685 29.91102, -84.33671 29.91139, -84.33662 29.91161, -84.33643 29.91225, -84.3363 29.91275, -84.33622 29.91294, -84.33607 29.91349, -84.33588 29.9141, -84.33583 29.91427, -84.33574 29.91453, -84.33571 29.91465, -84.3356 29.91498, -84.33542 29.91564, -84.33523 29.91626, -84.33511 29.91674, -84.33503 29.91701, -84.33484 29.91779, -84.33456 29.91866, -84.33454 29.91873, -84.33409 29.9209, -84.33385 29.9218, -84.3337 29.92234, -84.33365 29.92244, -84.33352 29.92301, -84.33344 29.92374, -84.33345 29.92445, -84.33348 29.9254, -84.33356 29.9262, -84.33372 29.92736, -84.33387 29.92845, -84.33389 29.92853, -84.33399 29.92892, -84.334 29.92911, -84.33404 29.9297, -84.33423 29.93075, -84.3345 29.93196, -84.33455 29.93228, -84.33471 29.93277, -84.33478 29.9331, -84.33486 29.93373, -84.33492 29.93415, -84.33502 29.93473, -84.33511 29.93524, -84.33516 29.93551, -84.3355 29.93685, -84.33552 29.93732, -84.33559 29.93764, -84.33569 29.93806, -84.3358 29.93841, -84.33597 29.93968, -84.336 29.93998, -84.33607 29.94053, -84.33612 29.94129, -84.33615 29.94168, -84.33626 29.94231, -84.33637 29.94273, -84.33651 29.94342, -84.33679 29.94407, -84.337 29.94454, -84.337 29.94454, -84.33703 29.94463, -84.33722 29.94505, -84.3375 29.94547, -84.33769 29.94574, -84.33789 29.94608, -84.33832 29.94653, -84.33867 29.9468, -84.33899 29.94695, -84.33926 29.94701, -84.33948 29.94716, -84.33968 29.94739, -84.33996 29.94766, -84.34032 29.94785, -84.34062 29.94792, -84.34073 29.94788))"
Barefoot Beach Preserve,64,38,18,Collier,SW,26.122,0.40279512,5,640,4.9,HIGH,0,999.999,0,not present,0,999.999,0,not present,0,0,NO,NO,"MULTILINESTRING ((-81.84576 26.33022, -81.84542 26.32926, -81.84484 26.32775, -81.84416 26.32613, -81.84382 26.32543, -81.84361 26.32476, -81.84323 26.32388, -81.84299 26.32327, -81.8426 26.32213, -81.84221 26.321, -81.84181 26.32015, -81.84133 26.31882, -81.84091 26.31779, -81.84053 26.31699, -81.84019 26.31606, -81.8398 26.31508, -81.83948 26.31429, -81.8389 26.31278, -81.83826 26.3111, -81.83726 26.30836, -81.83676 26.30706, -81.83632 26.30572, -81.83579 26.30398, -81.83538 26.30271, -81.83487 26.30115, -81.83419 26.29899, -81.83373 26.29758, -81.83344 26.29659, -81.83318 26.29566, -81.83288 26.29437, -81.83263 26.29326, -81.83223 26.29206, -81.83194 26.29089, -81.83166 26.29029, -81.83145 26.28988, -81.83117 26.28964, -81.83095 26.28955, -81.83093 26.28955))"
Beach Club Drive (North),100,116,50,St. Johns,NO,8.482,0.33441484,5,123,2.9,MED,0.686,0.50292602,10,MED,0.136,1.36930639,2,LOW,0,0,NO,NO,"MULTILINESTRING ((-81.37073 30.21709, -81.36883 30.21066, -81.36896 30.21106, -81.36735 30.20528, -81.36577 30.19983, -81.36523 30.19808, -81.36451 30.19562, -81.36396 30.19355))"
Beach Club Drive (South),181,173,131,St. Johns,NO,12.734,0.20384876,5,382,6,MED,0.832,0.78688794,25,MED,0.2,1.08339743,6,MED,0,0,NO,NO,"MULTILINESTRING ((-81.36396 30.19355, -81.36378 30.19284, -81.36325 30.19091, -81.36241 30.18774, -81.36124 30.18321, -81.36098 30.18239, -81.3603 30.1799, -81.35979 30.17773, -81.3593 30.17589, -81.35882 30.1742, -81.3573 30.16845, -81.35692 30.167, -81.35632 30.16475, -81.35582 30.16277, -81.3554 30.16118, -81.35494 30.15919, -81.35449 30.15754, -81.35418 30.15617, -81.35376 30.15429, -81.353 30.15146, -81.35249 30.14924, -81.35203 30.1473, -81.35162 30.14572, -81.35109 30.14365, -81.35042 30.14111))"
Big Hickory Island,43,13,15,Lee,SW,4.778,0.51041953,5,43,1.8,LOW,0,999.999,0,not present,0,999.999,0,not present,0,0,NO,NO,"MULTILINESTRING ((-81.86508 26.3777, -81.86606 26.37843, -81.86694 26.37856, -81.86737 26.37858, -81.86764 26.37853, -81.8678 26.37847, -81.86787 26.37839, -81.86786 26.37823, -81.86776 26.37804, -81.8677 26.37772, -81.86745 26.37738, -81.86719 26.37698, -81.86699 26.37663, -81.86681 26.37626, -81.86661 26.37597, -81.86633 26.37567, -81.86596 26.37515, -81.86582 26.37477, -81.86569 26.3743, -81.86543 26.37381, -81.86515 26.37333, -81.86473 26.37268, -81.86454 26.37208, -81.86427 26.37138, -81.864 26.3706, -81.86381 26.37007, -81.86357 26.36952, -81.86326 26.36899, -81.86304 26.36863, -81.86291 26.36828, -81.86273 26.36793, -81.86255 26.36764, -81.86235 26.36726, -81.86214 26.36682, -81.86197 26.36662, -81.86178 26.36662, -81.86157 26.36664))"
Big Pine Key,48,111,162,Monroe,SE,2.2,0.88710924,5,33,3,LOW,0,999.999,0,not present,0,999.999,0,not present,0,0,NO,NO,"MULTILINESTRING ((-81.33895 24.63998, -81.33913 24.63984, -81.33944 24.63971, -81.3404 24.63904, -81.34073 24.63899, -81.34273 24.63809, -81.34336 24.63792, -81.34388 24.63774, -81.34402 24.63763, -81.34491 24.63691, -81.34558 24.63644, -81.34592 24.63629, -81.34634 24.63611, -81.34655 24.63584, -81.34715 24.63575, -81.3476 24.63554, -81.34806 24.63556, -81.34851 24.63578, -81.3493 24.63557, -81.34996 24.63559, -81.35061 24.63555, -81.35121 24.63541, -81.35176 24.63535, -81.35221 24.63533, -81.3529 24.6351, -81.35382 24.63471, -81.35473 24.6345, -81.35562 24.6342, -81.3561 24.63425, -81.35729 24.63394))"
Biscayne National Park,87,86,190,Miami-Dade,SE,4.39,0.52403435,5,53,2.4,LOW,0.086,2.23606798,1,LOW,0,999.999,0,not present,0,0,NO,NO,"MULTILINESTRING ((-80.20344 25.41727, -80.20342 25.4168, -80.2033 25.41603, -80.20342 25.41554, -80.20352 25.41514), (-80.19969 25.43352, -80.19965 25.43383, -80.19957 25.43409, -80.19941 25.43423), (-80.18923 25.46368, -80.18943 25.46333), (-80.18532 25.47191, -80.18547 25.47165, -80.18559 25.47129, -80.18576 25.47079, -80.1858 25.47057, -80.18576 25.47042), (-80.18998 25.4742, -80.19032 25.47334, -80.19093 25.47291), (-80.17928 25.48102, -80.17956 25.48069, -80.17978 25.48016, -80.17999 25.4796, -80.18016 25.47912, -80.18036 25.47863, -80.18068 25.47842, -80.18096 25.47793, -80.18116 25.47744, -80.18147 25.47684, -80.18173 25.47638, -80.18195 25.47596, -80.18207 25.47553), (-80.18703 25.48158, -80.18712 25.48049, -80.18772 25.47984, -80.1882 25.4794), (-80.17761 25.49254, -80.17767 25.49209, -80.17767 25.49158, -80.17783 25.49048, -80.1779 25.48955, -80.17787 25.48929, -80.17782 25.48839, -80.17776 25.48719, -80.17761 25.48644, -80.17747 25.48599))"
Boca Chica Key,61,84,167,Monroe,SE,5.11333333,0.57022944,3,14,0.93333333,LOW,0.37,1.73205081,1,MED,0,999.999,0,not present,0,0,NO,NO,"MULTILINESTRING ((-81.67087 24.56775, -81.67128 24.56743, -81.6716 24.56719, -81.672 24.56681, -81.67224 24.56655, -81.67279 24.56613, -81.67374 24.56535, -81.67417 24.56504, -81.67483 24.56455, -81.67572 24.56394, -81.67592 24.56383, -81.67676 24.56331, -81.67685 24.56327))"
Boca Grande Key,11.5,31,65,Monroe,DT,1.692,1.26024769,5,11,1.3,LOW,0.924,1.36930639,6,MED,0,999.999,0,not present,0,0,NO,NO,"MULTILINESTRING ((-82.00789 24.53777, -82.00795 24.53775, -82.00795 24.53767, -82.00809 24.53761, -82.00848 24.5374, -82.00876 24.53714, -82.00896 24.5369, -82.00944 24.53643, -82.00954 24.53631, -82.0096 24.53614, -82.00967 24.5359, -82.00979 24.53536, -82.00988 24.53491, -82.00989 24.53443, -82.00985 24.53423, -82.00967 24.53383, -82.00958 24.53352, -82.00939 24.53279, -82.00931 24.53249, -82.00923 24.53215, -82.00895 24.53151, -82.00875 24.53106, -82.00837 24.53031, -82.00808 24.52986, -82.00801 24.52969, -82.00795 24.5295, -82.00779 24.52902, -82.00766 24.52877, -82.00763 24.5287, -82.00764 24.52855, -82.00767 24.52844, -82.00766 24.52837, -82.00759 24.52825, -82.00748 24.52816, -82.00653 24.52768, -82.00613 24.52758, -82.00589 24.52756))"
Boca Raton Beaches,200,181,178,Palm Beach,SE,98.428,0.21096586,5,3937,8,MED,20.352,0.6269047,814,HIGH,2.278,0.47148541,91,MED,0,0,NO,NO,"MULTILINESTRING ((-80.07183 26.33548, -80.07202 26.33523, -80.0722 26.33492, -80.07246 26.33366, -80.0726 26.33296, -80.07317 26.32934, -80.07313 26.32932, -80.07346 26.32793, -80.07382 26.32621, -80.07411 26.3246, -80.07441 26.32214, -80.07463 26.321), (-80.06618 26.39088, -80.06627 26.39029, -80.06648 26.38751, -80.06665 26.38481, -80.06682 26.38267, -80.06702 26.37931, -80.06703 26.37828, -80.06704 26.37799, -80.06717 26.37599, -80.06723 26.37521, -80.06732 26.37414, -80.06772 26.37056, -80.0679 26.36933, -80.06811 26.36648, -80.0681 26.36498, -80.06827 26.36334, -80.06873 26.36106, -80.0691 26.35692, -80.06908 26.35652, -80.06918 26.35309, -80.06919 26.35135, -80.06925 26.35026, -80.06944 26.34924, -80.06947 26.34855, -80.06969 26.34626, -80.06971 26.34588, -80.07002 26.34364, -80.07005 26.34327, -80.07009 26.34232, -80.07046 26.33906, -80.07052 26.33781, -80.07062 26.33616))"
Bonita Beach,69,47,28,Lee,SW,27.19,0.29967418,5,435,3.2,HIGH,0.062,2.23606798,1,LOW,0,999.999,0,not present,0,0,NO,NO,"MULTILINESTRING ((-81.86315 26.36434, -81.86311 26.36412, -81.86293 26.36379, -81.86272 26.36338, -81.86253 26.36304, -81.86238 26.36271, -81.86219 26.36228, -81.86201 26.36192, -81.86151 26.36102, -81.86103 26.36033, -81.86041 26.3593, -81.85978 26.35832, -81.85902 26.35719, -81.85867 26.35662, -81.85818 26.35599, -81.85778 26.35527, -81.85708 26.35423, -81.85662 26.35341, -81.85617 26.35263, -81.85577 26.35189, -81.8554 26.35121, -81.85493 26.35039, -81.85448 26.34957, -81.85404 26.34877, -81.85381 26.34827, -81.85343 26.34753, -81.85278 26.34609, -81.85224 26.34504, -81.85177 26.34402, -81.85123 26.34288, -81.85089 26.34223, -81.85072 26.34184, -81.85053 26.34138, -81.85033 26.34097, -81.84999 26.34008, -81.84975 26.33953, -81.84936 26.33873, -81.84907 26.33807, -81.84891 26.33762, -81.84858 26.33688, -81.84804 26.33562, -81.8474 26.33402, -81.84695 26.3331, -81.8466 26.33209, -81.84632 26.33155, -81.84615 26.33115, -81.84602 26.33094, -81.84583 26.33041, -81.84576 26.33022))"
Breakers,11.5,59,47,Palm Beach,SE,88.372,0.83898785,5,190,0.4,MED,1.398,0.91287093,3,MED,2.326,0.99957054,5,MED,0,0,NO,NO,"MULTILINESTRING ((-80.03386 26.71904, -80.03378 26.71866, -80.03366 26.71792, -80.03354 26.71739, -80.03348 26.71715, -80.03338 26.71694, -80.03334 26.71659, -80.03325 26.71602, -80.0332 26.71569, -80.03306 26.71461, -80.03303 26.71444, -80.03302 26.71417, -80.03302 26.71393, -80.03303 26.71372, -80.03303 26.71357, -80.03298 26.71324, -80.03296 26.71297, -80.03294 26.71275, -80.03295 26.71244, -80.03295 26.71219, -80.03294 26.71203, -80.03289 26.71175, -80.03302 26.71072))"
Bunche Beach,33,4,5,Lee,SW,0.57,1.04845663,5,4,1.4,LOW,0,999.999,0,not present,0,999.999,0,not present,0,0,NO,NO,"MULTILINESTRING ((-81.97162 26.47874, -81.97164 26.4787, -81.97158 26.47849, -81.97142 26.47825, -81.97119 26.47804, -81.97093 26.47783, -81.97034 26.4775, -81.96998 26.47728, -81.96969 26.47713, -81.96941 26.47698, -81.96932 26.47686, -81.96909 26.47675, -81.96874 26.47658, -81.96839 26.47644, -81.9681 26.47633, -81.96775 26.47616, -81.9674 26.47599, -81.9674 26.47594, -81.96728 26.47594, -81.96681 26.47561, -81.96609 26.4751, -81.96551 26.47467, -81.96505 26.47439, -81.96443 26.47399, -81.96395 26.47353, -81.96328 26.47301, -81.96229 26.47241, -81.96228 26.47234, -81.96228 26.47234, -81.9621 26.47226, -81.96165 26.47199, -81.9614 26.47179, -81.96106 26.47158, -81.96078 26.47142, -81.96057 26.4713, -81.96043 26.47126, -81.96024 26.47122, -81.96016 26.4711, -81.96011 26.47093, -81.95998 26.47091, -81.95996 26.47092))"
Cabbage/Shell Key,157,120,108,Pinellas,CW,4.268,1.09014729,5,98,4.36,LOW,0.044,2.23606798,1,LOW,0,999.999,0,not present,0,0,NO,NO,"MULTILINESTRING ((-82.73712 27.64992, -82.7373 27.64982, -82.73787 27.64977, -82.73844 27.64987, -82.73911 27.65016, -82.73949 27.65041, -82.74015 27.65091, -82.74059 27.65126, -82.74112 27.65162, -82.74188 27.65204, -82.74255 27.65237, -82.743 27.65251, -82.74337 27.65263, -82.74412 27.65281, -82.74466 27.65297, -82.74478 27.65301, -82.7452 27.65325, -82.74546 27.65353, -82.74584 27.65366, -82.74612 27.65384, -82.74623 27.65407, -82.74626 27.65453, -82.74618 27.65494, -82.74612 27.65511, -82.74586 27.6558, -82.74566 27.65677, -82.74557 27.65762, -82.74544 27.65813, -82.74533 27.65858, -82.74522 27.659, -82.74521 27.65928, -82.74512 27.65964, -82.74498 27.66061, -82.74482 27.66178, -82.74475 27.66253, -82.74475 27.6636, -82.74478 27.66471, -82.74474 27.6654, -82.74474 27.66566, -82.74475 27.66601, -82.74473 27.66642, -82.74476 27.66696, -82.74481 27.66753, -82.74488 27.66864, -82.74492 27.66883, -82.745 27.66943, -82.74497 27.67035, -82.74496 27.67035, -82.74481 27.67082, -82.74447 27.67146, -82.74409 27.67221, -82.7437 27.67309, -82.74345 27.67389, -82.74324 27.67469, -82.74258 27.67547, -82.74169 27.676, -82.74044 27.67624, -82.73981 27.67605, -82.73931 27.67579, -82.73894 27.67541, -82.73867 27.67506, -82.73862 27.67499, -82.73798 27.67464, -82.73774 27.67458, -82.73762 27.67454, -82.73723 27.6745, -82.73721 27.67448, -82.73685 27.67447, -82.7368 27.67446, -82.73652 27.67445, -82.73598 27.67448, -82.73578 27.67452, -82.73531 27.67458, -82.73482 27.6747, -82.73461 27.67476, -82.73368 27.67493, -82.73339 27.67495, -82.73326 27.67495, -82.73297 27.6749, -82.73266 27.67483, -82.7325 27.67472, -82.7323 27.67456, -82.73222 27.67443))"
Caladesi Island State Park,124,117,86,Pinellas,CW,1.484,0.68045287,5,27,3.64,LOW,0,999.999,0,not present,0,999.999,0,not present,0,0,NO,NO,"MULTILINESTRING ((-82.82713 28.01944, -82.82697 28.01966, -82.82689 28.01993, -82.82678 28.0203, -82.82671 28.02059, -82.82664 28.02091, -82.82656 28.02145, -82.82648 28.02178, -82.82642 28.02203, -82.82633 28.02234, -82.8262 28.02259, -82.8261 28.02289, -82.82597 28.02334, -82.82588 28.0237, -82.82558 28.02445, -82.82535 28.02516, -82.82518 28.02562, -82.82505 28.02601, -82.82486 28.02651, -82.8247 28.0269, -82.82449 28.02747, -82.82315 28.03102, -82.82245 28.03261, -82.82231 28.03308, -82.8221 28.03358, -82.82192 28.03426, -82.82168 28.03479, -82.8216 28.0351, -82.82147 28.03547, -82.82137 28.03618, -82.82106 28.0378, -82.82092 28.03853, -82.82061 28.0402, -82.82043 28.04099, -82.82032 28.0414, -82.82024 28.04197, -82.82016 28.0422, -82.82004 28.04252, -82.82 28.04277, -82.81996 28.04306, -82.81995 28.04328, -82.81994 28.04354, -82.81993 28.04377, -82.81993 28.04382, -82.8199 28.04405, -82.81982 28.04436, -82.81969 28.0446, -82.81958 28.045, -82.81947 28.04533, -82.81938 28.04557, -82.81936 28.04566, -82.81923 28.04614, -82.819 28.04659, -82.81889 28.04678, -82.8188 28.04694, -82.81869 28.04707, -82.81865 28.04731, -82.81861 28.0475, -82.81857 28.04777, -82.81855 28.04813, -82.81853 28.04838, -82.81845 28.04871, -82.81843 28.04929, -82.81848 28.04975, -82.81832 28.05022, -82.81802 28.05059, -82.81752 28.05108, -82.81734 28.05125, -82.81706 28.05134, -82.81673 28.05153, -82.81647 28.05161, -82.81626 28.05164, -82.81602 28.05169, -82.81593 28.05157, -82.8162 28.05101))"
Camp Helen State Park,102,83,96,Bay,NW,0.5,2.23606798,5,2,0.8,LOW,0,999.999,0,not present,0,999.999,0,not present,0,0,NO,NO,"MULTILINESTRING ((-85.99591 30.26938, -85.99536 30.26912, -85.99492 30.26892, -85.99449 30.26873, -85.99419 30.26859, -85.99376 30.26837, -85.99349 30.26822, -85.99309 30.26808, -85.9928 30.26797, -85.9926 30.26786, -85.99235 30.2678, -85.9921 30.26769, -85.99189 30.2676, -85.99157 30.26746, -85.99133 30.26735, -85.99107 30.26721, -85.99085 30.26705))"
Canaveral Air Force Station,202,206,210,Brevard,CE,101.134,0.16509564,5,10619,21,MED,7.43,0.67353474,780,MED,0.468,0.34134574,49,MED,0,0,NO,NO,"MULTILINESTRING ((-80.5691 28.56862, -80.56906 28.56833, -80.56755 28.56075, -80.56724 28.55878, -80.56673 28.55577, -80.56633 28.55352, -80.56607 28.5515, -80.56533 28.54747, -80.56456 28.54299, -80.56436 28.5419, -80.56393 28.53969, -80.56328 28.53717, -80.56297 28.5362, -80.56214 28.53376, -80.56141 28.53169, -80.56058 28.52886, -80.5592 28.52513, -80.55898 28.52461, -80.55766 28.521, -80.55609 28.51753, -80.55583 28.51664, -80.5549 28.51441, -80.55162 28.50821, -80.55063 28.5064, -80.54891 28.5033, -80.54693 28.5001, -80.54594 28.49828, -80.54383 28.49461, -80.54256 28.49207, -80.54138 28.48971, -80.53898 28.4849, -80.53746 28.48198, -80.53555 28.47805, -80.53301 28.47284, -80.53048 28.46872, -80.52993 28.46751, -80.52848 28.46478, -80.52798 28.46395, -80.52688 28.46245, -80.52636 28.4614, -80.5262 28.46055, -80.52587 28.45949, -80.52557 28.45757, -80.52541 28.45688, -80.52541 28.45612, -80.52544 28.45506, -80.52618 28.45284, -80.52693 28.45118, -80.52757 28.45029, -80.5293 28.44907, -80.52994 28.44888, -80.53053 28.44854, -80.53133 28.44831, -80.53295 28.44806, -80.53383 28.44783, -80.53527 28.44771, -80.53601 28.44754, -80.53694 28.44702, -80.53754 28.44682, -80.53829 28.44676, -80.53963 28.44699, -80.54219 28.44617, -80.54468 28.44501, -80.54722 28.44369, -80.54835 28.4431, -80.54977 28.44238, -80.55387 28.44058, -80.55637 28.43971, -80.55768 28.43904, -80.55923 28.43846, -80.56239 28.43654, -80.56325 28.43599, -80.56397 28.43548, -80.565 28.43471, -80.5663 28.43369, -80.5678 28.43244, -80.56883 28.4315, -80.57213 28.42858, -80.57318 28.42754, -80.57383 28.42685, -80.57468 28.42599, -80.57708 28.42357, -80.57766 28.42296, -80.57996 28.42045, -80.58083 28.41924, -80.58257 28.41644, -80.58296 28.41545, -80.58363 28.41346, -80.58409 28.41203, -80.58414 28.41179, -80.58416 28.41156))"
Canaveral National Seashore,175,183,195,Brevard,CE,125.94,0.18018439,5,12657,20.1,MED,57.822,0.93503118,5811,HIGH,0.68,0.13357281,68,MED,0,2,NO,YES,"MULTILINESTRING ((-80.73297 28.7912, -80.73195 28.78969, -80.72908 28.78532, -80.72635 28.78129, -80.72491 28.77916, -80.72179 28.77458, -80.72041 28.77249, -80.71952 28.77109, -80.71817 28.76905, -80.71637 28.76622, -80.7157 28.76526, -80.71348 28.7621, -80.71267 28.76099, -80.71088 28.75837, -80.70947 28.75631, -80.70798 28.75435, -80.70619 28.75183, -80.70457 28.74961, -80.70348 28.7481, -80.70061 28.74431, -80.70013 28.74356, -80.70006 28.74351, -80.6988 28.74193, -80.69674 28.73933, -80.69397 28.73571, -80.6901 28.73095, -80.68825 28.72848, -80.68473 28.72405, -80.68358 28.72256, -80.68188 28.72046, -80.67874 28.71648, -80.67597 28.71337, -80.67371 28.71073, -80.67107 28.70768, -80.66933 28.70543, -80.66586 28.70117, -80.66476 28.69969, -80.66165 28.69553, -80.65995 28.69328, -80.65936 28.69254, -80.65575 28.68778, -80.6536 28.68499, -80.65189 28.68302, -80.65111 28.68212, -80.65014 28.68094, -80.64843 28.67897, -80.6459 28.67569, -80.64111 28.6688, -80.63937 28.66624, -80.63854 28.66508, -80.63755 28.66377, -80.63711 28.66311, -80.63633 28.66206, -80.6335 28.65824, -80.63288 28.65735, -80.63185 28.65588, -80.62911 28.65177, -80.62794 28.65005, -80.62714 28.64886, -80.6257 28.64674, -80.6248 28.64538, -80.62403 28.6442))"
Canaveral National Seashore (Volusia County),121,182,189,Volusia,CE,83.668,0.17693621,5,7572,18.1,LOW,25.138,0.85427962,2275,HIGH,0.584,0.18186189,53,MED,0,0,NO,NO,"MULTILINESTRING ((-80.83015 28.93863, -80.82898 28.93705, -80.8287 28.93646, -80.82316 28.92863, -80.82294 28.92829, -80.82252 28.92758, -80.82161 28.92637, -80.82037 28.92454, -80.81992 28.92386, -80.81882 28.92229, -80.8181 28.92133, -80.8179 28.92103, -80.81782 28.9209, -80.81713 28.91985, -80.81669 28.91922, -80.81638 28.91878, -80.81584 28.91786, -80.81575 28.91775, -80.81539 28.91715, -80.81509 28.91668, -80.81508 28.91667, -80.80903 28.90776, -80.80403 28.90046, -80.80396 28.90034, -80.80339 28.89963, -80.80275 28.89877, -80.80195 28.89751, -80.80148 28.89685, -80.80064 28.89559, -80.79956 28.89404, -80.79843 28.89241, -80.79733 28.89076, -80.79656 28.88967, -80.7949 28.88716, -80.79377 28.88544, -80.79266 28.88377, -80.79189 28.88263, -80.79059 28.88085, -80.78981 28.87966, -80.78878 28.87809, -80.78778 28.87656, -80.78743 28.8761, -80.78667 28.87491, -80.78532 28.87286, -80.78394 28.87085, -80.78316 28.86957, -80.78284 28.86906, -80.78271 28.86887, -80.78252 28.86859, -80.7815 28.86702, -80.78051 28.86543, -80.77952 28.86391, -80.77901 28.86308, -80.77894 28.86299, -80.77762 28.86091, -80.77657 28.85925, -80.77549 28.85748, -80.77464 28.8562, -80.77455 28.85606, -80.77356 28.85445, -80.77231 28.85258, -80.77133 28.85103, -80.77034 28.84941, -80.76957 28.84825, -80.76828 28.84619, -80.7668 28.84394, -80.76603 28.84265, -80.76532 28.84157, -80.76395 28.8394, -80.763 28.83793, -80.76191 28.83611, -80.76036 28.83356, -80.75913 28.83167, -80.75765 28.82931, -80.7574 28.82888, -80.7565 28.82739, -80.75547 28.82574, -80.75433 28.82403, -80.75332 28.82225, -80.75299 28.82175, -80.75138 28.81924, -80.75008 28.81714, -80.74882 28.81515, -80.74849 28.81458, -80.74713 28.81254, -80.746 28.81088, -80.74496 28.80933, -80.74408 28.80794, -80.74386 28.80753, -80.74197 28.80462, -80.74025 28.802, -80.73921 28.80048, -80.73851 28.79941, -80.73773 28.79824, -80.73678 28.79685, -80.73597 28.79554, -80.73519 28.79438, -80.73454 28.79339, -80.73373 28.79223, -80.73297 28.7912))"
Cape Florida State Park,141,192,169,Miami-Dade,SE,42.5,0.25328294,5,425,2,MED,0.1,2.23606798,1,LOW,0.2,2.23606798,2,MED,0,0,NO,NO,"MULTILINESTRING ((-80.1553 25.68302, -80.15533 25.68293, -80.15532 25.68286, -80.1553 25.68278, -80.15529 25.68272, -80.15527 25.68266, -80.15524 25.68259, -80.15522 25.68254, -80.15519 25.68246, -80.15517 25.68242, -80.15514 25.68237, -80.15511 25.68231, -80.15508 25.68226, -80.15507 25.68222, -80.15506 25.68214, -80.15504 25.68207, -80.15503 25.68199, -80.15502 25.68191, -80.15501 25.68183, -80.155 25.68179, -80.15499 25.6817, -80.15498 25.68162, -80.15497 25.68157, -80.15496 25.68148, -80.15495 25.68145, -80.15494 25.68138, -80.15493 25.68132, -80.1549 25.68123, -80.15488 25.68115, -80.15485 25.6811, -80.15482 25.68102, -80.1548 25.68095, -80.15477 25.68088, -80.15474 25.68079, -80.15472 25.68073, -80.1547 25.68067, -80.15468 25.6806, -80.15466 25.68054, -80.15464 25.68046, -80.15461 25.68039, -80.15459 25.6803, -80.15458 25.68022, -80.15457 25.68015, -80.15456 25.68009, -80.15455 25.68003, -80.15454 25.67995, -80.15452 25.67988, -80.15451 25.67983, -80.1545 25.67977, -80.15448 25.6797, -80.15447 25.67962, -80.15446 25.67955, -80.15445 25.67948, -80.15444 25.67941, -80.15444 25.67933, -80.15443 25.67926, -80.15443 25.6792, -80.15443 25.67914, -80.15442 25.67907, -80.15442 25.67901, -80.15442 25.67894, -80.15441 25.67888, -80.1544 25.67884, -80.15439 25.67877, -80.15438 25.67871, -80.15437 25.67863, -80.15435 25.67856, -80.15433 25.67849, -80.15432 25.67843, -80.1543 25.67836, -80.15429 25.6783, -80.15428 25.67824, -80.15427 25.67818, -80.15426 25.67811, -80.15425 25.67803, -80.15424 25.67795, -80.15423 25.67786, -80.15422 25.6778, -80.15421 25.67772, -80.1542 25.67764, -80.15418 25.67755, -80.15417 25.67747, -80.15415 25.67738, -80.15414 25.67732, -80.15413 25.67726, -80.15412 25.6772, -80.1541 25.67713, -80.15408 25.67706, -80.15406 25.67698, -80.15404 25.6769, -80.15401 25.67683, -80.15399 25.67676, -80.15397 25.67668, -80.15395 25.67659, -80.15393 25.6765, -80.15393 25.67645, -80.15392 25.6764, -80.1539 25.6763, -80.1539 25.67625, -80.15389 25.6762, -80.15388 25.67615, -80.15388 25.67611, -80.15387 25.67603, -80.15386 25.67596, -80.15385 25.67588, -80.15384 25.67584, -80.15383 25.67576, -80.15381 25.67569, -80.15379 25.67561, -80.15377 25.67554, -80.15375 25.67547, -80.15372 25.6754, -80.15371 25.67535, -80.15369 25.6753, -80.15367 25.67525, -80.15365 25.6752, -80.15364 25.67516, -80.15361 25.67511, -80.15357 25.67502, -80.15354 25.67494, -80.15351 25.67487, -80.15348 25.67479, -80.15346 25.67475, -80.15343 25.6747, -80.15339 25.67464, -80.15337 25.67463, -80.15332 25.67459, -80.15326 25.67456, -80.15325 25.67454, -80.15324 25.67453, -80.15323 25.67451, -80.15321 25.67442, -80.15318 25.67434, -80.15317 25.67428, -80.15316 25.67422, -80.15315 25.67416, -80.15314 25.67408, -80.15313 25.674, -80.15313 25.67393, -80.15312 25.67387, -80.15311 25.6738, -80.15311 25.67373, -80.15309 25.67366, -80.15308 25.67359, -80.15307 25.67354, -80.15306 25.67346, -80.15304 25.67338, -80.15303 25.67332, -80.15301 25.67327, -80.153 25.6732, -80.15298 25.67314, -80.15296 25.67308, -80.15295 25.67303, -80.15292 25.67296, -80.1529 25.67288, -80.15288 25.67283, -80.15285 25.67275, -80.15284 25.6727, -80.15283 25.67264, -80.15283 25.67255, -80.15283 25.6725, -80.15284 25.67241, -80.15284 25.67237, -80.15283 25.67229, -80.15281 25.67221, -80.1528 25.67215, -80.15278 25.67208, -80.15277 25.67201, -80.15277 25.67197, -80.15278 25.67191, -80.15279 25.67188, -80.15282 25.67181, -80.15285 25.67174, -80.15288 25.67167, -80.1529 25.67161, -80.15293 25.67155, -80.15296 25.67147, -80.15298 25.67141, -80.15301 25.67134, -80.15304 25.67127, -80.15307 25.67121, -80.15309 25.67115, -80.15311 25.67108, -80.15312 25.67105, -80.15314 25.67098, -80.15316 25.67092, -80.15318 25.67084, -80.15319 25.6708, -80.1532 25.67071, -80.15321 25.67065, -80.15321 25.67058, -80.15321 25.67054, -80.15323 25.67049, -80.15325 25.67046, -80.15329 25.6704, -80.15335 25.67033, -80.15339 25.67028, -80.15344 25.67023, -80.15351 25.67017, -80.15353 25.67015, -80.15357 25.67011, -80.15362 25.67005, -80.15366 25.67, -80.1537 25.66993, -80.15375 25.66986, -80.15378 25.66979, -80.15381 25.66973, -80.15385 25.66965, -80.15388 25.66959, -80.15393 25.66952, -80.15397 25.66945, -80.15402 25.66938, -80.15407 25.66932, -80.15411 25.66926, -80.15416 25.6692, -80.15421 25.66912, -80.15424 25.66908, -80.15428 25.66904, -80.15431 25.66901, -80.15434 25.66897, -80.1544 25.6689, -80.15444 25.66885, -80.15448 25.66879, -80.15453 25.66873, -80.15459 25.66866, -80.15464 25.66859, -80.15468 25.66853, -80.15472 25.66848, -80.15476 25.66842, -80.1548 25.66836, -80.15484 25.66831, -80.15488 25.66824, -80.15493 25.66817, -80.15496 25.66812, -80.15501 25.66805, -80.15509 25.66792, -80.15516 25.66782, -80.1552 25.66775, -80.15531 25.66759, -80.15535 25.66753, -80.15541 25.66741, -80.15544 25.66736, -80.15548 25.6673, -80.15555 25.66717, -80.15558 25.66704, -80.1557 25.66685, -80.15583 25.66672))"
Cape Romano,55,40,14,Collier,SW,19.85,0.24202997,5,397,4,MED,0,999.999,0,not present,0,999.999,0,not present,0,0,NO,NO,"MULTILINESTRING ((-81.68685 25.85479, -81.687 25.8546, -81.68711 25.85436, -81.68714 25.85405, -81.68713 25.85383, -81.68709 25.85366, -81.68689 25.85343, -81.68669 25.85323, -81.68655 25.85301, -81.68649 25.85276, -81.68625 25.85237, -81.68607 25.85209, -81.68597 25.85192, -81.6858 25.85165, -81.68563 25.85141, -81.68543 25.85106, -81.68528 25.85082, -81.68516 25.8506, -81.68494 25.85034, -81.68477 25.85011, -81.68459 25.84991, -81.68447 25.84958, -81.68431 25.84929, -81.68406 25.84898, -81.68376 25.8487, -81.68352 25.84838, -81.68324 25.84816, -81.68282 25.84779, -81.68253 25.84754, -81.68217 25.84714, -81.6819 25.8467, -81.68168 25.84641, -81.68151 25.84616, -81.68132 25.84576, -81.68113 25.8455, -81.68106 25.84522, -81.68077 25.84503, -81.68051 25.84473, -81.68025 25.84448, -81.68003 25.84422, -81.67979 25.84403, -81.67959 25.844, -81.67939 25.84413, -81.6793 25.84433, -81.67923 25.84456, -81.67923 25.84487, -81.67919 25.84511, -81.67915 25.84535, -81.67919 25.84557, -81.67929 25.84581, -81.67936 25.84602, -81.67943 25.84626, -81.67943 25.84645, -81.67943 25.84665, -81.67943 25.84679, -81.67926 25.84705, -81.67922 25.84735, -81.67916 25.84759, -81.67906 25.84786, -81.67898 25.84809, -81.67872 25.8485, -81.67861 25.84872, -81.67845 25.84908, -81.67834 25.84932, -81.67812 25.84967, -81.67794 25.8499, -81.67769 25.85022, -81.67699 25.85107, -81.67662 25.85144, -81.67622 25.8518, -81.67589 25.8521, -81.67541 25.85252, -81.67485 25.85307, -81.67466 25.85335, -81.67446 25.85404, -81.67416 25.85484, -81.67384 25.85532, -81.67335 25.85592, -81.67296 25.85647, -81.67277 25.85677, -81.67255 25.85721, -81.67257 25.8576, -81.67256 25.85798, -81.67249 25.85823, -81.67248 25.85824), (-81.68992 25.8594, -81.69001 25.85935, -81.69012 25.85921, -81.6902 25.85895, -81.69022 25.8587, -81.69011 25.8585, -81.69008 25.85832, -81.69004 25.85819, -81.68996 25.858, -81.68992 25.85785, -81.68984 25.8577, -81.68973 25.85747, -81.68954 25.85726, -81.68942 25.85704, -81.68929 25.85674, -81.68922 25.85659, -81.68919 25.85641, -81.68906 25.85625, -81.68891 25.85612, -81.68847 25.85584, -81.68845 25.85578, -81.68832 25.85569, -81.6881 25.8556, -81.68793 25.85552, -81.68779 25.85543, -81.68737 25.85534, -81.68712 25.85533, -81.68678 25.85539), (-81.69683 25.8704, -81.69699 25.87042, -81.69707 25.87028, -81.69711 25.87006, -81.69705 25.8698, -81.6969 25.86959, -81.69678 25.86924, -81.69662 25.86889, -81.69636 25.86843, -81.69593 25.86785, -81.69557 25.86732, -81.69525 25.86689, -81.6949 25.86638, -81.69468 25.86599, -81.69452 25.86574, -81.69451 25.86548, -81.69438 25.86505, -81.69403 25.86459, -81.69389 25.86431, -81.69378 25.86413, -81.69363 25.86394, -81.69347 25.86351, -81.69306 25.86328, -81.693 25.86305, -81.69285 25.86298, -81.69264 25.8628, -81.69253 25.86269, -81.69246 25.86249, -81.69239 25.86227, -81.6924 25.86198, -81.69225 25.86163, -81.6922 25.86135, -81.69205 25.86107, -81.69189 25.86082, -81.69179 25.86055, -81.69172 25.86034, -81.69164 25.86015, -81.69156 25.86, -81.69143 25.85976, -81.69122 25.85958, -81.69098 25.8593), (-81.7162 25.90207, -81.71616 25.90181, -81.71616 25.9017, -81.71616 25.9016, -81.71613 25.9015, -81.71592 25.90129, -81.71564 25.90096, -81.7156 25.90093, -81.71559 25.9009, -81.71556 25.90066, -81.71543 25.90034, -81.71529 25.90003, -81.71512 25.89956, -81.71499 25.89921, -81.71485 25.89886, -81.71474 25.89851, -81.71466 25.89816, -81.71449 25.89778, -81.71436 25.89761, -81.71435 25.8976, -81.71434 25.89753, -81.7142 25.8974, -81.71396 25.89719, -81.71378 25.89703, -81.71352 25.89681, -81.71327 25.89664, -81.7131 25.89653, -81.71287 25.89637, -81.71257 25.89618, -81.71245 25.89609, -81.71227 25.89596, -81.71205 25.89576, -81.71193 25.89565, -81.71176 25.89552, -81.71162 25.89542, -81.71146 25.89531, -81.71116 25.89486, -81.70997 25.89261, -81.70971 25.8921, -81.70939 25.89159, -81.70937 25.89159, -81.70934 25.89153, -81.70924 25.89138, -81.7091 25.89113, -81.70897 25.89088, -81.7089 25.89069, -81.70881 25.8905, -81.70876 25.89032, -81.70867 25.89014, -81.70856 25.8899, -81.70848 25.88975, -81.70835 25.88955, -81.70827 25.88945, -81.70817 25.88922, -81.70812 25.88911, -81.70806 25.88903, -81.70791 25.88875, -81.70781 25.88857, -81.70772 25.88843, -81.70756 25.88823, -81.70754 25.88819, -81.70747 25.88803, -81.70737 25.88779, -81.70732 25.88762, -81.70717 25.88736, -81.70713 25.88732, -81.70711 25.8872, -81.70645 25.88596, -81.70547 25.88381, -81.70541 25.88336, -81.70542 25.88323, -81.70535 25.88294, -81.70532 25.88281, -81.70508 25.88264, -81.70494 25.88252, -81.70482 25.88244, -81.70482 25.88227, -81.70489 25.88205, -81.70474 25.88179, -81.70467 25.88173, -81.70447 25.88164, -81.70446 25.88159, -81.70444 25.88147, -81.70425 25.88138, -81.70417 25.88121, -81.70403 25.88114, -81.70402 25.881, -81.70391 25.88082, -81.70384 25.88071, -81.70377 25.88053, -81.70365 25.88029, -81.70354 25.88008, -81.70342 25.8799, -81.70328 25.87983, -81.70315 25.87954, -81.70309 25.87935, -81.70299 25.87911, -81.70283 25.87906, -81.70265 25.87893, -81.70252 25.87887, -81.70243 25.87875, -81.70237 25.87857, -81.70228 25.87839, -81.70229 25.87825, -81.70231 25.87821, -81.7023 25.87814, -81.70227 25.87806, -81.70179 25.87741, -81.70157 25.87712, -81.70134 25.87658, -81.701 25.87577, -81.70001 25.87365, -81.69904 25.87226, -81.69884 25.87207, -81.69864 25.87194, -81.69835 25.87176, -81.69811 25.87164, -81.69783 25.87154, -81.69762 25.8715, -81.69733 25.87139, -81.69705 25.87132, -81.6968 25.87126, -81.69659 25.87126, -81.69645 25.87133, -81.69629 25.87141, -81.69619 25.87148, -81.69609 25.8716, -81.69608 25.8716))"
Cape San Blas,169,146,153,Gulf,NW,3.504,0.69520161,5,184,10.5,HIGH,0,999.999,0,not present,0,999.999,0,not present,0,0,NO,NO,"MULTILINESTRING ((-85.3339 29.67611, -85.33241 29.67675, -85.33111 29.67733, -85.33036 29.67763, -85.32927 29.678, -85.32784 29.67852, -85.3259 29.67923, -85.3246 29.67959, -85.32321 29.68005, -85.32239 29.68033, -85.32167 29.68049, -85.32119 29.68061, -85.31993 29.68098, -85.31877 29.68132, -85.31714 29.68172, -85.31485 29.68222, -85.31257 29.68275, -85.31082 29.68303, -85.30979 29.68319, -85.30838 29.68335, -85.30638 29.68352, -85.30248 29.68388, -85.30091 29.68402, -85.30002 29.68408, -85.29838 29.68419, -85.29647 29.68417, -85.2952 29.68413, -85.29306 29.68419, -85.29123 29.68418, -85.28979 29.68417, -85.28891 29.6842, -85.28789 29.68417, -85.28629 29.68411, -85.28297 29.68403, -85.28042 29.68391, -85.27878 29.68374, -85.27811 29.68368, -85.27688 29.68356, -85.27463 29.68337, -85.27228 29.68312, -85.26896 29.68271, -85.26814 29.68257, -85.26738 29.68248, -85.26556 29.6822, -85.26418 29.68201, -85.26315 29.68185, -85.26206 29.68165, -85.2606 29.68142, -85.25917 29.68118, -85.25815 29.68107, -85.25681 29.6808, -85.25549 29.6806, -85.25303 29.68009, -85.24949 29.6793, -85.24797 29.67896, -85.24785 29.67893, -85.24705 29.67877, -85.2465 29.67865, -85.24557 29.67838, -85.24482 29.67811, -85.24359 29.67768, -85.24269 29.67731, -85.24226 29.677, -85.24203 29.67692, -85.24184 29.6768, -85.2412 29.67681, -85.24052 29.67674, -85.24022 29.67672, -85.23974 29.67675, -85.23899 29.67662, -85.23855 29.67662, -85.23825 29.67666, -85.23777 29.67665, -85.23732 29.6767, -85.23664 29.67678, -85.23585 29.67693, -85.23473 29.67714, -85.23355 29.67728, -85.23246 29.67735, -85.23169 29.67743, -85.231 29.67757, -85.23089 29.67764, -85.22993 29.67815, -85.22899 29.6787, -85.22879 29.67884, -85.22855 29.67897, -85.22823 29.67922, -85.22774 29.67955, -85.2277 29.6796, -85.22699 29.68028, -85.22605 29.68058, -85.22569 29.68082, -85.2254 29.68117, -85.22498 29.68141, -85.22441 29.68163, -85.22401 29.682, -85.2229 29.68256, -85.22239 29.68298, -85.2223 29.68309))"
Cape San Blas (AFB),49,61,58,Gulf,NW,8.25,0.34639638,5,198,4.8,HIGH,0,999.999,0,not present,0,999.999,0,not present,0,0,NO,NO,"MULTILINESTRING ((-85.3339 29.67611, -85.3351 29.67568, -85.33568 29.67541, -85.3369 29.6748, -85.33816 29.67419, -85.33904 29.67362, -85.34156 29.67229, -85.34368 29.67021, -85.34447 29.66983, -85.34514 29.66941, -85.34612 29.66895, -85.34709 29.66849, -85.34813 29.66801, -85.34862 29.66775, -85.34917 29.66752, -85.34957 29.66725, -85.35002 29.66708, -85.35052 29.66678, -85.35124 29.66659, -85.35132 29.66653, -85.35144 29.66664, -85.35162 29.66685, -85.35196 29.66705, -85.35255 29.66728, -85.35311 29.66761, -85.3536 29.6679, -85.35395 29.668, -85.35416 29.66807, -85.35435 29.66823, -85.35458 29.66838, -85.35484 29.66856, -85.35532 29.669, -85.35569 29.66916, -85.35621 29.66958, -85.35657 29.66988, -85.35686 29.67011, -85.35722 29.67035, -85.35753 29.67065, -85.35864 29.67167, -85.35964 29.67276, -85.36005 29.67323, -85.36073 29.67409, -85.36087 29.67437, -85.36117 29.67466, -85.36189 29.6755, -85.36242 29.67588, -85.36311 29.67654))"
Cape St. George,67,72,64,Franklin,NW,9.57,0.42580501,5,694,14.5,HIGH,0.096,1.85551215,7,LOW,0.014,2.23606798,1,LOW,0,0,NO,NO,"MULTILINESTRING ((-85.09733 29.62576, -85.09798 29.62503, -85.09804 29.62496, -85.09851 29.62388, -85.09851 29.62324, -85.09851 29.62306, -85.09819 29.62242, -85.09782 29.62208, -85.09692 29.62149, -85.09589 29.62084, -85.09452 29.61991, -85.09309 29.61921, -85.09056 29.61788, -85.08854 29.61691, -85.08844 29.61679, -85.08821 29.61668, -85.08781 29.61642, -85.0874 29.61627, -85.08695 29.616, -85.08651 29.61578, -85.08614 29.61557, -85.08583 29.61537, -85.08527 29.61509, -85.08482 29.61483, -85.08449 29.61462, -85.0841 29.61443, -85.08366 29.61421, -85.08335 29.61399, -85.08296 29.61383, -85.08269 29.61368, -85.08243 29.61344, -85.08205 29.61329, -85.0815 29.61299, -85.08104 29.61277, -85.08061 29.61245, -85.08014 29.61208, -85.0795 29.61174, -85.07896 29.61141, -85.07828 29.61098, -85.0777 29.61064, -85.07723 29.61036, -85.07707 29.6102, -85.07672 29.61001, -85.07639 29.60977, -85.07581 29.60945, -85.07552 29.60924, -85.07513 29.609, -85.07482 29.60881, -85.07433 29.60842, -85.07402 29.60818, -85.07377 29.60805, -85.07328 29.60773, -85.07313 29.60761, -85.07295 29.60751, -85.07262 29.60727, -85.07214 29.60695, -85.07161 29.60662, -85.07132 29.60636, -85.07089 29.60608, -85.07058 29.6058, -85.07013 29.60543, -85.0697 29.60511, -85.06929 29.60483, -85.06918 29.6047, -85.06887 29.60454, -85.06851 29.60426, -85.06816 29.60396, -85.06789 29.60375, -85.0675 29.60353, -85.06713 29.60318, -85.06684 29.60303, -85.06673 29.60295, -85.06657 29.60272, -85.06541 29.60183, -85.06466 29.6012, -85.06425 29.60095, -85.06409 29.60084, -85.06394 29.60067, -85.06386 29.60062, -85.06372 29.60047, -85.06345 29.60027, -85.06322 29.60015, -85.06306 29.59995, -85.06283 29.59982, -85.06259 29.59962, -85.06232 29.59939, -85.0622 29.59924, -85.06193 29.599, -85.06177 29.59887, -85.06162 29.59876, -85.06113 29.59845, -85.06095 29.59822, -85.0607 29.59806, -85.0605 29.59785, -85.06025 29.59765, -85.05992 29.59735, -85.0597 29.59717, -85.05929 29.5968, -85.05906 29.59658, -85.05883 29.59634, -85.05857 29.59618, -85.05832 29.59596, -85.0581 29.59576, -85.05773 29.59554, -85.05748 29.59533, -85.05732 29.59513, -85.05713 29.59489, -85.05705 29.59478, -85.05545 29.59345, -85.05349 29.59178, -85.05193 29.59055, -85.05193 29.59055, -85.05085 29.58985, -85.04963 29.58898, -85.04823 29.58828, -85.04687 29.58774, -85.04486 29.5873, -85.04417 29.58719, -85.04359 29.58718, -85.04307 29.58716, -85.04168 29.5874, -85.04068 29.58759, -85.03961 29.58787, -85.03948 29.58798, -85.03889 29.58817, -85.03797 29.58841, -85.03749 29.58859, -85.03726 29.5886, -85.0369 29.58867, -85.03615 29.58891, -85.03571 29.58905, -85.03508 29.58917, -85.03493 29.58928, -85.03445 29.5894, -85.03395 29.58959, -85.03353 29.58971, -85.03319 29.58984, -85.03271 29.58997, -85.03227 29.59011, -85.03179 29.59023, -85.03146 29.59031, -85.0314 29.59033, -85.03092 29.5905, -85.02969 29.59086, -85.02874 29.59124, -85.02798 29.59141, -85.02667 29.59179, -85.02581 29.59209, -85.02504 29.5923, -85.02469 29.5924, -85.02458 29.59243, -85.02373 29.5927, -85.02238 29.59308, -85.0215 29.59339, -85.02022 29.59369, -85.01882 29.59412, -85.01709 29.59468, -85.01516 29.59523, -85.01427 29.59547, -85.01361 29.59562, -85.01288 29.59582, -85.0122 29.59599, -85.01184 29.59615, -85.01117 29.5963, -85.01094 29.59637, -85.01052 29.59653, -85.01008 29.59667, -85.00972 29.59679, -85.00926 29.59693, -85.0091 29.59695, -85.00862 29.59711, -85.00711 29.59754, -85.00535 29.59808, -85.00398 29.59847, -85.00305 29.5987, -85.00177 29.59908, -85.00121 29.59928, -85.00102 29.59932, -85.00045 29.59946, -84.99975 29.59964, -84.99844 29.60002, -84.99645 29.60064, -84.99497 29.60121, -84.9937 29.60153, -84.99258 29.60197, -84.99203 29.60207, -84.99164 29.60224, -84.99116 29.60236, -84.99081 29.60247, -84.99041 29.60251, -84.98999 29.60271, -84.98961 29.60287, -84.98942 29.60295, -84.9886 29.60316, -84.98783 29.60346, -84.98688 29.60376, -84.98652 29.60391, -84.98594 29.60409, -84.98501 29.6044, -84.98417 29.60463, -84.98367 29.60484, -84.98317 29.60503, -84.98262 29.60524, -84.98197 29.60545, -84.98119 29.60564, -84.98035 29.60597, -84.97974 29.60616, -84.97947 29.60623, -84.97922 29.60635, -84.97889 29.60645, -84.97838 29.60668, -84.97759 29.60692, -84.97617 29.60735, -84.976 29.6074, -84.97415 29.60801, -84.97333 29.60827, -84.97181 29.60881, -84.97174 29.60883, -84.97097 29.6091, -84.96926 29.60973, -84.96787 29.61022, -84.96754 29.61029, -84.967 29.61047, -84.96616 29.61073, -84.96568 29.61092, -84.96515 29.61108, -84.9644 29.6113, -84.96371 29.61149, -84.96297 29.61168, -84.96293 29.61169, -84.96279 29.61179, -84.9624 29.61201, -84.96185 29.61221, -84.96117 29.61241, -84.96073 29.61248, -84.96029 29.61254, -84.96022 29.61254, -84.95976 29.61254, -84.95936 29.61247, -84.95925 29.61242))"
Captiva Island,65,87,54,Lee,CW,12.852,0.29874028,5,514,8,MED,0.076,1.47872727,3,LOW,0,999.999,0,not present,0,0,NO,NO,"MULTILINESTRING ((-82.20158 26.5513, -82.20129 26.55097, -82.20103 26.55051, -82.20076 26.55005, -82.2005 26.54964, -82.20036 26.54932, -82.20015 26.5489, -82.19986 26.54838, -82.19952 26.54793, -82.19914 26.54726, -82.19896 26.54672, -82.19866 26.54598, -82.19826 26.54517, -82.19791 26.54413, -82.19776 26.54367, -82.19752 26.54293, -82.19724 26.54201, -82.19697 26.5409, -82.19675 26.53973, -82.19644 26.53836, -82.19632 26.53775, -82.19619 26.53716, -82.19598 26.53611, -82.19576 26.5349, -82.19554 26.53371, -82.19538 26.53262, -82.19533 26.5321, -82.19519 26.53151, -82.19507 26.53094, -82.19496 26.53036, -82.1948 26.52941, -82.19457 26.52805, -82.19432 26.52665, -82.19426 26.52602, -82.19412 26.52544, -82.19398 26.52494, -82.19376 26.52391, -82.19347 26.52252, -82.19321 26.52122, -82.19306 26.52043, -82.19281 26.51929, -82.19243 26.51754, -82.19216 26.51602, -82.19207 26.51543, -82.19193 26.51466, -82.19097 26.51, -82.19082 26.50922, -82.19069 26.50872, -82.19059 26.50824, -82.19046 26.50781, -82.19038 26.50736, -82.19025 26.50686, -82.18998 26.50562, -82.18992 26.50522, -82.18985 26.50484, -82.1898 26.5045, -82.1897 26.50389, -82.18957 26.50356, -82.18941 26.50298, -82.18929 26.50237, -82.18919 26.50205, -82.18902 26.50146, -82.18893 26.50091, -82.18887 26.50048, -82.18868 26.49968, -82.18857 26.49932, -82.18841 26.49883, -82.18841 26.49852, -82.18828 26.4979, -82.18824 26.49753, -82.18814 26.49722, -82.18803 26.49699, -82.18797 26.49675, -82.18787 26.49637, -82.18768 26.49567, -82.18764 26.4953, -82.18754 26.49482, -82.18742 26.49409, -82.18719 26.49309, -82.18702 26.4924, -82.18671 26.49143, -82.18653 26.49069, -82.18629 26.48991, -82.18605 26.48924, -82.18593 26.48881, -82.18581 26.48845, -82.18567 26.48808, -82.18555 26.48771, -82.1853 26.48696, -82.18517 26.4866, -82.18497 26.48585, -82.18477 26.48528, -82.18464 26.48492, -82.18453 26.48455, -82.18443 26.48424, -82.18421 26.48363, -82.18391 26.48326, -82.18375 26.48272))"
Carrabelle,176,118,140,Franklin,NW,0.13,999.999,1,1,8,LOW,0,999.999,0,not present,0,999.999,0,not present,0,0,NO,NO,"MULTILINESTRING ((-84.76198 29.78862, -84.76193 29.78853, -84.76179 29.78846, -84.76148 29.78845, -84.76118 29.78837, -84.7608 29.7882, -84.76064 29.78808, -84.76028 29.78789, -84.76002 29.78777, -84.75969 29.78764, -84.75951 29.78759, -84.75925 29.78754, -84.75892 29.78746, -84.7587 29.78741, -84.75843 29.78742, -84.75801 29.78749, -84.75759 29.78758, -84.75707 29.78769, -84.75649 29.78785, -84.75607 29.78797, -84.75584 29.78806, -84.75561 29.78817, -84.75523 29.78834, -84.75511 29.78839, -84.75485 29.7885, -84.7545 29.78863, -84.75416 29.78881, -84.754 29.78889, -84.75386 29.78899, -84.75374 29.78912, -84.75363 29.78926, -84.75348 29.78941, -84.75326 29.78955, -84.7531 29.78976, -84.75294 29.78989, -84.75277 29.79002, -84.7526 29.79022, -84.75241 29.79046, -84.75213 29.7906, -84.75193 29.79071, -84.75171 29.79088, -84.75155 29.79106, -84.75141 29.7913, -84.75121 29.79155, -84.75087 29.79182, -84.75061 29.7921, -84.75045 29.7923, -84.75021 29.79255, -84.74998 29.79286, -84.74974 29.79309, -84.74941 29.79323, -84.74928 29.79332, -84.74919 29.79339, -84.74885 29.79375, -84.74851 29.79412, -84.74817 29.79444, -84.74793 29.79463, -84.74767 29.79483, -84.74745 29.79504, -84.74716 29.79532, -84.7466 29.79581, -84.74623 29.79611, -84.74569 29.79661, -84.74539 29.79687, -84.74509 29.79708, -84.74487 29.79723, -84.74472 29.79738, -84.74454 29.79755, -84.74437 29.79771, -84.74422 29.79787, -84.74407 29.79806, -84.74368 29.79835, -84.74325 29.79867, -84.74295 29.79889, -84.74271 29.79911, -84.74248 29.79932, -84.74226 29.79952, -84.74185 29.79984, -84.7415 29.80011, -84.74116 29.8004, -84.7409 29.80057, -84.74038 29.80093, -84.73994 29.80126, -84.73957 29.80152, -84.73922 29.80181, -84.73884 29.80208, -84.73851 29.80232, -84.73835 29.80243, -84.73762 29.80296, -84.73739 29.80316, -84.737 29.8034, -84.73658 29.80368, -84.73621 29.80397, -84.73595 29.80409, -84.73506 29.80457, -84.73418 29.80493, -84.73331 29.8053, -84.7328 29.80557, -84.73233 29.80567, -84.73194 29.80576, -84.73163 29.80593, -84.7311 29.80618, -84.73081 29.80634, -84.73056 29.80644, -84.73012 29.80657, -84.72978 29.8067, -84.72951 29.80673, -84.72903 29.80683, -84.72859 29.80681, -84.72848 29.80676, -84.72832 29.80669, -84.72811 29.80661, -84.7278 29.80662, -84.72762 29.80666, -84.72743 29.80676, -84.72718 29.8068, -84.72696 29.80681, -84.72666 29.8069, -84.72651 29.80698, -84.72637 29.80704, -84.72629 29.80716, -84.72619 29.80725, -84.72601 29.80744, -84.72574 29.80766, -84.72551 29.80788, -84.72526 29.80811, -84.725 29.80839, -84.72463 29.80866, -84.72422 29.80902, -84.72392 29.80926, -84.72367 29.80939, -84.72351 29.8095, -84.72342 29.80959, -84.72312 29.80992, -84.7228 29.8101, -84.72228 29.81042, -84.72193 29.81063, -84.72173 29.81068, -84.72155 29.81081, -84.7214 29.81094, -84.72124 29.81107, -84.72089 29.81126, -84.72053 29.81147, -84.72026 29.81166, -84.72024 29.81175, -84.71994 29.812, -84.71954 29.8122, -84.71931 29.81244, -84.71898 29.81262, -84.71861 29.81289, -84.7184 29.81299, -84.71793 29.81324, -84.71758 29.81343, -84.71745 29.81356, -84.71714 29.81386, -84.71678 29.81411, -84.71625 29.81445, -84.71594 29.81469, -84.71542 29.81504, -84.71511 29.81524, -84.71496 29.81535, -84.71475 29.81548, -84.71453 29.81565, -84.71427 29.81585, -84.71391 29.81606, -84.7138 29.81624, -84.71363 29.81631, -84.71339 29.81658, -84.71302 29.81686, -84.71237 29.81734, -84.7122 29.81745, -84.71189 29.81771, -84.71167 29.8179, -84.71141 29.81812, -84.71117 29.81827, -84.71078 29.81844, -84.71052 29.81852, -84.71009 29.81887, -84.70986 29.81913, -84.70951 29.81924, -84.70915 29.81951, -84.70889 29.81973, -84.70864 29.81988, -84.70853 29.81995, -84.7085 29.82, -84.70835 29.82008, -84.70823 29.82021, -84.70805 29.8204, -84.70733 29.8209, -84.7068 29.82123, -84.70638 29.82154, -84.70588 29.82189, -84.70539 29.82219, -84.70497 29.82246, -84.70459 29.82268, -84.7041 29.82306, -84.70351 29.82336, -84.7028 29.8238, -84.70231 29.82414, -84.7016 29.82458, -84.70059 29.82507, -84.69955 29.82554, -84.69858 29.82596, -84.69803 29.82621, -84.69728 29.82655, -84.69698 29.82669, -84.69481 29.82769, -84.69288 29.82851, -84.69106 29.82923, -84.6902 29.82957, -84.68945 29.8298, -84.68808 29.83016, -84.68637 29.83053, -84.68493 29.83072, -84.68352 29.83083, -84.68234 29.83089, -84.68204 29.83089, -84.68172 29.83088, -84.68141 29.83086, -84.68113 29.83085, -84.6808 29.8308, -84.68036 29.83073, -84.68005 29.83069, -84.67968 29.83062, -84.67947 29.83057, -84.67932 29.83054, -84.6791 29.83049, -84.67867 29.83043, -84.67838 29.83036, -84.67811 29.8303, -84.67789 29.83027, -84.67773 29.83032, -84.67739 29.83034, -84.67699 29.83027, -84.67674 29.83028, -84.67644 29.83036, -84.67608 29.83037, -84.67573 29.83034, -84.67533 29.83031, -84.6751 29.83032, -84.67488 29.83038, -84.67477 29.83054, -84.67471 29.83069, -84.67465 29.83085, -84.67463 29.83102, -84.67467 29.83129, -84.67488 29.83145, -84.67488 29.83152, -84.67486 29.83171, -84.67485 29.83184, -84.67485 29.83192, -84.67485 29.83213, -84.67486 29.83236, -84.67492 29.83252, -84.67494 29.83259, -84.67497 29.83269))"
Casey Key,160,160,113,Sarasota,CW,70.728,0.31730547,5,4173,11.8,HIGH,0.678,0.62352933,40,MED,0,999.999,0,not present,0,2,NO,YES,"MULTILINESTRING ((-82.51213 27.20842, -82.51207 27.20833, -82.51195 27.20812, -82.51138 27.20705, -82.51086 27.20608, -82.51023 27.205, -82.50976 27.20426, -82.5093 27.2035, -82.50894 27.20282, -82.50841 27.20198, -82.50807 27.20136, -82.50767 27.20059, -82.50734 27.19999, -82.50707 27.1994, -82.5069 27.19875, -82.50636 27.19768, -82.50599 27.19688, -82.50562 27.19612, -82.50533 27.19554, -82.50512 27.19514, -82.50487 27.19465, -82.50474 27.19439, -82.50452 27.19387, -82.50415 27.19303, -82.50376 27.19216, -82.50347 27.19151, -82.50304 27.1906, -82.50278 27.18991, -82.50258 27.18944, -82.50237 27.18898, -82.50204 27.18826, -82.50176 27.18748, -82.50167 27.1872, -82.50172 27.18714, -82.50171 27.18711, -82.50165 27.18674, -82.5016 27.18658, -82.50153 27.18657, -82.50121 27.18564, -82.5009 27.18481, -82.50055 27.18399, -82.5002 27.18301, -82.49986 27.18186, -82.49977 27.18152, -82.49946 27.18067, -82.49906 27.17967, -82.49853 27.17845, -82.49789 27.17709, -82.49757 27.17628, -82.4967 27.17464, -82.49565 27.17279, -82.49484 27.17151, -82.49422 27.17037, -82.49355 27.1694, -82.49325 27.16894, -82.49303 27.16861, -82.49237 27.16765, -82.49156 27.16636, -82.491 27.16558, -82.49088 27.16539, -82.49041 27.16474, -82.49009 27.16431, -82.48998 27.16413, -82.48961 27.16345, -82.48883 27.16222, -82.48835 27.16145, -82.48781 27.16059, -82.48742 27.16006, -82.487 27.15945, -82.48675 27.15907, -82.4866 27.15882, -82.48577 27.15758, -82.48493 27.15613, -82.48433 27.15514, -82.48374 27.15423, -82.4836 27.15401, -82.48251 27.15213, -82.48147 27.15036, -82.48092 27.14935, -82.48079 27.14911, -82.47832 27.14425, -82.47775 27.14293, -82.47689 27.14101, -82.47598 27.13888, -82.47594 27.13852, -82.47568 27.13794, -82.475 27.13605, -82.4746 27.13491, -82.4736 27.13227, -82.47332 27.1315, -82.47326 27.13096, -82.47272 27.12944, -82.4724 27.12811, -82.4722 27.12744, -82.47197 27.12647, -82.47191 27.12625, -82.47163 27.12501, -82.47113 27.12336, -82.471 27.12287, -82.47063 27.12129, -82.46994 27.11887, -82.46989 27.11862, -82.46972 27.11809, -82.46929 27.11624, -82.46873 27.11416, -82.46866 27.11329))"
Cayo Costa State Park,168,139,114,Lee,CW,20.648,0.31078611,5,1208,11.7,MED,0.292,0.84284155,17,MED,0,999.999,0,not present,0,0,NO,NO,"MULTILINESTRING ((-82.25055 26.70764, -82.2507 26.70744, -82.25096 26.70733, -82.25127 26.70721, -82.25165 26.70699, -82.25192 26.70677, -82.25236 26.70651, -82.25334 26.70594, -82.25393 26.70562, -82.25443 26.7053, -82.25499 26.70485, -82.25558 26.70418, -82.25586 26.70341, -82.25597 26.70267, -82.25608 26.70203, -82.25615 26.7014, -82.25629 26.7008, -82.25634 26.69945, -82.2564 26.69796, -82.25637 26.69716, -82.25645 26.69587, -82.25641 26.69548, -82.25647 26.6941, -82.25655 26.69251, -82.25678 26.69101, -82.25707 26.69018, -82.25751 26.68906, -82.25793 26.68817, -82.25865 26.68702, -82.25933 26.68645, -82.25998 26.68582, -82.26083 26.68498, -82.26204 26.68317, -82.26234 26.68267, -82.2621 26.68198, -82.26214 26.68105, -82.26238 26.68032, -82.26248 26.67993, -82.26262 26.67944, -82.26291 26.67884, -82.26305 26.67856, -82.2632 26.67832, -82.26357 26.67813, -82.26364 26.67805, -82.26332 26.67805, -82.2629 26.67784, -82.26247 26.67738, -82.26213 26.67688, -82.26154 26.67607, -82.26077 26.67529, -82.25982 26.67443, -82.25955 26.67415, -82.25926 26.67391, -82.25898 26.6737, -82.25843 26.67337, -82.25822 26.67289, -82.25794 26.67246, -82.25753 26.67204, -82.25712 26.67153, -82.25671 26.67105, -82.2561 26.67033, -82.25523 26.66923, -82.2546 26.66835, -82.25402 26.66764, -82.25338 26.66716, -82.25265 26.66658, -82.25193 26.66583, -82.25113 26.66494, -82.25057 26.66411, -82.25014 26.66358, -82.24948 26.66259, -82.24903 26.6619, -82.24888 26.6615, -82.24862 26.66119, -82.24827 26.66066, -82.24802 26.66033, -82.2477 26.65963, -82.24736 26.65893, -82.24686 26.65807, -82.2463 26.65705, -82.24581 26.65615, -82.24533 26.6554, -82.24484 26.65451, -82.24438 26.65366, -82.24382 26.65247, -82.24331 26.6515, -82.243 26.65089, -82.24246 26.64976, -82.24209 26.64894, -82.24174 26.64812, -82.24146 26.64744, -82.24103 26.64666, -82.24074 26.64596, -82.24048 26.64546, -82.24035 26.64511, -82.24011 26.64454, -82.23964 26.64389, -82.23901 26.64312, -82.23844 26.64239, -82.23797 26.64172, -82.23778 26.64134, -82.23747 26.64056, -82.23722 26.63984, -82.23701 26.63955, -82.23674 26.63906, -82.23645 26.63857, -82.23622 26.63824, -82.23589 26.63805, -82.2354 26.63765, -82.23519 26.63747, -82.23467 26.63716, -82.23427 26.63691, -82.2335 26.63642, -82.23272 26.63567, -82.23209 26.63498, -82.23155 26.63443, -82.23111 26.63383, -82.2307 26.63324, -82.22977 26.63181, -82.22915 26.63062, -82.22857 26.62938, -82.22813 26.62838, -82.22782 26.62774, -82.22747 26.62675, -82.22714 26.62565, -82.22692 26.6249, -82.22662 26.62398, -82.22638 26.62337, -82.22618 26.6226, -82.22605 26.62221, -82.22594 26.62172, -82.22576 26.62124, -82.22546 26.62046, -82.22527 26.62, -82.22511 26.61915, -82.22487 26.61825, -82.22461 26.61735, -82.22443 26.61686, -82.22427 26.61634, -82.22409 26.61582, -82.22403 26.61542, -82.22374 26.61495, -82.22353 26.61419, -82.22328 26.61379, -82.22298 26.61352, -82.22252 26.61319, -82.2223 26.61312))"
Central Brevard County,215,212,213,Brevard,CE,285.384,0.27767254,5,27825,19.5,HIGH,37.336,0.9909715,3640,HIGH,0.77,0.30951624,75,MED,0,0,NO,NO,"MULTILINESTRING ((-80.59675 28.21268, -80.59675 28.2124, -80.59649 28.21083, -80.59604 28.20787, -80.59529 28.20207, -80.59451 28.19805, -80.59381 28.19453, -80.59285 28.19019, -80.59253 28.1885, -80.59144 28.18418, -80.59091 28.18241, -80.59071 28.18167, -80.59051 28.1809, -80.58987 28.17819, -80.58959 28.17729, -80.58848 28.17274, -80.58817 28.17172, -80.58771 28.16977, -80.58629 28.16424, -80.58486 28.15869, -80.58464 28.15766, -80.58314 28.15193, -80.58295 28.15107, -80.58153 28.14524, -80.58006 28.13993, -80.57837 28.13386, -80.57743 28.13028, -80.57719 28.12931, -80.57472 28.12053, -80.57436 28.11955, -80.57368 28.11722, -80.57317 28.11544, -80.57296 28.11463, -80.57188 28.11132, -80.57148 28.11002, -80.57094 28.1082, -80.57059 28.10701, -80.5702 28.10598, -80.5695 28.10369, -80.56883 28.10187, -80.56868 28.10141, -80.56578 28.09312, -80.56431 28.08891, -80.56307 28.08542, -80.56184 28.08198, -80.56003 28.07741, -80.55971 28.07651, -80.55864 28.07398, -80.55819 28.07282, -80.55641 28.06858, -80.55562 28.06672, -80.55509 28.06549, -80.55348 28.06186, -80.55222 28.05911, -80.55081 28.05588, -80.5486 28.05078, -80.54565 28.04436, -80.54532 28.04335))"
Clam Pass Park,42,14,9,Collier,SW,26.714,0.31335068,5,187,1.4,HIGH,0,999.999,0,not present,0,999.999,0,not present,0,0,NO,NO,"MULTILINESTRING ((-81.81752 26.21958, -81.81766 26.21952, -81.81777 26.21933, -81.81779 26.21909, -81.8178 26.21889, -81.81781 26.21863, -81.8178 26.21842, -81.8178 26.21834, -81.81773 26.21802, -81.81768 26.21767, -81.81762 26.21734, -81.81757 26.21711, -81.81758 26.21678, -81.81758 26.21647, -81.81757 26.21629, -81.81748 26.21482, -81.81738 26.2141, -81.81726 26.21333, -81.81721 26.21256, -81.81711 26.21181, -81.81705 26.21118, -81.817 26.21093))"
Clarence Higgs Beach (Key West),29,15,39,Monroe,SE,1.176,2.23606798,5,1,0.32,LOW,0,999.999,0,not present,0,999.999,0,not present,0,0,NO,NO,"MULTILINESTRING ((-81.78855 24.5469, -81.78839 24.54692, -81.78836 24.54693, -81.78798 24.54691, -81.78756 24.54689, -81.7874 24.5469, -81.78728 24.54695, -81.78718 24.54705, -81.78708 24.54705, -81.78703 24.54703))"
Cocoa Beach,166,194,202,Brevard,CE,33.502,0.27631577,5,1206,7.2,LOW,0.14,1.22474487,5,MED,0.224,0.55901699,8,MED,0,0,NO,NO,"MULTILINESTRING ((-80.60236 28.36553, -80.60247 28.36488, -80.60265 28.36394, -80.60271 28.36341, -80.60282 28.36286, -80.60295 28.36209, -80.60299 28.3616, -80.6031 28.36112, -80.60339 28.35922, -80.60354 28.3581, -80.60374 28.35672, -80.60397 28.35541, -80.60411 28.35434, -80.60452 28.35119, -80.60463 28.3505, -80.60466 28.34991, -80.60472 28.34929, -80.60485 28.34836, -80.60505 28.34654, -80.60522 28.345, -80.60531 28.34431, -80.60535 28.34369, -80.60539 28.34307, -80.60546 28.34251, -80.60551 28.34203, -80.60554 28.34151, -80.60566 28.34024, -80.60587 28.33824, -80.60592 28.33691, -80.6061 28.33549, -80.6062 28.33465, -80.60634 28.33375, -80.6064 28.33219, -80.60656 28.33049, -80.60659 28.32977, -80.60666 28.32899, -80.60671 28.32845, -80.60674 28.32787, -80.60678 28.32774, -80.60685 28.32638, -80.60695 28.32473, -80.60702 28.32364, -80.60709 28.32276, -80.60712 28.32187, -80.60714 28.32103, -80.60724 28.31921, -80.60731 28.31737, -80.60743 28.3157, -80.60742 28.31476, -80.60744 28.31419, -80.60746 28.31338, -80.60748 28.3127, -80.6075 28.31165, -80.60751 28.30959, -80.60747 28.30879, -80.60749 28.30825, -80.60749 28.30759, -80.60749 28.3066, -80.60747 28.30492, -80.60734 28.30283, -80.60727 28.30153, -80.60727 28.30143))"
Coral Cove Park,99,90,89,Palm Beach,SE,890.664,0.25787389,5,1336,0.3,HIGH,279.332,0.44066472,419,HIGH,10.666,1.23818885,16,HIGH,0,0,NO,NO,"MULTILINESTRING ((-80.07873 26.96452, -80.0786 26.96415, -80.07848 26.9639, -80.0784 26.96365, -80.07823 26.96336, -80.07801 26.96288, -80.07792 26.96268, -80.07779 26.9625, -80.07767 26.96226, -80.07763 26.9621))"
Deer Lake State Park,107,23,10,Walton,NW,1.554,0.63887656,5,7,0.9,MED,0,999.999,0,not present,0,999.999,0,not present,0,0,NO,NO,"MULTILINESTRING ((-86.08485 30.30201, -86.08457 30.30191, -86.08386 30.30165, -86.08324 30.30145, -86.08263 30.30122, -86.08236 30.30105, -86.08193 30.30088, -86.08153 30.30076, -86.08146 30.3007, -86.0812 30.3006, -86.08112 30.30056, -86.08087 30.30046, -86.08066 30.30036, -86.0801 30.30019, -86.07959 30.30001, -86.0792 30.29983, -86.07881 30.29964, -86.07839 30.29944, -86.07794 30.29931, -86.07749 30.29915, -86.07735 30.29911))"
Deerfield/Hillsboro Beach,162,147,135,Broward,SE,124.8,0.21282445,5,4368,7,MED,23.828,0.59985898,834,HIGH,1.714,0.66296559,60,MED,0,0,NO,NO,"MULTILINESTRING ((-80.07463 26.321, -80.07463 26.321, -80.07482 26.3194, -80.07504 26.31799, -80.07514 26.31687, -80.07567 26.31263, -80.07558 26.31187, -80.07569 26.30986, -80.07595 26.30841, -80.07616 26.30599, -80.07644 26.30505, -80.07669 26.30209, -80.07713 26.30016, -80.07748 26.29562, -80.07767 26.29428, -80.07772 26.29377, -80.07773 26.29315, -80.07765 26.29258, -80.07764 26.29214, -80.07772 26.29129, -80.07788 26.29049, -80.07827 26.28536, -80.07847 26.28378, -80.07849 26.28337, -80.07855 26.28271, -80.07865 26.28166, -80.07878 26.28057, -80.07886 26.2801, -80.07891 26.2795, -80.07894 26.27914, -80.07897 26.27869, -80.07897 26.27822, -80.07897 26.27766, -80.07902 26.2771, -80.07944 26.27269, -80.07953 26.26982, -80.07971 26.26813, -80.07973 26.26739, -80.07977 26.2667, -80.08017 26.25894, -80.08019 26.25861))"
Delray Beach,111,121,170,Palm Beach,SE,33.868,0.20286777,5,762,4.5,MED,6.356,0.57815755,143,MED,1.598,0.37267946,36,MED,0,0,NO,NO,"MULTILINESTRING ((-80.05518 26.47584, -80.05521 26.47563, -80.05547 26.47388, -80.05562 26.47284, -80.05563 26.47275, -80.0557 26.47233, -80.05578 26.47156, -80.0558 26.47141, -80.05593 26.47067, -80.05605 26.4703, -80.05609 26.46988, -80.05619 26.4694, -80.05629 26.46892, -80.05634 26.46854, -80.0564 26.46823, -80.05644 26.46785, -80.05645 26.46745, -80.05649 26.46716, -80.05664 26.46688, -80.05676 26.46632, -80.05682 26.4659, -80.05684 26.46543, -80.05703 26.46408, -80.05728 26.46285, -80.05774 26.46065, -80.0583 26.4566, -80.05845 26.45466, -80.05868 26.45248, -80.05911 26.4488, -80.05937 26.44716, -80.05968 26.44584, -80.05988 26.44511, -80.05992 26.44435, -80.06002 26.44402, -80.06006 26.4437, -80.06021 26.44331, -80.06045 26.44114, -80.06067 26.44012, -80.06067 26.43996, -80.0608 26.43833, -80.06129 26.4349, -80.06148 26.43401, -80.06168 26.43212))"
Dog Island,125,109,141,Franklin,NW,1.07,999.999,1,13,12.1,MED,0,999.999,0,not present,0,999.999,0,not present,0,0,NO,NO,"MULTILINESTRING ((-84.67447 29.78656, -84.67451 29.7865, -84.67455 29.78634, -84.67457 29.78618, -84.67458 29.78606, -84.67452 29.78548, -84.67448 29.7851, -84.67443 29.78455, -84.6744 29.78413, -84.67435 29.78351, -84.67434 29.78309, -84.67427 29.78254, -84.67422 29.78205, -84.67412 29.78165, -84.67411 29.7815, -84.67407 29.78127, -84.67407 29.78102, -84.67408 29.78083, -84.67397 29.78064, -84.67387 29.78056, -84.67378 29.78042, -84.67366 29.78035, -84.67361 29.78032, -84.67334 29.78019, -84.67309 29.78006, -84.67288 29.77995, -84.67264 29.77978, -84.67241 29.77961, -84.67225 29.77948, -84.6721 29.77933, -84.67201 29.77921, -84.6719 29.77907, -84.67181 29.77896, -84.67167 29.77882, -84.67152 29.77869, -84.67133 29.77857, -84.67122 29.77846, -84.67107 29.77839, -84.67066 29.77815, -84.67029 29.77801, -84.6698 29.77792, -84.6692 29.77788, -84.66855 29.77788, -84.6679 29.77794, -84.6672 29.77801, -84.66672 29.77801, -84.6663 29.77803, -84.66565 29.77813, -84.6654 29.77817, -84.66514 29.77827, -84.66425 29.77845, -84.66335 29.77862, -84.66207 29.7789, -84.66087 29.77916, -84.65971 29.7794, -84.65834 29.77968, -84.6574 29.77996, -84.65659 29.78012, -84.65603 29.78026, -84.65554 29.78038, -84.65535 29.78044, -84.65468 29.78056, -84.65407 29.78067, -84.65354 29.78078, -84.65312 29.78085, -84.65258 29.78096, -84.6522 29.78103, -84.65186 29.78108, -84.65138 29.78119, -84.65099 29.78128, -84.6508 29.78135, -84.6504 29.78148, -84.64981 29.78173, -84.64912 29.78194, -84.64844 29.78216, -84.64792 29.78231, -84.64737 29.78254, -84.64695 29.78266, -84.64655 29.78284, -84.646 29.78299, -84.64566 29.78314, -84.64542 29.78318, -84.64473 29.78338, -84.64375 29.78369, -84.64234 29.78407, -84.64156 29.78432, -84.64005 29.78471, -84.63934 29.78492, -84.6387 29.78504, -84.63785 29.78527, -84.63633 29.7857, -84.63554 29.7859, -84.63535 29.78595, -84.63464 29.78618, -84.63388 29.78638, -84.6325 29.78676, -84.63104 29.78712, -84.62987 29.78739, -84.62875 29.78772, -84.62732 29.78804, -84.62658 29.78823, -84.62611 29.78831, -84.62545 29.78844, -84.62417 29.78887, -84.62325 29.78923, -84.62208 29.78962, -84.62194 29.78971, -84.6217 29.78976, -84.62113 29.78999, -84.62069 29.79018, -84.61983 29.79042, -84.61926 29.7907, -84.61852 29.79104, -84.61805 29.79123, -84.61721 29.79159, -84.61677 29.79182, -84.61624 29.79209, -84.61556 29.79238, -84.6151 29.79259, -84.61474 29.79275, -84.61459 29.79286, -84.61439 29.79291, -84.614 29.79312, -84.61346 29.79331, -84.61303 29.79354, -84.61285 29.79357, -84.61261 29.79368, -84.61221 29.79387, -84.61185 29.79401, -84.61126 29.7942, -84.61076 29.79445, -84.61031 29.79467, -84.60978 29.79496, -84.60928 29.79516, -84.60907 29.79525, -84.60879 29.79543, -84.60852 29.79551, -84.6082 29.79569, -84.60804 29.79569, -84.60789 29.79572, -84.60713 29.79609, -84.60666 29.79628, -84.60621 29.79652, -84.60591 29.79664, -84.60547 29.79683, -84.60506 29.79692, -84.60489 29.79703, -84.60445 29.79719, -84.60395 29.79738, -84.60359 29.79755, -84.6031 29.79769, -84.60251 29.79788, -84.60226 29.79802, -84.60208 29.79804, -84.60187 29.79814, -84.60171 29.79821, -84.60159 29.79823, -84.60112 29.79837, -84.60058 29.79861, -84.59997 29.79876, -84.59976 29.79886, -84.59976 29.79886, -84.59955 29.79896, -84.59938 29.79903, -84.59923 29.79901, -84.59897 29.79909, -84.59883 29.79914, -84.59869 29.79924, -84.59843 29.79928, -84.59805 29.7994, -84.59759 29.79961, -84.59702 29.7998, -84.59649 29.79999, -84.59614 29.80011, -84.59567 29.80038, -84.59519 29.80059, -84.59468 29.80076, -84.59422 29.80095, -84.59375 29.80114, -84.59329 29.80141, -84.59278 29.80162, -84.59272 29.80165, -84.59248 29.80174, -84.59228 29.80185, -84.59209 29.80195, -84.59175 29.80213, -84.59145 29.80229, -84.5913 29.80237, -84.5909 29.80255, -84.59062 29.80267, -84.59022 29.80291, -84.58996 29.80303, -84.58937 29.80327, -84.58889 29.80341, -84.58792 29.80386, -84.58761 29.80401, -84.58708 29.80417, -84.5868 29.80428, -84.5866 29.80436, -84.58614 29.80455, -84.58576 29.80478, -84.58531 29.80498, -84.58479 29.80519, -84.58449 29.80525, -84.58407 29.80539, -84.58342 29.8056, -84.58285 29.80579, -84.58222 29.80601, -84.58174 29.80615, -84.58151 29.80619, -84.58137 29.80624, -84.58087 29.80646, -84.58035 29.80664, -84.58012 29.80676, -84.5799 29.80687, -84.57933 29.8071, -84.57894 29.80742, -84.57875 29.80776, -84.57867 29.80794, -84.57849 29.80815, -84.57832 29.80849, -84.57812 29.80863, -84.57792 29.80892, -84.57787 29.80899, -84.57754 29.80938, -84.57748 29.80953, -84.57731 29.80978, -84.57706 29.81009, -84.57683 29.8104, -84.57637 29.81091, -84.57616 29.81116, -84.57594 29.81134, -84.57582 29.81159, -84.57566 29.81194, -84.57543 29.81219, -84.57517 29.81262, -84.57475 29.81321, -84.57433 29.81382, -84.57401 29.81421, -84.57367 29.81469, -84.57295 29.81574, -84.57273 29.8162, -84.57244 29.81674, -84.57222 29.81712, -84.57222 29.81712, -84.57215 29.81721, -84.57185 29.81796, -84.5716 29.81845, -84.57149 29.81904, -84.5714 29.82107, -84.57145 29.82159, -84.57138 29.82225, -84.57139 29.82284, -84.57135 29.82341, -84.57136 29.82376, -84.57137 29.82405, -84.57132 29.82607, -84.57135 29.82626, -84.57143 29.82654, -84.57151 29.8271, -84.57163 29.82746, -84.57165 29.82796, -84.57167 29.82819, -84.57168 29.82833, -84.57187 29.82889, -84.57204 29.82932, -84.57211 29.82951, -84.57219 29.82976, -84.5723 29.82997, -84.57255 29.83016, -84.57285 29.83029, -84.57325 29.83061, -84.5735 29.83081, -84.57379 29.83101, -84.574 29.83122, -84.57417 29.83141, -84.57426 29.83146))"
Don Pedro Island,131,114,82,Charlotte,CW,44.526,0.40482109,5,1358,6.1,HIGH,1.18,1.08707708,36,MED,0,999.999,0,not present,0,0,NO,NO,"MULTILINESTRING ((-82.33857 26.89836, -82.3388 26.89817, -82.339 26.89778, -82.33918 26.89738, -82.33918 26.89691, -82.33949 26.89608, -82.34001 26.89488, -82.34015 26.89392, -82.34023 26.89316, -82.34016 26.89256, -82.34 26.89172, -82.33973 26.89115, -82.33955 26.8906, -82.3393 26.89018, -82.33919 26.88936, -82.33889 26.88888, -82.33878 26.88859, -82.33866 26.88832, -82.33827 26.88808, -82.3379 26.8878, -82.33749 26.88746, -82.33706 26.88708, -82.33691 26.8869, -82.33673 26.88673, -82.33659 26.88655, -82.33633 26.8862, -82.33604 26.88591, -82.33571 26.8856, -82.33541 26.88524, -82.33524 26.88493, -82.33504 26.88463, -82.33471 26.88435, -82.33443 26.88406, -82.33409 26.8838, -82.33368 26.88345, -82.33322 26.88314, -82.33292 26.88295, -82.33269 26.88283, -82.33246 26.88268, -82.33208 26.88253, -82.33178 26.8822, -82.33148 26.88201, -82.33129 26.8818, -82.33093 26.88156, -82.33056 26.8812, -82.33023 26.88096, -82.33 26.88076, -82.32981 26.88051, -82.3296 26.8803, -82.32933 26.8801, -82.32906 26.87971, -82.32875 26.87948, -82.32847 26.87927, -82.32789 26.87879, -82.32718 26.87802, -82.3267 26.8774, -82.326 26.87673, -82.32542 26.87607, -82.3247 26.87508, -82.32429 26.87455, -82.32403 26.87418, -82.32382 26.87398, -82.3233 26.87317, -82.32253 26.87205, -82.32163 26.87063, -82.32138 26.87019, -82.32101 26.86969, -82.32072 26.86921, -82.32054 26.86891, -82.3203 26.8686, -82.3195 26.86724, -82.31882 26.86625, -82.31802 26.86511, -82.31781 26.86483, -82.31735 26.8641, -82.31649 26.86289, -82.31625 26.86254, -82.3157 26.86176, -82.31523 26.86122, -82.31487 26.86076, -82.31451 26.86024, -82.31404 26.85962, -82.31375 26.85939, -82.31288 26.85829, -82.31149 26.85634, -82.31049 26.85506, -82.30973 26.85431))"
Don Pedro State Park,98,88,68,Charlotte,CW,10.752,0.19468414,5,129,2.4,MED,0,999.999,0,not present,0,999.999,0,not present,0,0,NO,NO,"MULTILINESTRING ((-82.30973 26.85431, -82.30969 26.85412, -82.30908 26.8532, -82.3084 26.85237, -82.3076 26.85123, -82.30699 26.85046, -82.30606 26.84914, -82.30533 26.84818, -82.30458 26.84722, -82.30364 26.84614, -82.30284 26.84502, -82.3022 26.84408, -82.30186 26.84362, -82.30169 26.84343, -82.30135 26.843, -82.3007 26.84212, -82.29978 26.84061, -82.29909 26.83962))"
Dry Tortugas - Bush Key,11.5,30,60,Monroe,DT,6.434,0.60546756,5,54,1.68,MED,0.478,1.60423561,4,MED,0,999.999,0,not present,0,0,NO,NO,"MULTILINESTRING ((-82.86566 24.62808, -82.8657 24.62808), (-82.86566 24.62808, -82.86519 24.62798, -82.86515 24.62798, -82.86511 24.62798, -82.86463 24.62777, -82.86431 24.62767, -82.86376 24.62764, -82.86356 24.6276, -82.8629 24.62837, -82.8629 24.62841, -82.86286 24.62841, -82.86286 24.62844, -82.86295 24.62866), (-82.86295 24.62869, -82.86311 24.62898, -82.8635 24.62887, -82.86409 24.6285, -82.86468 24.62828, -82.86535 24.62827, -82.86539 24.62827, -82.86543 24.62827, -82.86677 24.62836, -82.86681 24.62836, -82.8678 24.62849, -82.86784 24.62849, -82.86788 24.62849, -82.86844 24.62855, -82.86875 24.62866, -82.86899 24.62851, -82.86903 24.62851, -82.86962 24.62829, -82.87013 24.6281, -82.87017 24.6281, -82.87021 24.6281, -82.87029 24.62806, -82.87025 24.62799, -82.87021 24.62799, -82.87017 24.62799, -82.87013 24.62799, -82.87009 24.62799, -82.87005 24.62799, -82.87001 24.62799, -82.87001 24.62796, -82.86997 24.62796, -82.86985 24.62796, -82.86985 24.62792, -82.86981 24.62792, -82.86981 24.62789, -82.86953 24.6276, -82.86929 24.62742, -82.86925 24.62742, -82.86925 24.62739, -82.86921 24.62742, -82.86921 24.62739, -82.86917 24.62739, -82.86897 24.62725, -82.86893 24.62725, -82.86893 24.62721, -82.86889 24.62721, -82.86842 24.62718, -82.86838 24.62718, -82.86834 24.62718, -82.86794 24.62733, -82.86755 24.62755, -82.86751 24.62755, -82.86685 24.62785, -82.86681 24.62785, -82.86642 24.62818, -82.86638 24.62818, -82.86634 24.62818, -82.86606 24.62819, -82.86602 24.62819, -82.86566 24.62808))"
Dry Tortugas - East Key,11.5,91,130,Monroe,DT,161.666,0.42531165,5,485,0.6,HIGH,137.334,0.55353103,412,HIGH,0,999.999,0,not present,0,0,NO,NO,"MULTILINESTRING ((-82.80392 24.65193, -82.80412 24.65208, -82.80431 24.65216, -82.80469 24.65222, -82.80549 24.65224, -82.80567 24.65208, -82.80568 24.65159, -82.8056 24.65121, -82.80553 24.651, -82.80549 24.65084, -82.80547 24.6507, -82.80542 24.65052, -82.80528 24.65036, -82.8051 24.65028, -82.80475 24.65031, -82.8046 24.65054, -82.80448 24.65081, -82.80438 24.65111, -82.80424 24.65128, -82.80402 24.65153, -82.80384 24.65166, -82.80378 24.65181, -82.80394 24.65193))"
Dry Tortugas - Garden Key,11.5,45,74,Monroe,DT,6.476,0.708046,5,20,0.62,MED,0.666,2.23606798,2,MED,0,999.999,0,not present,0,0,NO,NO,"MULTILINESTRING ((-82.87297 24.62672, -82.87274 24.62701, -82.87252 24.62724, -82.8724 24.62732), (-82.87372 24.62732, -82.87377 24.62717, -82.87377 24.62701, -82.87374 24.62688, -82.87371 24.62682, -82.87365 24.62672, -82.87358 24.6266, -82.87348 24.62646), (-82.87217 24.6275, -82.87202 24.62759, -82.87181 24.62777, -82.87172 24.62787, -82.87167 24.62797, -82.87165 24.62804, -82.87163 24.62813), (-82.87178 24.62995, -82.87187 24.62981, -82.87196 24.62972, -82.87213 24.62966))"
Dry Tortugas - Loggerhead Key,11.5,81,124,Monroe,DT,26.438,0.311726,5,423,3.2,HIGH,40.816,0.71982565,653,HIGH,0.062,2.23606798,1,LOW,0,0,NO,NO,"MULTILINESTRING ((-82.924 24.62937, -82.92404 24.62937), (-82.924 24.62937, -82.92333 24.62963, -82.92333 24.62967, -82.92247 24.63033, -82.922 24.63073, -82.92056 24.63198, -82.9199 24.6326, -82.91908 24.63312, -82.91822 24.63396, -82.91772 24.63465, -82.91737 24.63523, -82.91718 24.6357, -82.91605 24.63666, -82.91566 24.63713), (-82.9157 24.63717, -82.91648 24.63665, -82.91648 24.63662, -82.91722 24.63607, -82.91762 24.63595, -82.91778 24.63595, -82.91781 24.63591, -82.91785 24.63591, -82.91789 24.63588, -82.91828 24.63562, -82.91832 24.63562, -82.91832 24.63558, -82.91836 24.63558, -82.91918 24.63506, -82.91985 24.63462, -82.91989 24.63455, -82.92083 24.63414, -82.92157 24.63355, -82.92211 24.6329, -82.92305 24.63198, -82.92395 24.63136, -82.92399 24.63136, -82.92399 24.63132, -82.92403 24.63132, -82.92449 24.63084, -82.92453 24.63084, -82.92453 24.63081, -82.92457 24.63081, -82.92457 24.63077, -82.92515 24.63004, -82.92565 24.62913, -82.92599 24.62815, -82.92603 24.62779, -82.92599 24.62783, -82.92572 24.62808, -82.92568 24.62808, -82.92568 24.62812, -82.92568 24.62816, -82.92568 24.62819, -82.92568 24.62823, -82.92557 24.6287, -82.92557 24.62874, -82.92553 24.62874, -82.92514 24.62917, -82.9251 24.62918, -82.92506 24.62918, -82.924 24.62937))"
Dry Tortugas - Long Key,11.5,27,71,Monroe,DT,0,999.999,1,0,0.9,not present,0,999.999,0,not present,0,999.999,0,not present,0,0,NO,NO,"MULTILINESTRING ((-82.863 24.62798, -82.863 24.62798), (-82.863 24.62798, -82.863 24.62798), (-82.863 24.62798, -82.86312 24.628, -82.86313 24.62793, -82.86313 24.62785, -82.8632 24.62779, -82.86331 24.62776, -82.86336 24.62769, -82.86341 24.62762, -82.86342 24.62757, -82.8635 24.62747, -82.86356 24.62735, -82.86357 24.6272, -82.86359 24.62703, -82.86362 24.62684, -82.86364 24.62672, -82.86366 24.62662, -82.86362 24.6265, -82.86358 24.62638, -82.86352 24.62617, -82.8635 24.62612, -82.86347 24.62604, -82.86342 24.62597, -82.86347 24.62571, -82.86354 24.62551, -82.86363 24.62531, -82.86365 24.62517, -82.86368 24.625, -82.86368 24.62485, -82.86361 24.62479, -82.86347 24.62489, -82.86333 24.62505, -82.86326 24.62522, -82.86322 24.62536, -82.86318 24.6255, -82.86316 24.62566, -82.86314 24.62578, -82.86313 24.62601, -82.86314 24.62611, -82.86327 24.62623, -82.86334 24.62636, -82.86339 24.6265, -82.86338 24.62662, -82.86338 24.62673, -82.86327 24.62697, -82.86314 24.62725, -82.86305 24.62748, -82.86305 24.62768, -82.86299 24.62781, -82.86297 24.62792, -82.863 24.62798))"
Dry Tortugas - Middle Key,11.5,29,105,Monroe,DT,24.325,0.15726404,2,18,0.4,MED,33.785,1.41421356,25,HIGH,0,999.999,0,not present,0,0,NO,NO,"MULTILINESTRING ((-82.82793 24.65016, -82.82841 24.65011, -82.82868 24.64998, -82.82864 24.64978, -82.82831 24.64975, -82.8279 24.64993, -82.82793 24.65016))"
East (Okaloosa) County Beaches,116,79,98,Okaloosa,NW,0.876,0.58462648,5,14,3.2,LOW,0,999.999,0,not present,0,999.999,0,not present,0,0,NO,NO,"MULTILINESTRING ((-86.43261 30.38228, -86.43204 30.38225, -86.43145 30.38216, -86.431 30.38214, -86.43051 30.38207, -86.43002 30.38206, -86.42957 30.382, -86.42915 30.38194, -86.42872 30.38185, -86.4284 30.3818, -86.42822 30.38169, -86.42738 30.38164, -86.42712 30.38167, -86.42667 30.38166, -86.42639 30.38168, -86.42605 30.38167, -86.42584 30.38164, -86.42562 30.38161, -86.42538 30.38156, -86.42532 30.38154, -86.42517 30.38154, -86.42505 30.38153, -86.42469 30.38149, -86.42428 30.38146, -86.4239 30.38141, -86.42368 30.38133, -86.42347 30.38135, -86.42328 30.38136, -86.42312 30.38135, -86.42284 30.38133, -86.42258 30.38133, -86.42231 30.38126, -86.4222 30.38121, -86.42092 30.38108, -86.42077 30.38102, -86.42057 30.38099, -86.42038 30.38097, -86.42016 30.38097, -86.41994 30.38098, -86.4195 30.38092, -86.41943 30.38095, -86.41901 30.38092, -86.41863 30.38095, -86.41837 30.38097, -86.41808 30.38098, -86.41769 30.38096, -86.41739 30.38086, -86.41726 30.38083, -86.417 30.3808, -86.41687 30.38081, -86.41675 30.38078, -86.4165 30.38076, -86.41635 30.38075, -86.41609 30.38073, -86.41591 30.38073, -86.41562 30.38068, -86.41538 30.38068, -86.41519 30.38065, -86.41457 30.3806, -86.41446 30.3806, -86.41424 30.38055, -86.41212 30.38031, -86.41133 30.38023, -86.41089 30.38015, -86.41071 30.38016, -86.41045 30.38018, -86.41018 30.3802, -86.40991 30.38018, -86.40967 30.38016, -86.40942 30.38014, -86.40917 30.38013, -86.40881 30.38008, -86.40842 30.38003, -86.40803 30.37995, -86.40769 30.37991, -86.40729 30.37988, -86.40698 30.37981, -86.40676 30.37983, -86.40647 30.37981, -86.40624 30.37979, -86.40569 30.37973, -86.40547 30.37971, -86.40515 30.37963, -86.40226 30.3793, -86.40182 30.37929, -86.40035 30.3792, -86.399 30.37906, -86.39882 30.37902, -86.39737 30.37884))"
East (Walton) County Beaches,210,199,208,Walton,NW,0.936,0.55707386,5,73,15.6,MED,0.012,2.23606798,1,LOW,0.012,2.23606798,1,LOW,0,0,NO,NO,"MULTILINESTRING ((-86.07735 30.29911, -86.07702 30.29903, -86.07669 30.29891, -86.07644 30.29882, -86.07612 30.29869, -86.07577 30.29856, -86.07543 30.29841, -86.07505 30.29829, -86.07472 30.29819, -86.07432 30.2981, -86.07407 30.29802, -86.07372 30.2979, -86.07328 30.29769, -86.07306 30.29765, -86.07275 30.29757, -86.07238 30.29749, -86.0721 30.29734, -86.07167 30.29719, -86.07134 30.29708, -86.07088 30.29695, -86.07048 30.29679, -86.07028 30.29668, -86.07013 30.29651, -86.0698 30.29633, -86.06944 30.29621, -86.06892 30.2961, -86.06859 30.296, -86.06829 30.29587, -86.06808 30.29579, -86.06797 30.29571, -86.06738 30.29545, -86.0663 30.29513, -86.0651 30.29463, -86.06458 30.29456, -86.06382 30.29429, -86.06289 30.29401, -86.062 30.29367, -86.06148 30.29344, -86.06077 30.29324, -86.06013 30.29291, -86.05994 30.29285, -86.05961 30.29273, -86.05925 30.29265, -86.05884 30.29248, -86.05857 30.29236, -86.0581 30.29225, -86.05764 30.29204, -86.05714 30.2919, -86.05682 30.29183, -86.0564 30.29167, -86.05608 30.29148, -86.05563 30.29126, -86.05525 30.29111, -86.05511 30.29106, -86.0546 30.29078, -86.05391 30.29049, -86.05363 30.29043, -86.05329 30.29034, -86.05289 30.29029, -86.05242 30.29012, -86.05191 30.28996, -86.05156 30.28983, -86.05111 30.28966, -86.05087 30.28954, -86.05041 30.28938, -86.04993 30.28921, -86.04948 30.28906, -86.0494 30.289, -86.04855 30.28871, -86.04717 30.28821, -86.04558 30.28762, -86.04406 30.28693, -86.044 30.28692, -86.04349 30.2869, -86.04326 30.2868, -86.04295 30.28664, -86.04261 30.28656, -86.04227 30.28647, -86.04201 30.28639, -86.04182 30.28631, -86.04155 30.28618, -86.0415 30.28614, -86.04056 30.28584, -86.03951 30.2855, -86.03858 30.28527, -86.03774 30.28493, -86.03727 30.28468, -86.03706 30.28467, -86.0369 30.28457, -86.0367 30.28448, -86.03642 30.28439, -86.03611 30.28428, -86.03579 30.28419, -86.03534 30.284, -86.03501 30.28389, -86.03464 30.28378, -86.03425 30.28367, -86.03383 30.28352, -86.0334 30.28332, -86.0329 30.2832, -86.03268 30.28313, -86.03249 30.28305, -86.03226 30.28287, -86.03216 30.28284, -86.03146 30.28252, -86.0308 30.28228, -86.03057 30.28214, -86.03017 30.28207, -86.02965 30.28198, -86.02936 30.2818, -86.02917 30.28175, -86.02888 30.28168, -86.02866 30.28161, -86.0284 30.28152, -86.02808 30.28139, -86.02776 30.28127, -86.02751 30.28114, -86.02715 30.28099, -86.02673 30.28084, -86.02641 30.28074, -86.02607 30.2806, -86.02582 30.28052, -86.02539 30.28039, -86.02499 30.28023, -86.02474 30.28012, -86.02453 30.28004, -86.02424 30.27995, -86.02396 30.27988, -86.02354 30.27974, -86.02291 30.27951, -86.0226 30.2794, -86.02187 30.2791, -86.02119 30.27886, -86.02033 30.27852, -86.01966 30.27827, -86.01897 30.27807, -86.01847 30.27786, -86.01782 30.27764, -86.01731 30.27747, -86.01689 30.27728, -86.0167 30.27714, -86.01643 30.27704, -86.01564 30.27681, -86.01527 30.27659, -86.01509 30.27658, -86.01474 30.27649, -86.01442 30.27635, -86.01425 30.27626, -86.01399 30.27619, -86.01382 30.2761, -86.01349 30.27605, -86.01315 30.27593, -86.01284 30.27582, -86.01262 30.2756, -86.01238 30.27553, -86.01218 30.27547, -86.01206 30.27537, -86.01156 30.27521, -86.01097 30.27503, -86.01059 30.27488, -86.01022 30.27473, -86.0099 30.27458, -86.00948 30.27443, -86.00936 30.27442, -86.00922 30.2744, -86.00889 30.2743, -86.00857 30.27412, -86.00839 30.27397, -86.00822 30.27393, -86.00794 30.27382, -86.00763 30.2737, -86.00732 30.27357, -86.00704 30.27347, -86.00664 30.27333, -86.00629 30.27321, -86.00604 30.2731, -86.00567 30.27298, -86.00535 30.27287, -86.00528 30.27281, -86.00473 30.27262, -86.00399 30.27231, -86.00327 30.2721, -86.00302 30.27193, -86.0028 30.27193, -86.0024 30.27177, -86.00205 30.27164, -86.00187 30.27152, -86.00142 30.27125, -86.00112 30.27114, -86.00063 30.27098, -86.00046 30.2709, -86.00023 30.27084, -85.99997 30.27074, -85.99965 30.27061, -85.99928 30.2705, -85.99903 30.27041, -85.99881 30.27029, -85.99842 30.27012, -85.99799 30.26992, -85.99756 30.26982, -85.99714 30.2697, -85.99674 30.26958, -85.99641 30.26946, -85.99603 30.26928))"
Eglin Air Force Base (Okaloosa - East),188,185,150,Okaloosa,NW,1.034,0.60892348,5,33,6.4,MED,0,999.999,0,not present,0.032,2.23606798,1,LOW,0,0,NO,NO,"MULTILINESTRING ((-86.5828 30.39279, -86.58274 30.39279, -86.58255 30.39276, -86.58209 30.39278, -86.58175 30.39276, -86.58142 30.39276, -86.58137 30.39277, -86.58115 30.39271, -86.58114 30.39271, -86.58108 30.39271, -86.58082 30.39269, -86.58064 30.3927, -86.58035 30.39265, -86.57998 30.3926, -86.57974 30.39258, -86.57964 30.3926, -86.5795 30.39256, -86.57896 30.39258, -86.57882 30.39253, -86.57849 30.39251, -86.57824 30.39248, -86.57793 30.39241, -86.57755 30.39234, -86.57724 30.39233, -86.57695 30.3923, -86.57668 30.39228, -86.5764 30.39226, -86.57622 30.39231, -86.57612 30.39237, -86.57605 30.39235, -86.57596 30.39233, -86.57567 30.39235, -86.57536 30.39232, -86.57498 30.39231, -86.57464 30.39231, -86.57431 30.39228, -86.57391 30.39226, -86.57356 30.39221, -86.5733 30.39214, -86.57298 30.39203, -86.57273 30.39192, -86.57235 30.39183, -86.5721 30.39177, -86.57173 30.39171, -86.57136 30.39173, -86.57099 30.39173, -86.57065 30.39173, -86.57042 30.39176, -86.57027 30.39174, -86.56991 30.39175, -86.56957 30.39175, -86.56919 30.39177, -86.56893 30.39172, -86.56871 30.39167, -86.56845 30.39167, -86.56824 30.39169, -86.56802 30.39165, -86.56779 30.39164, -86.56752 30.3916, -86.56734 30.3916, -86.56709 30.39158, -86.56685 30.39154, -86.56653 30.39149, -86.56614 30.39141, -86.56572 30.39133, -86.56531 30.39122, -86.56503 30.39112, -86.56466 30.39105, -86.56427 30.39094, -86.56392 30.39095, -86.56348 30.39097, -86.56318 30.39097, -86.56289 30.39098, -86.56274 30.391, -86.56249 30.39103, -86.56206 30.39099, -86.56159 30.39094, -86.56121 30.39087, -86.56087 30.39082, -86.56051 30.3907, -86.56022 30.39069, -86.55981 30.3906, -86.5595 30.39048, -86.55921 30.39035, -86.55893 30.39029, -86.55883 30.39023, -86.55871 30.39021, -86.55851 30.39014, -86.55788 30.3901, -86.55772 30.39015, -86.55747 30.39013, -86.55712 30.39012, -86.55683 30.39006, -86.55651 30.39007, -86.55622 30.39005, -86.55596 30.38997, -86.5557 30.38996, -86.55546 30.38996, -86.55523 30.38996, -86.55494 30.38992, -86.55461 30.38991, -86.55429 30.38988, -86.55397 30.38983, -86.55379 30.38984, -86.55342 30.38979, -86.55317 30.38976, -86.5528 30.38971, -86.55236 30.38962, -86.5522 30.38964, -86.5519 30.38957, -86.55158 30.38949, -86.55133 30.38943, -86.55115 30.38937, -86.55098 30.38932, -86.55091 30.38927, -86.55057 30.3892, -86.55021 30.38918, -86.54993 30.38915, -86.54956 30.38913, -86.5493 30.38915, -86.5492 30.38921, -86.54906 30.3892, -86.54886 30.38929, -86.54821 30.38928, -86.54791 30.38926, -86.5474 30.38925, -86.54709 30.38925, -86.54671 30.38922, -86.54635 30.3892, -86.54594 30.3892, -86.54537 30.38909, -86.54527 30.38904, -86.54511 30.38901, -86.54493 30.38904, -86.5447 30.38902, -86.54444 30.38895, -86.54422 30.38889, -86.54393 30.38878, -86.54369 30.38877, -86.54339 30.38877, -86.54302 30.38878, -86.54277 30.38876, -86.54238 30.38879, -86.54206 30.38872, -86.54179 30.38872, -86.54147 30.38881, -86.54102 30.38877, -86.5406 30.38871, -86.54026 30.3887, -86.53976 30.38864, -86.53942 30.38865, -86.53906 30.38854, -86.53857 30.38848, -86.53821 30.38845, -86.53776 30.38836, -86.53767 30.38835, -86.53759 30.38838, -86.53734 30.3884, -86.53686 30.38833, -86.5366 30.38829, -86.53628 30.38813, -86.53592 30.38804, -86.53554 30.38807, -86.53513 30.38808, -86.53473 30.38808, -86.53444 30.3881, -86.53412 30.38811, -86.53381 30.38814, -86.53359 30.38814, -86.5333 30.38809, -86.53311 30.38814, -86.53284 30.38815, -86.53251 30.38811, -86.53215 30.38809, -86.53159 30.38805, -86.53116 30.38801, -86.53063 30.38794, -86.53016 30.38784, -86.52969 30.38778, -86.52943 30.38775, -86.52922 30.38771, -86.52852 30.38769, -86.52834 30.38766, -86.52816 30.38769, -86.52773 30.38766, -86.52725 30.38766, -86.52709 30.38764, -86.52685 30.38768, -86.52653 30.38761, -86.52619 30.38756, -86.52586 30.38754, -86.52561 30.38753, -86.5254 30.38753, -86.52521 30.3875, -86.52489 30.38744, -86.52457 30.38744, -86.52435 30.38742, -86.52375 30.38741, -86.5234 30.38724, -86.52284 30.3872, -86.52264 30.38726, -86.52243 30.38729, -86.52217 30.38726, -86.52191 30.38722, -86.52167 30.38717, -86.52142 30.38712, -86.52124 30.38706, -86.52098 30.38699, -86.52081 30.38698, -86.52065 30.38696, -86.5204 30.38693, -86.52016 30.38689, -86.51988 30.38683, -86.51959 30.38681, -86.51937 30.38675, -86.51912 30.38666, -86.51883 30.38658, -86.5188 30.38654, -86.51875 30.38647, -86.51839 30.38637, -86.51819 30.3863, -86.51777 30.38622, -86.51751 30.38616, -86.51736 30.38614, -86.51731 30.38614, -86.51721 30.38609, -86.51706 30.38611, -86.51678 30.38603, -86.51645 30.386, -86.51592 30.38589, -86.5156 30.38579, -86.51517 30.38575, -86.51477 30.38571, -86.51469 30.3857))"
Eglin Air Force Base (Okaloosa - West),208,208,206,Okaloosa,NW,1.12,0.57041623,5,90,16.1,MED,0.234,1.31218156,19,MED,0,999.999,0,not present,0,1,NO,YES,"MULTILINESTRING ((-86.79951 30.38685, -86.79944 30.38685, -86.79917 30.38694, -86.79891 30.387, -86.79865 30.38696, -86.79811 30.38702, -86.79776 30.38705, -86.79733 30.38716, -86.79682 30.3872, -86.79647 30.38728, -86.79627 30.38726, -86.79592 30.38733, -86.79586 30.38736, -86.79552 30.38733, -86.79479 30.38746, -86.79477 30.38746, -86.79467 30.38743, -86.7943 30.38748, -86.79398 30.38751, -86.79392 30.38754, -86.79372 30.38756, -86.79372 30.38756, -86.79362 30.38756, -86.79336 30.38761, -86.7931 30.38764, -86.79279 30.38767, -86.79266 30.38767, -86.7923 30.3877, -86.79182 30.38777, -86.79135 30.38784, -86.79104 30.38782, -86.7907 30.38787, -86.79015 30.38796, -86.78984 30.38801, -86.78948 30.38801, -86.78905 30.38803, -86.78885 30.38806, -86.78883 30.38806, -86.78883 30.38806, -86.78852 30.38806, -86.78828 30.3881, -86.78785 30.3881, -86.78783 30.3881, -86.78772 30.38813, -86.78742 30.38817, -86.78704 30.3882, -86.78665 30.38822, -86.78663 30.38821, -86.78654 30.38823, -86.7862 30.3883, -86.78591 30.38833, -86.78576 30.38833, -86.78537 30.38841, -86.78492 30.38847, -86.7846 30.38848, -86.78429 30.3885, -86.78394 30.38855, -86.78355 30.38861, -86.78305 30.3887, -86.78269 30.38871, -86.78242 30.3887, -86.78241 30.3887, -86.78226 30.38872, -86.78165 30.38876, -86.781 30.38884, -86.78079 30.38886, -86.78075 30.38886, -86.7806 30.38888, -86.78039 30.38888, -86.78027 30.38891, -86.77997 30.38896, -86.7795 30.38901, -86.77906 30.38903, -86.77869 30.38912, -86.77838 30.38919, -86.77743 30.38919, -86.77704 30.38922, -86.77652 30.38933, -86.77619 30.38939, -86.77582 30.3894, -86.77539 30.38947, -86.77501 30.38956, -86.7749 30.38952, -86.77484 30.38954, -86.77417 30.38962, -86.77377 30.38964, -86.77328 30.38973, -86.77318 30.38975, -86.77317 30.38976, -86.77285 30.38983, -86.77226 30.38988, -86.77167 30.38997, -86.77125 30.39003, -86.7708 30.39008, -86.77045 30.39015, -86.77015 30.3902, -86.76991 30.39018, -86.76968 30.39022, -86.76932 30.39032, -86.76891 30.39032, -86.76842 30.39038, -86.76785 30.39041, -86.76734 30.39051, -86.76692 30.39057, -86.76637 30.3906, -86.76593 30.39067, -86.76539 30.39072, -86.76501 30.39072, -86.76472 30.39071, -86.76469 30.39068, -86.76415 30.39077, -86.76369 30.39082, -86.76332 30.39087, -86.7629 30.39092, -86.76288 30.39092, -86.76255 30.39096, -86.76241 30.39096, -86.76241 30.39096, -86.76212 30.391, -86.76175 30.39103, -86.76123 30.39108, -86.76069 30.39111, -86.76019 30.39115, -86.75978 30.39126, -86.75943 30.39129, -86.75887 30.39129, -86.75847 30.3913, -86.75824 30.39127, -86.75781 30.3913, -86.7575 30.39132, -86.75741 30.39129, -86.75702 30.39136, -86.75667 30.39139, -86.75653 30.39139, -86.75614 30.39149, -86.75586 30.39152, -86.75493 30.39161, -86.75447 30.39159, -86.7538 30.39168, -86.75316 30.39174, -86.7526 30.39179, -86.75215 30.3918, -86.75154 30.3918, -86.75095 30.3919, -86.75039 30.39196, -86.74988 30.39205, -86.74933 30.39208, -86.74896 30.39209, -86.74896 30.39209, -86.74889 30.39213, -86.74857 30.39216, -86.74816 30.39217, -86.7477 30.3922, -86.74737 30.39222, -86.74704 30.39222, -86.74675 30.39222, -86.74642 30.39225, -86.74641 30.39224, -86.74619 30.39231, -86.74578 30.39237, -86.74527 30.39244, -86.74502 30.39244, -86.74469 30.39245, -86.74435 30.39245, -86.74381 30.39249, -86.74328 30.39255, -86.74323 30.39252, -86.74293 30.3926, -86.74239 30.39265, -86.74198 30.39263, -86.74195 30.39263, -86.74182 30.39268, -86.74142 30.39277, -86.74102 30.39278, -86.74066 30.3928, -86.74031 30.39284, -86.73996 30.39284, -86.73956 30.39286, -86.73916 30.39292, -86.73881 30.39298, -86.73839 30.39303, -86.73806 30.39304, -86.7379 30.39302, -86.7375 30.39305, -86.73717 30.39307, -86.7368 30.39304, -86.73666 30.39303, -86.73642 30.39303, -86.73614 30.39309, -86.73589 30.3931, -86.73556 30.39313, -86.73528 30.39316, -86.73504 30.39317, -86.73487 30.39323, -86.73446 30.39326, -86.73426 30.39327, -86.73393 30.39327, -86.73358 30.39327, -86.73327 30.39329, -86.73298 30.3933, -86.73267 30.39335, -86.73224 30.39335, -86.7319 30.39342, -86.73161 30.39341, -86.73151 30.39346, -86.73118 30.39345, -86.73095 30.39346, -86.7306 30.39348, -86.73023 30.39352, -86.72999 30.39355, -86.72953 30.39356, -86.72914 30.39352, -86.72886 30.39355, -86.72865 30.39352, -86.72825 30.39355, -86.72804 30.39358, -86.72778 30.39358, -86.72759 30.39359, -86.72726 30.39359, -86.72707 30.39363, -86.72683 30.39366, -86.72664 30.39366, -86.72635 30.39367, -86.72606 30.39372, -86.72587 30.39369, -86.72562 30.39374, -86.72536 30.39376, -86.72507 30.39377, -86.72474 30.39377, -86.72441 30.39381, -86.72416 30.39387, -86.7239 30.39389, -86.72364 30.39391, -86.72356 30.39389, -86.72343 30.39394, -86.72319 30.39396, -86.72276 30.39394, -86.72248 30.39395, -86.7223 30.39393, -86.72224 30.39392, -86.72214 30.39395, -86.72196 30.39396, -86.72178 30.39395, -86.72171 30.3939, -86.72143 30.39393, -86.72029 30.39396, -86.72003 30.39397, -86.71981 30.39404, -86.71952 30.39407, -86.71922 30.39413, -86.71889 30.39411, -86.71857 30.39412, -86.71816 30.39416, -86.71786 30.39418, -86.71758 30.39421, -86.71722 30.39421, -86.71691 30.39424, -86.71656 30.39427, -86.71617 30.39432, -86.71586 30.39436, -86.71548 30.39435, -86.71515 30.39432, -86.71512 30.39431, -86.71501 30.39432, -86.71454 30.3943, -86.7141 30.3943, -86.71385 30.39435, -86.71359 30.39437, -86.71316 30.39437, -86.71276 30.39442, -86.71239 30.39447, -86.71203 30.39448, -86.71175 30.3945, -86.71137 30.39453, -86.7111 30.39451, -86.7108 30.39454, -86.71048 30.39458, -86.71015 30.39461, -86.70982 30.39463, -86.70952 30.39463, -86.70916 30.39462, -86.70879 30.39465, -86.70848 30.39465, -86.70818 30.3947, -86.70801 30.39469, -86.70791 30.39465, -86.70777 30.39466, -86.70757 30.39465, -86.70737 30.39464, -86.7072 30.39464, -86.70694 30.39465, -86.70668 30.3946, -86.70639 30.39459, -86.70617 30.39465, -86.70591 30.39467, -86.70553 30.39473, -86.70512 30.39478, -86.70485 30.39478, -86.70431 30.3948, -86.70406 30.39481, -86.70355 30.39483, -86.70325 30.39486, -86.70299 30.39487, -86.70267 30.39487, -86.7023 30.39487, -86.70202 30.39485, -86.70169 30.39481, -86.70138 30.39485, -86.70137 30.39485, -86.70119 30.39487, -86.70115 30.39486, -86.70106 30.39491, -86.70074 30.39492, -86.70041 30.39495, -86.70011 30.39498, -86.69977 30.39501, -86.69935 30.39504, -86.69886 30.39509, -86.69856 30.3951, -86.69811 30.39509, -86.69744 30.39508, -86.69705 30.39508, -86.69657 30.39509, -86.69601 30.39509, -86.69552 30.39511, -86.69518 30.39518, -86.69485 30.39517, -86.69444 30.39519, -86.69402 30.39525, -86.69365 30.39527, -86.69331 30.39523, -86.69293 30.39521, -86.69255 30.39523, -86.69219 30.39524, -86.6919 30.39524, -86.69161 30.39526, -86.6912 30.39528, -86.69084 30.39526, -86.69068 30.39522, -86.69054 30.39523, -86.69044 30.39532, -86.68999 30.3953, -86.68985 30.3953, -86.68956 30.39537, -86.68929 30.39537, -86.68904 30.39536, -86.68873 30.39537, -86.68821 30.39538, -86.68787 30.39538, -86.68759 30.39542, -86.68734 30.39545, -86.68711 30.39544, -86.68677 30.39549, -86.68652 30.39549, -86.68616 30.39549, -86.68576 30.3955, -86.68544 30.39553, -86.68503 30.39557, -86.68474 30.39558, -86.68448 30.39552, -86.68424 30.39551, -86.68391 30.39551, -86.68365 30.39552, -86.68355 30.39548, -86.68349 30.39548, -86.68331 30.3955, -86.68284 30.39556, -86.68261 30.39557, -86.68244 30.39563, -86.68219 30.39565, -86.68171 30.39566, -86.68135 30.39563, -86.68133 30.3956, -86.68117 30.39561, -86.6807 30.39561, -86.68032 30.39561, -86.67993 30.39563, -86.67957 30.39564, -86.6792 30.39566, -86.67898 30.39566, -86.67878 30.39572, -86.6785 30.39569, -86.6782 30.39567, -86.67774 30.39566, -86.67725 30.39576, -86.67689 30.39576, -86.67644 30.39581, -86.67605 30.39584, -86.67575 30.39586, -86.6755 30.39586, -86.67529 30.39589, -86.67505 30.39591, -86.67467 30.39592, -86.67432 30.39594, -86.67412 30.39596, -86.6737 30.39593, -86.67363 30.39588, -86.67312 30.39595, -86.67276 30.39596, -86.67275 30.39597, -86.6725 30.39601, -86.6724 30.39598, -86.67238 30.39598, -86.67222 30.39593, -86.67197 30.39594, -86.67167 30.39596, -86.67135 30.39601, -86.67135 30.39601, -86.67115 30.39601, -86.6705 30.39608, -86.66995 30.39606, -86.66971 30.39611, -86.66912 30.39616, -86.66871 30.39611, -86.66827 30.39615, -86.6677 30.39611, -86.66763 30.39611, -86.66757 30.39614, -86.66736 30.39618, -86.66709 30.39621, -86.66688 30.39618, -86.66677 30.39613, -86.66651 30.3962, -86.6663 30.39622, -86.66614 30.3962, -86.66594 30.39621, -86.66579 30.39623, -86.66563 30.3962, -86.66561 30.39618, -86.66508 30.39621, -86.66479 30.39623, -86.66428 30.39619, -86.6638 30.3962, -86.66333 30.39624, -86.66302 30.39629, -86.6627 30.39633, -86.66243 30.39631, -86.66219 30.39625, -86.66217 30.39625, -86.6621 30.3963, -86.66185 30.39632, -86.66152 30.39633, -86.66112 30.39633, -86.66085 30.39636, -86.66056 30.3964, -86.66021 30.39643, -86.66002 30.39639, -86.65963 30.39644, -86.65921 30.39644, -86.65856 30.39642, -86.65808 30.3965, -86.65762 30.39652, -86.65755 30.39649, -86.65743 30.3965, -86.65689 30.39652, -86.65638 30.39652, -86.65625 30.39653, -86.65587 30.39655, -86.65568 30.3966, -86.65526 30.39661, -86.65483 30.39661, -86.6545 30.39666, -86.65418 30.39665, -86.6538 30.39664, -86.65345 30.39668, -86.65323 30.39666, -86.65301 30.39665, -86.65261 30.39666, -86.65224 30.39665, -86.65198 30.39669, -86.6517 30.39671, -86.65139 30.39675, -86.65107 30.39678, -86.65081 30.39675, -86.6508 30.39673, -86.65075 30.39673, -86.65072 30.39672, -86.65028 30.3967, -86.65001 30.3967, -86.64995 30.39674, -86.64986 30.39673, -86.64975 30.39671, -86.64953 30.3968, -86.64899 30.3968, -86.64856 30.39681, -86.64838 30.39681, -86.64837 30.3968, -86.64834 30.3968, -86.64825 30.39682, -86.64802 30.39682, -86.64774 30.39674, -86.6477 30.39673, -86.64761 30.39678, -86.64733 30.39678, -86.647 30.3968, -86.64677 30.39679, -86.6467 30.39673, -86.6466 30.39674, -86.64628 30.39679, -86.64585 30.39675, -86.64552 30.3967, -86.64528 30.39669, -86.64502 30.39673, -86.64469 30.39671, -86.64431 30.39673, -86.64401 30.39675, -86.64376 30.39676, -86.6435 30.39677, -86.6431 30.39674, -86.64288 30.39671, -86.64266 30.39671, -86.64247 30.39673, -86.64215 30.39675, -86.64185 30.39673, -86.64176 30.39672, -86.64164 30.39674, -86.6413 30.39674, -86.64092 30.39667, -86.64065 30.39667, -86.64043 30.39671, -86.64018 30.39671, -86.64012 30.39665, -86.63998 30.39665, -86.63987 30.39666, -86.63948 30.39667, -86.63928 30.39673, -86.63902 30.39668, -86.63874 30.39665, -86.63854 30.39666, -86.63829 30.39666, -86.63815 30.39664, -86.63785 30.39662, -86.63759 30.39667, -86.63735 30.39666, -86.6373 30.39664, -86.63716 30.39668, -86.63692 30.39666, -86.63668 30.39664, -86.6364 30.39665, -86.63611 30.39663, -86.63578 30.39665, -86.63553 30.39662, -86.63547 30.39658, -86.63535 30.39657, -86.63513 30.39658, -86.6349 30.39655, -86.63469 30.3966, -86.63439 30.39658, -86.63416 30.39652, -86.63385 30.39654, -86.63363 30.39653, -86.63346 30.39651, -86.63328 30.39652, -86.63317 30.39651))"
Eglin Air Force Base (Santa Rosa County),150,119,119,Santa Rosa,NW,0.998,0.6814143,5,24,4.8,MED,0.084,1.36930639,2,LOW,0,999.999,0,not present,0,3,NO,YES,"MULTILINESTRING ((-86.84942 30.3813, -86.84886 30.38136, -86.84856 30.38138, -86.84817 30.38145, -86.84768 30.38154, -86.84735 30.38156, -86.84719 30.38161, -86.84681 30.38172, -86.84651 30.38176, -86.84615 30.38177, -86.84586 30.38179, -86.84553 30.38188, -86.8452 30.38194, -86.84484 30.38195, -86.84444 30.38194, -86.84415 30.38191, -86.84407 30.38196, -86.84384 30.38201, -86.84344 30.38202, -86.84316 30.38205, -86.84292 30.38206, -86.8426 30.38209, -86.84234 30.38214, -86.84213 30.38218, -86.84186 30.38222, -86.8416 30.38226, -86.84131 30.38227, -86.84122 30.38223, -86.84112 30.38231, -86.84069 30.38234, -86.84043 30.38241, -86.84018 30.38246, -86.83992 30.3825, -86.83955 30.38252, -86.83928 30.38252, -86.83919 30.38255, -86.83896 30.3826, -86.83869 30.38261, -86.8384 30.38262, -86.83822 30.38264, -86.83797 30.38268, -86.83777 30.38273, -86.83762 30.38276, -86.8373 30.3828, -86.83711 30.38282, -86.83683 30.38284, -86.83663 30.38286, -86.83635 30.38287, -86.83617 30.38286, -86.83612 30.38284, -86.83606 30.38285, -86.83561 30.38295, -86.83533 30.38299, -86.83492 30.38304, -86.83476 30.38303, -86.8345 30.38301, -86.83438 30.38306, -86.83419 30.38306, -86.83418 30.38306, -86.83414 30.38307, -86.83393 30.38312, -86.83364 30.38315, -86.83346 30.38317, -86.83319 30.38322, -86.83296 30.38326, -86.83272 30.38326, -86.83243 30.38327, -86.8322 30.38327, -86.83204 30.38326, -86.83204 30.38328, -86.83151 30.38335, -86.83125 30.38338, -86.83106 30.38344, -86.83085 30.38349, -86.83059 30.38352, -86.8304 30.38353, -86.83017 30.38357, -86.82995 30.38361, -86.82978 30.38364, -86.82955 30.38367, -86.82937 30.38371, -86.82914 30.3837, -86.8291 30.38369, -86.82908 30.38369, -86.82901 30.38372, -86.82878 30.38376, -86.82859 30.38377, -86.82835 30.38378, -86.82812 30.38378, -86.8279 30.3838, -86.82762 30.38383, -86.8274 30.38383, -86.82722 30.38386, -86.82711 30.38388, -86.82691 30.38392, -86.82669 30.38396, -86.82647 30.384, -86.82628 30.38401, -86.8261 30.38401, -86.82586 30.38404, -86.82586 30.38403, -86.8254 30.38408, -86.82539 30.38408, -86.82533 30.38408, -86.82522 30.38409, -86.82521 30.38409, -86.82482 30.38412, -86.82435 30.38417, -86.82391 30.38424, -86.8233 30.38429, -86.82279 30.38433, -86.82272 30.38433, -86.82272 30.38433, -86.82231 30.38437, -86.82225 30.38442, -86.82206 30.38447, -86.82188 30.38454, -86.82162 30.38453, -86.82141 30.38456, -86.82112 30.38455, -86.82088 30.38456, -86.82085 30.38453, -86.82072 30.38455, -86.81982 30.38469, -86.81939 30.38473, -86.81907 30.38473, -86.81854 30.38476, -86.81809 30.38479, -86.81796 30.38482, -86.81772 30.38477, -86.81726 30.38484, -86.81694 30.38486, -86.81667 30.38495, -86.81646 30.38501, -86.81613 30.38502, -86.81586 30.38503, -86.81573 30.3851, -86.8156 30.38508, -86.81559 30.38508, -86.81535 30.38506, -86.81527 30.38511, -86.81527 30.38511, -86.81525 30.38513, -86.81476 30.38516, -86.81473 30.38516, -86.81471 30.38516, -86.8147 30.38516, -86.81461 30.3852, -86.81451 30.38517, -86.81424 30.38521, -86.81377 30.38533, -86.81364 30.38535, -86.81332 30.38534, -86.813 30.38538, -86.81274 30.3854, -86.81246 30.3854, -86.81224 30.38543, -86.81212 30.38546, -86.81189 30.38549, -86.81165 30.38549, -86.81147 30.38551, -86.81123 30.38548, -86.81057 30.38554, -86.81005 30.3856, -86.80964 30.38563, -86.80911 30.38568, -86.80866 30.3857, -86.80844 30.3858, -86.80832 30.38582, -86.80831 30.38582, -86.80812 30.38584, -86.80767 30.38584, -86.80696 30.38594, -86.80677 30.38594, -86.80647 30.38594, -86.80623 30.38605, -86.80584 30.38614, -86.80557 30.38614, -86.80507 30.3862, -86.80476 30.38624, -86.80429 30.38626, -86.80399 30.38632, -86.80399 30.38632, -86.80379 30.38636, -86.8035 30.38643, -86.80307 30.38647, -86.80257 30.38652, -86.80214 30.38657, -86.80181 30.38666, -86.80125 30.38671, -86.80068 30.38674, -86.80035 30.38678, -86.7999 30.38683, -86.79951 30.38684, -86.79951 30.38684))"
Egmont Key,79,42,20,Hillsborough,CW,11.25,0.34008394,5,270,4.8,MED,0,999.999,0,not present,0,999.999,0,not present,0,0,NO,NO,"MULTILINESTRING ((-82.76454 27.59162, -82.76461 27.59054, -82.76458 27.58927, -82.76439 27.58781, -82.76436 27.58744, -82.76431 27.58735, -82.76415 27.58675, -82.764 27.58586, -82.76383 27.58515, -82.76382 27.58512, -82.76362 27.58418, -82.76348 27.58314, -82.76349 27.5824, -82.76339 27.58198, -82.76311 27.58147, -82.76302 27.58139, -82.76274 27.58103, -82.76225 27.58056, -82.76176 27.57999, -82.76132 27.5794, -82.76083 27.57885, -82.76061 27.57853, -82.76041 27.57817, -82.76 27.57781, -82.7596 27.57753, -82.75859 27.57709, -82.7585 27.57704, -82.75757 27.57649, -82.75718 27.57625, -82.75675 27.57614, -82.75662 27.57622, -82.75635 27.57639, -82.75622 27.57665, -82.75623 27.57698, -82.75663 27.5775, -82.75711 27.57787, -82.75758 27.57816, -82.75823 27.57866, -82.75906 27.57978, -82.75973 27.58119, -82.76004 27.58229, -82.7603 27.58302, -82.76047 27.58417, -82.76059 27.58563, -82.7606 27.58693, -82.76038 27.58744, -82.76037 27.58756, -82.76017 27.58854, -82.76005 27.5896, -82.76 27.59044, -82.75986 27.59142, -82.75967 27.59207, -82.75962 27.59227, -82.75966 27.59248, -82.75965 27.59304, -82.75944 27.59384, -82.75912 27.59443, -82.75898 27.59482, -82.75879 27.59561, -82.75867 27.59626, -82.75861 27.59686, -82.75852 27.5975, -82.75854 27.59764, -82.75857 27.59853, -82.75877 27.59985, -82.75915 27.6006, -82.75966 27.60153, -82.75999 27.60193, -82.76053 27.60255, -82.76115 27.60289, -82.76165 27.60281, -82.762 27.60271, -82.76248 27.6027, -82.76253 27.6027, -82.76294 27.6025, -82.76332 27.60194, -82.76352 27.60081, -82.76354 27.60024, -82.76359 27.59865, -82.76367 27.5974, -82.76367 27.59732, -82.76369 27.59675, -82.76369 27.59626, -82.76381 27.59572, -82.76401 27.59476, -82.7641 27.59405, -82.76424 27.59319, -82.76437 27.59266, -82.76437 27.59258, -82.76454 27.59174, -82.76454 27.59162))"
ENP - Cape Sable (North),85,63,26,Monroe,SW,4.08,999.999,1,29,7.1,LOW,0,999.999,0,not present,0,999.999,0,not present,0,0,NO,NO,"MULTILINESTRING ((-81.14125 25.18406, -81.14141 25.18384, -81.1415 25.18363, -81.14174 25.18335, -81.14198 25.18336, -81.14221 25.1835, -81.14252 25.18365, -81.14259 25.18387, -81.14274 25.18423, -81.14274 25.18445, -81.14289 25.18474, -81.14288 25.18502, -81.14295 25.18524, -81.14302 25.1856, -81.14333 25.18596, -81.14332 25.18632, -81.14347 25.18668, -81.14361 25.18718, -81.14368 25.18754, -81.14383 25.18791, -81.14398 25.18812, -81.14421 25.18849, -81.14444 25.18892, -81.14451 25.18928, -81.14473 25.18979, -81.14488 25.19007, -81.14511 25.19051, -81.14525 25.19087, -81.14541 25.19116, -81.14555 25.19152, -81.14578 25.19188, -81.14585 25.19224, -81.14592 25.19246, -81.14607 25.19296, -81.14622 25.19325, -81.14645 25.19354, -81.14667 25.19405, -81.14682 25.19441, -81.14705 25.19477, -81.1472 25.19514, -81.14734 25.19564, -81.14765 25.19608, -81.14772 25.19629, -81.14795 25.19665, -81.14817 25.19716, -81.14831 25.19766, -81.14869 25.19832, -81.14892 25.19861, -81.14938 25.19912, -81.14953 25.19941, -81.14968 25.19991, -81.15005 25.20064, -81.15044 25.20107, -81.15089 25.20166, -81.1512 25.20216, -81.15166 25.20275, -81.15188 25.20311, -81.15211 25.20347, -81.15234 25.20391, -81.15256 25.20427, -81.15287 25.20463, -81.15325 25.20507, -81.15348 25.20543, -81.15378 25.20594, -81.15416 25.20652, -81.15455 25.20689, -81.155 25.20768, -81.15531 25.20805, -81.15553 25.20841, -81.15584 25.20878, -81.15623 25.20907, -81.15645 25.20943, -81.15668 25.2098, -81.15699 25.21016, -81.15745 25.21053, -81.15783 25.21118, -81.15814 25.2114, -81.15852 25.21184, -81.15883 25.21227, -81.15929 25.21279, -81.15968 25.21301, -81.15991 25.21323, -81.16006 25.21352, -81.16052 25.21403, -81.16091 25.21425, -81.16153 25.21455, -81.16176 25.21491, -81.16222 25.21528, -81.16245 25.21543, -81.16276 25.21565, -81.16346 25.21609, -81.164 25.21654, -81.16486 25.21713, -81.1654 25.21728, -81.16595 25.21765, -81.16673 25.2181, -81.16727 25.21839, -81.1682 25.21906, -81.16898 25.21943, -81.16937 25.21973, -81.16976 25.21988, -81.17007 25.21995, -81.17046 25.22025, -81.17053 25.22061, -81.17076 25.2209, -81.17099 25.22105, -81.17122 25.22141, -81.17144 25.22184, -81.17166 25.22242, -81.17165 25.22292, -81.17188 25.22336, -81.17194 25.22386, -81.17201 25.22429, -81.17208 25.22486, -81.17198 25.22536, -81.17205 25.22601, -81.17203 25.22651, -81.17193 25.22751, -81.17175 25.22837, -81.17181 25.22915, -81.17164 25.22965, -81.17154 25.23029, -81.17144 25.23122, -81.17127 25.23186, -81.17117 25.23251, -81.17124 25.23308, -81.17107 25.23358, -81.17098 25.23393, -81.17097 25.23443, -81.17095 25.23501, -81.17094 25.23565, -81.17093 25.23587, -81.171 25.23615, -81.17115 25.23666, -81.17121 25.23716, -81.17136 25.23774, -81.17134 25.23824, -81.17125 25.23874, -81.17124 25.23924, -81.17123 25.23959, -81.17122 25.23995, -81.17122 25.2401, -81.17121 25.24038, -81.17121 25.24074))"
ENP - Cape Sable (South),103,103,70,Monroe,SW,9.19,999.999,1,102,11.1,MED,0,999.999,0,not present,0,999.999,0,not present,0,0,NO,NO,"MULTILINESTRING ((-81.08587 25.1164, -81.08673 25.11638, -81.08719 25.11645, -81.08758 25.11645, -81.08791 25.1164, -81.0881 25.11653, -81.08836 25.11671, -81.08875 25.11684, -81.08901 25.1169, -81.08947 25.11709, -81.08966 25.11733, -81.08998 25.11752, -81.09017 25.11788, -81.09036 25.11819, -81.09048 25.11849, -81.0908 25.11903, -81.09092 25.11933, -81.09117 25.11975, -81.0913 25.12005, -81.09142 25.12042, -81.09154 25.12084, -81.0916 25.12108, -81.09178 25.12144, -81.09204 25.12186, -81.09216 25.12234, -81.09228 25.1227, -81.09246 25.12312, -81.09252 25.1236, -81.09264 25.12402, -81.09289 25.1245, -81.09308 25.12487, -81.09326 25.12517, -81.09345 25.12559, -81.09364 25.12589, -81.09376 25.12619, -81.09388 25.12667, -81.09407 25.12704, -81.09413 25.12733, -81.09431 25.12776, -81.09457 25.12818, -81.09489 25.12831, -81.0952 25.12885, -81.09552 25.12933, -81.09578 25.12964, -81.09609 25.13018, -81.09634 25.13048, -81.09659 25.13097, -81.09685 25.13127, -81.0971 25.13158, -81.09749 25.13188, -81.09781 25.13231, -81.09813 25.13249, -81.09832 25.13279, -81.09858 25.13298, -81.0987 25.13328, -81.09909 25.13359, -81.09935 25.13383, -81.0996 25.13402, -81.10012 25.13438, -81.1005 25.13481, -81.10089 25.13524, -81.10127 25.1356, -81.10172 25.13597, -81.10217 25.1364, -81.10256 25.13652, -81.10275 25.13677, -81.10301 25.13701, -81.10333 25.13738, -81.10365 25.13756, -81.1041 25.13775, -81.10416 25.13799, -81.10461 25.13848, -81.10493 25.13866, -81.10526 25.13891, -81.10538 25.13903, -81.10564 25.13933, -81.10596 25.13958, -81.10628 25.14, -81.1066 25.14037, -81.10699 25.14062, -81.10737 25.14086, -81.10757 25.14105, -81.10775 25.14141, -81.10801 25.14171, -81.10833 25.14208, -81.10871 25.14238, -81.1089 25.14275, -81.10935 25.14317, -81.10974 25.14354, -81.10992 25.14384, -81.11024 25.14415, -81.1105 25.14457, -81.11101 25.14494, -81.11146 25.14543, -81.11204 25.14586, -81.11229 25.14622, -81.11261 25.14652, -81.11274 25.14671, -81.113 25.14695, -81.11344 25.1475, -81.11409 25.14793, -81.11454 25.14824, -81.11493 25.1486, -81.11512 25.14884, -81.11537 25.14903, -81.11576 25.14922, -81.11595 25.14946, -81.11621 25.14964, -81.11654 25.14983, -81.11679 25.15007, -81.11699 25.1502, -81.11725 25.15032, -81.11789 25.15081, -81.11847 25.15124, -81.11938 25.15174, -81.12009 25.15217, -81.12073 25.1526, -81.12151 25.15298, -81.12288 25.15366, -81.12424 25.15423, -81.12548 25.15461, -81.12639 25.15499, -81.12743 25.15525, -81.12834 25.15563, -81.129 25.15564, -81.12985 25.15584, -81.13044 25.15597, -81.13129 25.15617, -81.13227 25.15637, -81.13312 25.1565, -81.13403 25.1567, -81.13501 25.15678, -81.13587 25.1568, -81.13685 25.15682, -81.13771 25.15684, -81.1385 25.1568, -81.13922 25.15675, -81.13994 25.15677, -81.14073 25.15672, -81.14139 25.15674, -81.14165 25.15674, -81.14168 25.15756, -81.14162 25.15839, -81.14152 25.15921, -81.1415 25.15974, -81.14141 25.16014, -81.14136 25.16081, -81.14126 25.16138, -81.14125 25.16178, -81.14119 25.16256, -81.14114 25.1631, -81.14113 25.16353, -81.14108 25.16399, -81.14107 25.16442, -81.14102 25.16482, -81.14097 25.1651, -81.141 25.1655, -81.14095 25.16585, -81.1409 25.16625, -81.14089 25.16664, -81.14088 25.167, -81.14084 25.16721, -81.14083 25.16771, -81.1407 25.16789, -81.14069 25.16825, -81.14065 25.16853, -81.14064 25.16871, -81.14059 25.16914, -81.14051 25.16946, -81.1405 25.16985, -81.14053 25.17018, -81.14052 25.17046, -81.14043 25.17078, -81.14039 25.17103, -81.14038 25.17135, -81.14029 25.17164, -81.14024 25.17207, -81.14019 25.17242, -81.14018 25.17296, -81.14013 25.17321, -81.14012 25.1736, -81.14011 25.17396, -81.14011 25.17418, -81.14014 25.17446, -81.14029 25.17479, -81.14032 25.17508, -81.14035 25.17536, -81.14034 25.17579, -81.14038 25.17608, -81.14041 25.17629, -81.14044 25.17658, -81.14047 25.17683, -81.14043 25.17705, -81.14039 25.17715, -81.14042 25.17748, -81.14056 25.17794, -81.14068 25.17823, -81.14071 25.17856, -81.14074 25.17895, -81.1408 25.17945, -81.14076 25.17967, -81.14083 25.18006, -81.1409 25.18039, -81.14097 25.1806, -81.14096 25.18092, -81.1408 25.1811, -81.14064 25.18124, -81.14051 25.18163, -81.14062 25.18192, -81.14061 25.18231, -81.14056 25.18263, -81.1406 25.18289))"
Estero Island,120,108,77,Lee,SW,3.682,0.40245704,5,208,11.3,LOW,0,999.999,0,not present,0,999.999,0,not present,0,0,NO,NO,"MULTILINESTRING ((-81.96766 26.46553, -81.96785 26.46538, -81.96794 26.46524, -81.96796 26.46491, -81.96774 26.46388, -81.96745 26.46294, -81.96705 26.46228, -81.96662 26.46171, -81.96642 26.46121, -81.96619 26.46072, -81.96585 26.46023, -81.96512 26.45914, -81.96472 26.45853, -81.96353 26.45739, -81.96269 26.45675, -81.96227 26.45639, -81.96172 26.45597, -81.96063 26.4552, -81.95971 26.45458, -81.95882 26.45403, -81.95802 26.45357, -81.95715 26.45305, -81.95571 26.45229, -81.95457 26.45173, -81.95185 26.4507, -81.94901 26.44961, -81.94679 26.44879, -81.94504 26.44802, -81.94367 26.44755, -81.94106 26.44638, -81.93816 26.44515, -81.93701 26.44468, -81.93566 26.44402, -81.93394 26.44316, -81.93225 26.44231, -81.93054 26.44147, -81.92946 26.44086, -81.92818 26.44011, -81.92646 26.43911, -81.92543 26.43851, -81.92399 26.43758, -81.92242 26.43653, -81.92079 26.4354, -81.91898 26.434, -81.91719 26.43256, -81.91625 26.43177, -81.91531 26.43109, -81.9142 26.43007, -81.91302 26.42894, -81.91183 26.42766, -81.91079 26.42655, -81.91008 26.42588, -81.90841 26.42357, -81.90722 26.42161, -81.90665 26.42064, -81.90515 26.41697, -81.90459 26.41509, -81.90436 26.41439, -81.90388 26.41313, -81.90324 26.41184, -81.90258 26.4105, -81.90183 26.40944, -81.90115 26.40864, -81.90094 26.40832, -81.90035 26.40748, -81.8997 26.40672, -81.89907 26.40612, -81.89829 26.40547, -81.89745 26.40484, -81.89712 26.40463, -81.89616 26.40425, -81.896 26.40395, -81.89566 26.40378, -81.89537 26.40367, -81.89466 26.40344, -81.89392 26.40299, -81.89353 26.40272, -81.89311 26.40238, -81.8929 26.40221, -81.8927 26.4021, -81.8923 26.40188, -81.89203 26.40174, -81.89166 26.40162, -81.89138 26.40163, -81.89109 26.40164, -81.89072 26.40172, -81.8904 26.40185, -81.89004 26.40201, -81.88982 26.40216, -81.88964 26.40235, -81.88959 26.40254, -81.88949 26.40284, -81.88941 26.40305, -81.88928 26.40325, -81.88912 26.4034, -81.88869 26.40349, -81.88832 26.40356, -81.88766 26.40352, -81.88702 26.40351, -81.88638 26.4035, -81.8851 26.40358, -81.88429 26.40382, -81.88407 26.40393, -81.88375 26.40405, -81.88351 26.40419, -81.88345 26.40421))"
Fat Deer Key,11.5,28,43,Monroe,SE,3.002,1.453395,5,24,1.6,LOW,0,999.999,0,not present,0,999.999,0,not present,0,0,NO,NO,"MULTILINESTRING ((-80.99986 24.7303, -81.0002 24.73013, -81.00065 24.72987, -81.00115 24.72954, -81.00177 24.7292, -81.00248 24.72879, -81.00302 24.72847, -81.00325 24.72836, -81.00357 24.72825, -81.00394 24.72811, -81.00466 24.72781, -81.00531 24.72751, -81.00609 24.72711, -81.00642 24.72694, -81.00672 24.72678, -81.00716 24.72655, -81.00743 24.7264, -81.00788 24.72611, -81.00843 24.72571, -81.0088 24.72541, -81.00903 24.72515, -81.00931 24.72476, -81.00981 24.7241, -81.01007 24.72396, -81.01034 24.72382, -81.01067 24.7236, -81.01089 24.72341, -81.0111 24.7232, -81.01115 24.72311))"
Fisher Island,46,54,100,Miami-Dade,SE,16.286,0.32472036,5,71,0.86,MED,0,999.999,0,not present,0,999.999,0,not present,0,0,NO,NO,"MULTILINESTRING ((-80.13993 25.75552, -80.13988 25.75569, -80.13981 25.75585, -80.1398 25.75594, -80.13977 25.75601, -80.13973 25.7561, -80.13967 25.75618, -80.1396 25.75623, -80.13953 25.75625, -80.13952 25.75617), (-80.13474 25.76167, -80.13503 25.76146, -80.13509 25.76126, -80.13527 25.76103, -80.13541 25.76088, -80.13562 25.76072, -80.13577 25.76043, -80.13587 25.76021, -80.13607 25.76016, -80.13614 25.75998, -80.13626 25.75983, -80.13633 25.75972, -80.13638 25.75959, -80.13638 25.75947, -80.13631 25.75927, -80.13642 25.75926, -80.13655 25.75923, -80.1366 25.75912, -80.1367 25.75895, -80.13681 25.75862, -80.13676 25.75838, -80.13692 25.75831, -80.13705 25.7581, -80.1371 25.75794, -80.13707 25.75774, -80.13713 25.75756, -80.13724 25.75744, -80.1373 25.75722, -80.13735 25.75694, -80.13732 25.75676, -80.13719 25.75665))"
Flagler Beach,149,159,149,Flagler,NO,10.042,0.2069006,5,482,9.6,MED,1,0.68902104,48,MED,0.124,1.36930639,6,LOW,0,0,NO,NO,"MULTILINESTRING ((-81.14073 29.50915, -81.14041 29.50843, -81.13948 29.50666, -81.13872 29.50519, -81.13816 29.50393, -81.13753 29.50263, -81.1373 29.50228, -81.13691 29.50151, -81.1364 29.5003, -81.13597 29.4995, -81.13562 29.49874, -81.13522 29.49804, -81.13479 29.4972, -81.13429 29.4962, -81.13417 29.4959, -81.13373 29.49499, -81.13273 29.49294, -81.13151 29.4905, -81.13084 29.48889, -81.12971 29.48666, -81.12909 29.48533, -81.12889 29.48489, -81.12801 29.48331, -81.12754 29.48234, -81.12698 29.48144, -81.12656 29.48062, -81.12632 29.47999, -81.12615 29.47965, -81.12593 29.47917, -81.12583 29.4789, -81.12571 29.47865, -81.12559 29.47837, -81.12551 29.47822, -81.12542 29.47801, -81.12535 29.47785, -81.12532 29.47769, -81.12527 29.47747, -81.12527 29.47739, -81.12501 29.47695, -81.12484 29.47658, -81.12466 29.47598, -81.12447 29.47565, -81.12416 29.47504, -81.12372 29.47403, -81.12337 29.47332, -81.12304 29.47273, -81.1225 29.47165, -81.12211 29.47074, -81.12171 29.46991, -81.12139 29.46932, -81.12104 29.46849, -81.12086 29.46801, -81.1206 29.46746, -81.12047 29.46719, -81.12041 29.46704, -81.1203 29.46685, -81.12023 29.46673, -81.11968 29.46555, -81.11903 29.4643, -81.11854 29.46324, -81.11784 29.46181, -81.1178 29.4617, -81.11748 29.46092, -81.11711 29.46016, -81.11696 29.45974, -81.11679 29.4594, -81.11668 29.45921, -81.11654 29.45891, -81.11652 29.45882, -81.11652 29.45882, -81.11631 29.45837, -81.11598 29.45755, -81.11538 29.45636, -81.11482 29.45523, -81.11482 29.45513, -81.11478 29.45513, -81.11441 29.45429, -81.11396 29.4534, -81.11375 29.45286, -81.11362 29.45252, -81.11353 29.45234, -81.11343 29.45221, -81.11308 29.45146, -81.11274 29.4505, -81.11171 29.44833, -81.11049 29.44564, -81.11019 29.44489, -81.11008 29.44457, -81.10995 29.44432, -81.10983 29.44417, -81.10966 29.44385, -81.10955 29.44358, -81.10943 29.44323, -81.10932 29.44294, -81.1092 29.4427, -81.10911 29.44248, -81.10898 29.44224, -81.10879 29.4419, -81.10869 29.44173))"
Flagler Beach SP,108,67,57,Flagler,NO,19.446,0.28912909,5,175,1.8,HIGH,1.778,0.92061169,16,MED,0.112,2.23606798,1,LOW,0,0,NO,NO,"MULTILINESTRING ((-81.10869 29.44173, -81.10858 29.44151, -81.10843 29.44121, -81.10831 29.44092, -81.10817 29.44059, -81.10809 29.44037, -81.10797 29.44009, -81.1079 29.43989, -81.10768 29.43947, -81.1074 29.43897, -81.10733 29.43879, -81.10728 29.43858, -81.10719 29.43831, -81.1071 29.43806, -81.10701 29.43788, -81.10685 29.4376, -81.10675 29.43734, -81.10669 29.43717, -81.10662 29.43703, -81.10648 29.43676, -81.10641 29.43662, -81.10635 29.43644, -81.1063 29.43629, -81.10624 29.43611, -81.10611 29.43584, -81.10598 29.43562, -81.10586 29.4354, -81.10566 29.43504, -81.10557 29.43485, -81.10551 29.43466, -81.10541 29.4344, -81.10532 29.43416, -81.1052 29.43389, -81.10511 29.43373, -81.10502 29.43359, -81.10493 29.43337, -81.10483 29.43307, -81.10477 29.43289, -81.10469 29.43264, -81.10461 29.43249, -81.10452 29.43231, -81.10442 29.43215, -81.10432 29.432, -81.10425 29.43183, -81.10416 29.43165, -81.10407 29.43142, -81.10386 29.43098, -81.10381 29.43085, -81.10373 29.4307, -81.10363 29.43048, -81.10352 29.43027, -81.10336 29.4298, -81.10326 29.4295, -81.10312 29.42917, -81.10296 29.42887, -81.10279 29.42859, -81.10264 29.42827, -81.10231 29.42758, -81.10213 29.42717))"
Fort Clinch,93,93,123,Nassau,NO,5.7,0.48185768,5,114,4,MED,0.45,0.72435582,9,MED,0.15,1.49071198,3,LOW,0,0,NO,NO,"MULTILINESTRING ((-81.42651 30.70053, -81.4263 30.70046, -81.42622 30.70029, -81.42634 30.69991, -81.42644 30.69955, -81.42682 30.69848, -81.42716 30.69718, -81.42743 30.69606, -81.42758 30.69547, -81.42774 30.69488, -81.42793 30.69378, -81.42817 30.693, -81.42845 30.69083), (-81.42651 30.70053, -81.42663 30.70057), (-81.45292 30.70534, -81.45246 30.70524, -81.45193 30.70516, -81.45059 30.70486, -81.45026 30.70484, -81.44978 30.70483, -81.44922 30.7048, -81.44846 30.70462, -81.44749 30.70424, -81.44639 30.70392, -81.44552 30.70375, -81.44459 30.70387, -81.444 30.7039, -81.4437 30.70398, -81.44273 30.70427, -81.4419 30.70419, -81.44043 30.70445, -81.43969 30.70461, -81.43913 30.70473, -81.43849 30.70475, -81.43772 30.70459, -81.43708 30.70454, -81.43631 30.70433, -81.43516 30.7041, -81.43411 30.70356, -81.43306 30.70289, -81.43205 30.70238, -81.43126 30.70174, -81.43063 30.7012, -81.42981 30.70064, -81.42874 30.70017, -81.42819 30.70008, -81.42783 30.70031, -81.42725 30.70038, -81.42688 30.70054, -81.42651 30.70053))"
Fort Desoto County Park,161,150,109,Pinellas,CW,6.148,0.49042618,5,295,9.6,MED,0,999.999,0,not present,0,999.999,0,not present,0,0,NO,NO,"MULTILINESTRING ((-82.69848 27.63764, -82.6984 27.6375, -82.69847 27.63735, -82.69857 27.63712, -82.69884 27.63689, -82.69907 27.63676, -82.69938 27.63652, -82.69966 27.63616, -82.69988 27.63566, -82.69985 27.63542, -82.69989 27.63511, -82.70006 27.63484, -82.70022 27.63456, -82.70048 27.63426, -82.70061 27.63398, -82.70065 27.63377, -82.70055 27.63354, -82.70047 27.6333, -82.70044 27.63317, -82.70046 27.63301, -82.70054 27.63282, -82.70055 27.63256, -82.70081 27.63205, -82.70091 27.6318, -82.70096 27.63165, -82.701 27.63155, -82.70109 27.63147, -82.70118 27.63149, -82.70128 27.6314, -82.70141 27.63123, -82.70141 27.63103, -82.70134 27.63097, -82.70128 27.63081, -82.70133 27.63067, -82.70126 27.63042, -82.70125 27.63016, -82.70131 27.63001, -82.70137 27.6297, -82.70148 27.62937, -82.70173 27.62868, -82.70206 27.62802, -82.70242 27.62762, -82.70257 27.62746, -82.70271 27.62733, -82.70387 27.62635, -82.70418 27.62604, -82.70454 27.62581, -82.70479 27.62571, -82.70501 27.62565, -82.70517 27.62552, -82.70541 27.62549, -82.70572 27.62532, -82.7059 27.62518, -82.70616 27.62502, -82.70645 27.62484, -82.70698 27.62459, -82.70769 27.62443, -82.70824 27.62415, -82.70841 27.62402, -82.70873 27.62395, -82.70911 27.62382, -82.70965 27.6236, -82.71078 27.62308, -82.71151 27.62261, -82.71243 27.62226, -82.71336 27.62178, -82.71448 27.62121, -82.71504 27.62096, -82.71569 27.62063, -82.71651 27.62025, -82.71755 27.6198, -82.71891 27.61928, -82.7206 27.61866, -82.72189 27.61816, -82.72267 27.61777, -82.7237 27.61741, -82.72461 27.61706, -82.72526 27.61679, -82.72567 27.61657, -82.72605 27.61634, -82.72636 27.61619, -82.72683 27.61599, -82.72743 27.61574, -82.72816 27.61538, -82.72892 27.61504, -82.72994 27.61452, -82.73067 27.6141, -82.73142 27.61364, -82.73189 27.61329, -82.73229 27.61299, -82.73268 27.61271, -82.73341 27.61221, -82.73384 27.61198, -82.73427 27.61176, -82.7346 27.61161, -82.73512 27.61155, -82.73591 27.61182, -82.73681 27.61238, -82.73713 27.61289, -82.73735 27.61362, -82.73724 27.61443, -82.73717 27.61491, -82.73692 27.61615, -82.73675 27.6168, -82.73659 27.61734, -82.73646 27.61802, -82.73622 27.61886, -82.73616 27.6197, -82.73627 27.62019, -82.73679 27.62152, -82.73725 27.62275, -82.73755 27.62326, -82.73782 27.62378, -82.73817 27.62444, -82.73854 27.62513, -82.73873 27.62544, -82.73884 27.62571, -82.73913 27.6262, -82.73927 27.62666, -82.7397 27.62789, -82.7399 27.62873, -82.74021 27.62978, -82.74031 27.63043, -82.74058 27.6311, -82.74068 27.63157, -82.74083 27.63203, -82.74097 27.63286, -82.74105 27.63313, -82.74115 27.63355, -82.74118 27.6338, -82.7412 27.63406, -82.74124 27.63421, -82.74128 27.63431, -82.7413 27.63444, -82.74134 27.63456), (-82.74243 27.64876, -82.74254 27.64883, -82.74287 27.64902, -82.74295 27.64911, -82.74305 27.6492, -82.74319 27.64933, -82.74333 27.64946, -82.74351 27.64949, -82.74364 27.64942, -82.74368 27.64914, -82.74357 27.64868, -82.74332 27.64818, -82.74331 27.64763, -82.74337 27.64721, -82.74333 27.6467, -82.7433 27.64638, -82.74337 27.64593, -82.74338 27.64541, -82.74331 27.64472, -82.7431 27.64387, -82.74273 27.64275, -82.7425 27.64152, -82.74216 27.64055, -82.74194 27.63945, -82.74168 27.63855, -82.74145 27.63775, -82.74139 27.63737, -82.74133 27.63717, -82.74113 27.63668, -82.74017 27.63515))"
Fort Lauderdale Beach,80,161,200,Broward,SE,79.454,0.18451367,5,4211,10.6,MED,6.17,0.43415565,327,MED,0.508,0.95329262,27,MED,0,0,NO,NO,"MULTILINESTRING ((-80.09483 26.18948, -80.09483 26.18921, -80.09502 26.18831, -80.09513 26.18758, -80.09532 26.18663, -80.09556 26.1853, -80.09583 26.18324, -80.09595 26.18219, -80.09607 26.18076, -80.0962 26.17935, -80.09641 26.17827, -80.0965 26.17774, -80.09665 26.17704, -80.09679 26.17646, -80.09706 26.17527, -80.09733 26.17327, -80.09737 26.17289, -80.09743 26.17192, -80.09757 26.17056, -80.09782 26.16922, -80.09792 26.16751, -80.09802 26.16679, -80.09814 26.16605, -80.09845 26.16342, -80.09897 26.16131, -80.09989 26.15519, -80.10032 26.15334, -80.10069 26.15034, -80.10125 26.14759, -80.10166 26.14514, -80.10185 26.1442, -80.10203 26.14307, -80.10203 26.14201, -80.10222 26.14042, -80.1023 26.13983, -80.10239 26.13912, -80.10248 26.13851, -80.10253 26.13786, -80.10262 26.13717, -80.10267 26.13655, -80.10272 26.13619, -80.10295 26.13282, -80.10291 26.13245, -80.10291 26.13196, -80.10296 26.1314, -80.103 26.12977, -80.10308 26.12852, -80.10319 26.12759, -80.10317 26.12704, -80.10323 26.12536, -80.10324 26.12514, -80.10342 26.12375, -80.10347 26.1233, -80.10364 26.12262, -80.10375 26.12184, -80.10378 26.12136, -80.10387 26.12098, -80.10406 26.11964, -80.10406 26.11929, -80.10406 26.11823, -80.10406 26.11741, -80.10407 26.1169, -80.1042 26.11448, -80.10421 26.11351, -80.10428 26.11296, -80.1043 26.11253, -80.10439 26.1113, -80.10442 26.11081, -80.10443 26.11039, -80.10449 26.10985, -80.10451 26.10947, -80.10453 26.10908, -80.10456 26.10873, -80.10459 26.10738, -80.10466 26.10526, -80.10469 26.10345, -80.10472 26.10275, -80.1048 26.10072, -80.10482 26.09836, -80.10483 26.09771, -80.10485 26.09699, -80.10489 26.09636, -80.10492 26.09572, -80.1049 26.09543, -80.10481 26.09522))"
Fort Matanzas (North),113,152,157,St. Johns,NO,4.262,0.20756215,5,162,7.6,LOW,0.236,1.20989232,9,MED,0.052,1.36930639,2,LOW,0,0,NO,NO,"MULTILINESTRING ((-81.25145 29.76941, -81.25088 29.7676, -81.2504 29.76616, -81.2502 29.76578, -81.24958 29.76393, -81.24885 29.76184, -81.24866 29.76126, -81.24775 29.75896, -81.24704 29.75661, -81.24601 29.75398, -81.24569 29.75322, -81.24555 29.75281, -81.24544 29.75245, -81.24536 29.75214, -81.24516 29.75144, -81.24466 29.75013, -81.2435 29.74718, -81.24266 29.74484, -81.24177 29.74269, -81.24095 29.74052, -81.24089 29.74039, -81.24046 29.73935, -81.24002 29.73822, -81.23945 29.73689, -81.23882 29.73545, -81.23834 29.73416, -81.2379 29.73312, -81.23753 29.73232, -81.23735 29.7319, -81.23729 29.73181, -81.23632 29.72959, -81.2357 29.72821, -81.23494 29.72652, -81.23425 29.72507, -81.23407 29.72477, -81.2339 29.72437, -81.23378 29.72418, -81.23368 29.72392, -81.23358 29.72372, -81.23344 29.72346, -81.23332 29.72318, -81.23323 29.72298, -81.23313 29.72273, -81.23301 29.7225, -81.23292 29.72225, -81.23283 29.72206, -81.23278 29.72195, -81.23272 29.72179, -81.23264 29.72168, -81.23253 29.7215, -81.23234 29.72116, -81.23209 29.72072, -81.23176 29.72011, -81.23128 29.71911, -81.23042 29.71742, -81.22942 29.71563, -81.22874 29.71452, -81.22859 29.71425, -81.22842 29.7139, -81.2282 29.71353, -81.22805 29.71323, -81.22792 29.71299, -81.22773 29.71271, -81.22761 29.71245, -81.22751 29.71221, -81.22741 29.71192, -81.22737 29.7116, -81.22735 29.71118, -81.22729 29.71059, -81.22735 29.71037, -81.22741 29.71018, -81.22741 29.71002, -81.22742 29.70989, -81.22742 29.70974, -81.2274 29.70957, -81.22738 29.7093, -81.22732 29.70911, -81.2273 29.70895, -81.22727 29.70874, -81.22729 29.70852, -81.22733 29.7083, -81.22737 29.70812, -81.2274 29.70794, -81.22745 29.70776, -81.22748 29.70766, -81.22752 29.70755, -81.22757 29.70746, -81.22762 29.70734, -81.22767 29.70723, -81.22776 29.70696, -81.22784 29.70676, -81.22788 29.70654, -81.22806 29.70603))"
Fort Matanzas (South),94,57,66,St. Johns,NO,9.218,0.28702871,5,189,4.1,MED,0.438,1.07359357,9,MED,0.438,1.64640211,9,MED,0,0,NO,NO,"MULTILINESTRING ((-81.22752 29.7042, -81.22728 29.70405, -81.22716 29.70396, -81.22698 29.70386, -81.22682 29.70373, -81.22658 29.70362, -81.22641 29.7035, -81.22625 29.70333, -81.22612 29.70316, -81.22586 29.70287, -81.22557 29.70258, -81.22538 29.70236, -81.22508 29.70191, -81.22489 29.70161, -81.22474 29.70138, -81.22457 29.70106, -81.22445 29.70081, -81.2243 29.70063, -81.2241 29.70035, -81.22399 29.70017, -81.22387 29.70006, -81.22376 29.69991, -81.22366 29.69976, -81.22356 29.69959, -81.22347 29.69946, -81.22338 29.69927, -81.22333 29.69912, -81.22328 29.69895, -81.22326 29.69881, -81.22324 29.69848, -81.22317 29.6983, -81.22311 29.69809, -81.22305 29.6979, -81.22298 29.69767, -81.22289 29.69746, -81.22284 29.69728, -81.22278 29.6971, -81.2227 29.69688, -81.22264 29.69671, -81.22259 29.69655, -81.22255 29.69639, -81.22254 29.69623, -81.22266 29.69605, -81.22272 29.69579, -81.22267 29.69549, -81.22257 29.69525, -81.22247 29.69504, -81.22239 29.69489, -81.22228 29.69471, -81.22218 29.69448, -81.2221 29.69429, -81.22201 29.69409, -81.22181 29.69345, -81.22151 29.69282, -81.22127 29.69208, -81.22099 29.69119, -81.22069 29.6904, -81.2205 29.6899, -81.22032 29.68947, -81.2202 29.68912, -81.22003 29.68873, -81.21986 29.68837, -81.21975 29.68805, -81.21957 29.6878, -81.21951 29.68761, -81.21946 29.68744, -81.21945 29.68737, -81.2194 29.68738, -81.21922 29.68685, -81.21908 29.68646, -81.21866 29.6853, -81.21849 29.68493, -81.21834 29.6846, -81.21822 29.68423, -81.21812 29.6839, -81.21804 29.68362, -81.21795 29.68331, -81.21787 29.68301, -81.21779 29.68271, -81.2177 29.68242, -81.2176 29.6821, -81.21748 29.68178, -81.2173 29.68144, -81.21713 29.68093, -81.21713 29.68093, -81.21712 29.68093, -81.21703 29.68074, -81.21659 29.6796, -81.21595 29.67808, -81.21563 29.67727, -81.21541 29.67662, -81.21538 29.67648, -81.21516 29.67584, -81.21497 29.67531, -81.21485 29.67494, -81.21465 29.67458, -81.21451 29.67428, -81.21436 29.67396, -81.21423 29.67362, -81.21403 29.67316, -81.21358 29.67222, -81.21343 29.67177, -81.21324 29.67124, -81.21312 29.67086))"
Fort Pierce Inlet State Park,74,4,11,St. Lucie,CE,41.334,0.1154377,5,124,0.6,LOW,1,1.48978186,3,MED,1.334,1.04470699,4,MED,0,0,NO,NO,"MULTILINESTRING ((-80.29316 27.47924, -80.29299 27.479, -80.29269 27.47851, -80.29212 27.47753, -80.29192 27.47715, -80.29176 27.47687, -80.2916 27.4766, -80.29144 27.47629, -80.29132 27.476, -80.29123 27.47582, -80.29105 27.4755, -80.29084 27.47525, -80.29071 27.47499, -80.29051 27.47467, -80.29034 27.47441, -80.29022 27.47417, -80.29005 27.47393, -80.28987 27.47372, -80.28976 27.47357, -80.28973 27.47334))"
Fort Zachary Taylor State Park,37,9,2.5,Monroe,SE,9.2,0.99145689,5,23,0.5,MED,0,999.999,0,not present,0,999.999,0,not present,0,0,NO,NO,"MULTILINESTRING ((-81.81241 24.54564, -81.81215 24.54572, -81.81173 24.54561, -81.81148 24.54552, -81.81131 24.54548, -81.81109 24.54546, -81.81078 24.54539, -81.81034 24.54526, -81.8101 24.54526, -81.80969 24.54516, -81.80952 24.54529, -81.80938 24.54536, -81.80919 24.54537, -81.80883 24.54529, -81.80833 24.54531, -81.80826 24.54532))"
Gasparilla Island North (Charlotte County),119,128,36,Charlotte,CW,33.688,0.49926086,5,539,3.2,HIGH,0.25,1.0518555,4,MED,0,999.999,0,not present,0,0,NO,NO,"MULTILINESTRING ((-82.28068 26.81103, -82.28201 26.8109, -82.28333 26.81013, -82.28404 26.80945, -82.28447 26.80921, -82.28452 26.80887, -82.28459 26.80838, -82.28463 26.80806, -82.28464 26.80789, -82.28467 26.80762, -82.28473 26.80673, -82.28469 26.80626, -82.284 26.80574, -82.28356 26.80501, -82.28333 26.80459, -82.28306 26.80418, -82.2827 26.80391, -82.28253 26.8036, -82.28235 26.80314, -82.28219 26.80278, -82.28187 26.80241, -82.28137 26.80197, -82.28088 26.80152, -82.28051 26.80089, -82.28032 26.80043, -82.27984 26.80013, -82.27933 26.79981, -82.27881 26.79906, -82.27839 26.79844, -82.278 26.79792, -82.27775 26.79752, -82.27756 26.79727, -82.27722 26.79688, -82.27671 26.79665, -82.27601 26.79565, -82.2749 26.79419, -82.27444 26.79354, -82.27353 26.79225, -82.273 26.7911, -82.27208 26.78969))"
Gasparilla Island South (Lee County),130,106,79,Lee,CW,27.526,0.18609952,5,1335,9.7,MED,0.578,0.78528419,28,MED,0,999.999,0,not present,0,0,NO,NO,"MULTILINESTRING ((-82.26376 26.74264, -82.26379 26.7416, -82.26378 26.74086, -82.26375 26.74011, -82.26393 26.73909, -82.2639 26.73829, -82.26385 26.73757, -82.26377 26.73668, -82.26366 26.73583, -82.26355 26.73492, -82.26344 26.73392, -82.2634 26.73307, -82.26334 26.73216, -82.26339 26.73118, -82.26337 26.73026, -82.26336 26.72897, -82.26345 26.72818, -82.26351 26.72736), (-82.27233 26.7898, -82.272 26.78907, -82.27087 26.7866, -82.27087 26.78659, -82.27036 26.78522, -82.26993 26.78382, -82.26943 26.78227, -82.26909 26.78101, -82.26879 26.77996, -82.26846 26.7787, -82.26819 26.77757, -82.26801 26.77672, -82.26789 26.77609, -82.26777 26.77531, -82.26758 26.77452, -82.26747 26.77355, -82.2672 26.77219, -82.26698 26.77111, -82.26685 26.7704, -82.2667 26.76966, -82.26661 26.76904, -82.26639 26.7677, -82.26626 26.76673, -82.26614 26.76584, -82.26614 26.76548, -82.26604 26.76503, -82.26596 26.76448, -82.26588 26.76337, -82.26578 26.76277, -82.26561 26.7616, -82.26547 26.76061, -82.26534 26.76013, -82.26512 26.75881, -82.2648 26.75663, -82.26459 26.75452, -82.26461 26.75412, -82.26459 26.75333, -82.26456 26.75279, -82.26451 26.75208, -82.26452 26.75145, -82.26449 26.75091, -82.26437 26.74987, -82.26436 26.74937, -82.26437 26.74889, -82.26438 26.74622, -82.26395 26.74572, -82.26379 26.74351))"
Gasparilla Island State Park,73,18,8,Lee,CW,6.962,0.11141538,5,55,1.6,MED,0.254,2.23606798,2,MED,0,999.999,0,not present,0,0,NO,NO,"MULTILINESTRING ((-82.2638 26.72141, -82.26405 26.72097, -82.26418 26.72048, -82.26404 26.72, -82.26334 26.71932, -82.26303 26.71878, -82.26267 26.71834, -82.26225 26.71781, -82.26179 26.71731, -82.26131 26.71695, -82.26076 26.71706, -82.26037 26.7175, -82.2592 26.71812), (-82.26351 26.72736, -82.26356 26.72626, -82.26362 26.72522, -82.26369 26.72408, -82.26375 26.72287, -82.2637 26.72172), (-82.26379 26.74351, -82.26376 26.74264))"
Golden Beach,39,102,72,Miami-Dade,SE,15.472,0.19926928,5,147,1.9,MED,3.054,1.42365864,29,MED,0.422,1.04230391,4,MED,0,0,NO,NO,"MULTILINESTRING ((-80.11826 25.97519, -80.11825 25.97494, -80.11823 25.97453, -80.11823 25.97429, -80.11821 25.97404, -80.11821 25.97373, -80.1182 25.97347, -80.1182 25.97296, -80.11818 25.97267, -80.11819 25.97243, -80.11822 25.97218, -80.11823 25.97192, -80.11823 25.97171, -80.11828 25.97147, -80.1183 25.97131, -80.11832 25.97115, -80.11834 25.97102, -80.11837 25.97085, -80.11839 25.97063, -80.11845 25.97031, -80.11847 25.97001, -80.11847 25.96971, -80.11846 25.96954, -80.11842 25.96935, -80.11842 25.96909, -80.1184 25.96883, -80.11837 25.96858, -80.11836 25.96837, -80.11835 25.96804, -80.11836 25.96756, -80.11838 25.96691, -80.11839 25.96665, -80.11843 25.96631, -80.11844 25.966, -80.11847 25.96568, -80.11849 25.96534, -80.11852 25.96505, -80.11855 25.9647, -80.11859 25.96446, -80.11861 25.96425, -80.11864 25.96398, -80.11867 25.96368, -80.11866 25.96337, -80.11864 25.96313, -80.11866 25.96286, -80.11866 25.96255, -80.11864 25.96233, -80.1186 25.96207, -80.11856 25.96179, -80.11857 25.96152, -80.11858 25.9613, -80.11858 25.96104, -80.11856 25.96076, -80.11853 25.96054, -80.11848 25.96017, -80.11845 25.95989, -80.11842 25.95956, -80.11841 25.95935, -80.11842 25.95901, -80.11842 25.95868, -80.11842 25.95843, -80.11843 25.95817, -80.1185 25.95712))"
Grayton Beach State Park,165,157,185,Walton,NW,1.158,0.79680236,5,22,3.8,MED,0,999.999,0,not present,0,999.999,0,not present,0,0,NO,NO,"MULTILINESTRING ((-86.17991 30.33169, -86.1795 30.33151, -86.17908 30.3314, -86.17875 30.33128, -86.17831 30.33111, -86.17785 30.33099, -86.17737 30.33083, -86.17706 30.33073, -86.17671 30.33061, -86.17643 30.33051, -86.17616 30.33043, -86.17591 30.33036, -86.17556 30.33024, -86.17523 30.33012, -86.175 30.3301, -86.17488 30.33006, -86.17458 30.33, -86.17443 30.32983, -86.17431 30.32978, -86.17398 30.32966, -86.17344 30.32953, -86.17298 30.32937, -86.17253 30.3292, -86.17209 30.32907, -86.17171 30.32898, -86.17137 30.32884, -86.17103 30.3288, -86.17071 30.32873, -86.17049 30.32862, -86.17013 30.32852, -86.16973 30.32843, -86.16937 30.32834, -86.16903 30.32825, -86.16877 30.32819, -86.16857 30.32815, -86.16824 30.32805, -86.16804 30.32798, -86.16781 30.32793, -86.16757 30.32784, -86.16729 30.32776, -86.16706 30.32765, -86.16685 30.32758, -86.16667 30.32753, -86.16646 30.32743, -86.16623 30.32734, -86.16607 30.3273, -86.16577 30.32722, -86.16555 30.32716, -86.16531 30.32709, -86.16503 30.32703, -86.16469 30.32695, -86.16438 30.32685, -86.16416 30.32678, -86.16385 30.32659, -86.16369 30.32649, -86.16331 30.32632, -86.16316 30.32627, -86.16292 30.32616, -86.16272 30.32612, -86.16247 30.3261, -86.16229 30.32604, -86.16208 30.32597, -86.16187 30.32592, -86.1617 30.32586, -86.16148 30.32581, -86.16125 30.32576, -86.1609 30.32566, -86.16068 30.3256, -86.16031 30.32545, -86.15987 30.32531, -86.15928 30.32515, -86.15867 30.32502, -86.15833 30.32492, -86.15787 30.32479, -86.15728 30.32458, -86.15692 30.32443, -86.15676 30.32441, -86.15649 30.32433, -86.15623 30.32423, -86.15594 30.32412, -86.15554 30.324, -86.15519 30.3239, -86.15487 30.32382, -86.15462 30.32374, -86.15439 30.32367, -86.15403 30.32356, -86.15376 30.32345, -86.15329 30.32331, -86.15293 30.32319, -86.15254 30.32307, -86.15244 30.32304, -86.15195 30.3229, -86.15149 30.32276, -86.1509 30.32256, -86.15046 30.32244, -86.15003 30.32229, -86.14967 30.32219, -86.14948 30.32215, -86.14919 30.32213, -86.14892 30.32208, -86.14856 30.32197, -86.14828 30.32183, -86.148 30.32178, -86.14754 30.32162, -86.1471 30.32146, -86.1468 30.32134, -86.14645 30.32125, -86.14618 30.32122))"
Guana River (South),134,104,146,St. Johns,NO,12.966,0.27457865,5,363,5.6,MED,0.678,0.59797301,19,MED,0.5,0.58120564,14,MED,0,0,NO,NO,"MULTILINESTRING ((-81.33312 30.06837, -81.33274 30.06675, -81.33232 30.06485, -81.33192 30.06307, -81.33137 30.06065, -81.331 30.05886, -81.33063 30.05723, -81.33053 30.05677, -81.33021 30.05525, -81.32985 30.0533, -81.32937 30.051, -81.32919 30.05003, -81.32875 30.04818, -81.32814 30.04533, -81.32763 30.04305, -81.32737 30.04176, -81.32686 30.03973, -81.32648 30.038, -81.32607 30.03633, -81.3257 30.03465, -81.32511 30.03215, -81.32469 30.03054, -81.32443 30.02936, -81.32393 30.02743, -81.32361 30.02612, -81.32318 30.02445, -81.32275 30.02263, -81.32275 30.02263))"
Guana Tolomato Matanzas NERR,167,141,142,St. Johns,NO,15.826,0.27965462,5,538,6.8,HIGH,0.97,0.64706635,33,MED,0.176,1.08297899,6,MED,0,0,NO,NO,"MULTILINESTRING ((-81.34714 30.12716, -81.34661 30.12491, -81.34592 30.12198, -81.3456 30.1207, -81.34507 30.1185, -81.34414 30.11505, -81.34408 30.11461, -81.34372 30.11301, -81.34309 30.11044, -81.34263 30.10853, -81.34239 30.10759, -81.34203 30.10618, -81.34164 30.10467, -81.34121 30.10263, -81.34098 30.10163, -81.34063 30.10022, -81.34003 30.09752, -81.3396 30.09582, -81.33928 30.09438, -81.33874 30.09226, -81.33824 30.09029, -81.33766 30.08809, -81.33724 30.0863, -81.33654 30.08347, -81.33645 30.08314, -81.33567 30.07975, -81.33491 30.07628, -81.33437 30.07404, -81.33388 30.07185, -81.33346 30.07, -81.33312 30.06837))"
Gulf Islands National Seashore (Fort Pickens),209,200,188,Escambia,NW,0.852,0.49709032,5,51,12,LOW,0,999.999,0,not present,0,999.999,0,not present,0,1,NO,YES,"MULTILINESTRING ((-87.30288 30.33098, -87.30293 30.33094, -87.30313 30.33077, -87.30322 30.33055, -87.3032 30.33033, -87.30304 30.33008, -87.30278 30.32979, -87.30267 30.32961, -87.30254 30.32937, -87.30234 30.32911, -87.30219 30.32891, -87.302 30.32878, -87.3019 30.3287, -87.3015 30.32845, -87.30137 30.32832, -87.30112 30.32811, -87.30081 30.32794, -87.30049 30.32773, -87.30014 30.32755, -87.29984 30.32738, -87.29955 30.32716, -87.29935 30.32701, -87.29926 30.32684, -87.29906 30.32663, -87.29871 30.32647, -87.29845 30.32635, -87.29836 30.3263, -87.29813 30.32617, -87.29789 30.326, -87.29748 30.32582, -87.2971 30.32566, -87.29587 30.32505, -87.29531 30.3248, -87.29462 30.32451, -87.29414 30.32421, -87.29376 30.32402, -87.2932 30.32375, -87.29298 30.32363, -87.29287 30.3235, -87.29247 30.32331, -87.29196 30.32306, -87.29136 30.32271, -87.29104 30.32253, -87.29062 30.32238, -87.29029 30.32223, -87.2899 30.32203, -87.28942 30.32186, -87.28921 30.32169, -87.28896 30.32152, -87.28862 30.32135, -87.28819 30.32117, -87.28779 30.32101, -87.28727 30.32076, -87.28688 30.32058, -87.28653 30.32038, -87.28623 30.32024, -87.28586 30.32009, -87.28565 30.31996, -87.28524 30.31982, -87.28507 30.31969, -87.28467 30.31952, -87.28455 30.31941, -87.28427 30.3192, -87.28378 30.31898, -87.28337 30.31883, -87.28292 30.31866, -87.28258 30.31852, -87.28221 30.31851, -87.28181 30.31849, -87.28116 30.31842, -87.28087 30.3184, -87.28058 30.31836, -87.28018 30.31823, -87.2796 30.31827, -87.27934 30.31828, -87.27899 30.31825, -87.27851 30.31821, -87.27817 30.31817, -87.27799 30.31816, -87.27764 30.31807, -87.2776 30.31805, -87.27749 30.31803, -87.27749 30.31803, -87.27718 30.31798, -87.27693 30.31796, -87.27669 30.31789, -87.27652 30.31794, -87.27612 30.31785, -87.2757 30.31773, -87.27548 30.31765, -87.27514 30.31755, -87.27485 30.31744, -87.27449 30.3174, -87.27409 30.3173, -87.27385 30.31725, -87.27356 30.31717, -87.27328 30.31709, -87.27307 30.31703, -87.27275 30.31693, -87.27246 30.31684, -87.27228 30.31677, -87.27216 30.3167, -87.27204 30.31667, -87.27171 30.31662, -87.27153 30.31652, -87.27097 30.31648, -87.27044 30.31637, -87.27016 30.31641, -87.26983 30.3164, -87.26955 30.31634, -87.26935 30.3163, -87.26865 30.31627, -87.26807 30.31631, -87.26733 30.3163, -87.26689 30.31634, -87.2664 30.3163, -87.266 30.31632, -87.26575 30.31637, -87.26549 30.31634, -87.26534 30.3163, -87.26504 30.31632, -87.26479 30.3163, -87.26452 30.31626, -87.26401 30.31628, -87.26371 30.3163, -87.26329 30.3163, -87.26297 30.3163, -87.2626 30.31632, -87.26221 30.31634, -87.26185 30.31634, -87.26151 30.31634, -87.26093 30.31635, -87.26054 30.31632, -87.26037 30.3163, -87.26005 30.31632, -87.25962 30.31636, -87.25918 30.31637, -87.25884 30.3164, -87.25859 30.31639, -87.25836 30.31641, -87.25797 30.31648, -87.25781 30.31652, -87.25768 30.31655, -87.25755 30.31652, -87.25743 30.31657, -87.25719 30.3166, -87.25699 30.3166, -87.25676 30.3166, -87.25574 30.31669, -87.25527 30.31675, -87.25492 30.31675, -87.25465 30.31682, -87.25439 30.31681, -87.25414 30.31682, -87.25395 30.31682, -87.25385 30.31687, -87.25344 30.31683, -87.25319 30.31683, -87.25292 30.31687, -87.25274 30.31692, -87.25234 30.3169, -87.25199 30.3169, -87.25165 30.31698, -87.25139 30.317, -87.25109 30.31699, -87.25073 30.31693, -87.25054 30.31697, -87.25034 30.31702, -87.2501 30.31701, -87.24992 30.31701, -87.24974 30.31706, -87.24953 30.31711, -87.24935 30.31707, -87.24913 30.31704, -87.24864 30.31704, -87.24829 30.31709, -87.24794 30.31714, -87.24761 30.31718, -87.24721 30.31727, -87.24691 30.31729, -87.24673 30.31729, -87.24655 30.3173, -87.24635 30.3173, -87.2459 30.31734, -87.24576 30.31738, -87.24548 30.31742, -87.24532 30.31744, -87.24519 30.31742, -87.24485 30.31746, -87.24432 30.3175, -87.24387 30.31752, -87.24336 30.31752, -87.24287 30.31762, -87.2426 30.31762, -87.24235 30.31763, -87.24214 30.31764, -87.24206 30.31764, -87.24171 30.31764, -87.24151 30.3177, -87.24126 30.31776, -87.2409 30.31776, -87.24057 30.31778, -87.24019 30.31782, -87.23992 30.31784, -87.23963 30.31784, -87.23916 30.31792, -87.23872 30.31794, -87.23838 30.31798, -87.2378 30.31804, -87.23734 30.3181, -87.23689 30.31812, -87.23671 30.31812, -87.23626 30.31814, -87.23577 30.31816, -87.23544 30.31816, -87.23521 30.31824, -87.23487 30.31823, -87.23457 30.3182, -87.23423 30.31827, -87.23406 30.3183, -87.23368 30.31835, -87.23323 30.31843, -87.23285 30.31843, -87.23263 30.31843, -87.2321 30.3185, -87.23189 30.31857, -87.23163 30.31851, -87.23141 30.3185, -87.23115 30.31859, -87.23094 30.31865, -87.23078 30.31868, -87.23056 30.31868, -87.23045 30.31863, -87.23032 30.31861, -87.23018 30.31865, -87.23005 30.3187, -87.22991 30.3187, -87.22972 30.31868, -87.22953 30.31872, -87.22938 30.31876, -87.22921 30.3188, -87.22899 30.31879, -87.2285 30.31887, -87.2281 30.31889, -87.22779 30.31891, -87.22734 30.31896, -87.22697 30.319, -87.22679 30.319, -87.22656 30.31906, -87.2264 30.3191, -87.22609 30.3191, -87.22586 30.31909, -87.22561 30.31915, -87.22544 30.3192, -87.22498 30.31922, -87.22482 30.31926, -87.22455 30.31923, -87.2241 30.31924, -87.22369 30.31933, -87.2233 30.31935, -87.22276 30.31941, -87.22247 30.31943, -87.22214 30.31955, -87.22196 30.31957, -87.22173 30.31958, -87.22151 30.31958, -87.221 30.31961, -87.22079 30.31962, -87.22059 30.31965, -87.22035 30.31968, -87.22008 30.31969, -87.21984 30.31969, -87.21964 30.31972, -87.21945 30.3198, -87.21905 30.31989, -87.21878 30.31987, -87.21842 30.31997, -87.21793 30.32001, -87.21764 30.32001, -87.2174 30.31999, -87.21717 30.31999, -87.21697 30.32007, -87.21659 30.32014, -87.21613 30.32016, -87.21572 30.32024, -87.21525 30.32034, -87.21518 30.32031, -87.21491 30.32026, -87.21467 30.32031, -87.21445 30.32034, -87.21389 30.32042, -87.21356 30.32048, -87.21303 30.32056, -87.21265 30.32058, -87.21207 30.32065, -87.21153 30.32069, -87.21124 30.32071, -87.21086 30.32073, -87.21048 30.32081, -87.21022 30.32082, -87.20997 30.32081, -87.20937 30.32086, -87.20908 30.32088, -87.20892 30.32091, -87.20863 30.32093, -87.20836 30.32101, -87.20805 30.32107, -87.20763 30.32115, -87.20716 30.32122, -87.20674 30.32126, -87.20636 30.3213, -87.20611 30.32128, -87.2059 30.32137, -87.20572 30.32136, -87.2054 30.32143, -87.20505 30.3215, -87.20457 30.32157, -87.20426 30.32162, -87.20399 30.32162, -87.20348 30.32167, -87.20336 30.32171, -87.20311 30.32173, -87.20284 30.32174, -87.20264 30.32171, -87.20248 30.32175, -87.20223 30.32181, -87.20194 30.32187, -87.20154 30.32193, -87.20118 30.32201, -87.20085 30.32207, -87.20047 30.3221, -87.19993 30.32214, -87.19967 30.32214, -87.19953 30.32222, -87.19922 30.32232, -87.19891 30.32238, -87.19848 30.32242, -87.19806 30.32244, -87.19789 30.32251, -87.19742 30.32262, -87.19712 30.32266, -87.19712 30.32266, -87.19686 30.3227, -87.19669 30.3227, -87.19648 30.32269, -87.19612 30.32275, -87.19579 30.32285, -87.19545 30.32291, -87.1951 30.32294, -87.19501 30.32297, -87.19479 30.32298, -87.19463 30.32295, -87.19416 30.32298, -87.19376 30.32306, -87.19335 30.32314, -87.193 30.32316, -87.19277 30.32314, -87.19262 30.32318, -87.19242 30.32322, -87.19218 30.32325, -87.19192 30.32325, -87.19174 30.32326, -87.19155 30.32332, -87.19137 30.32334, -87.19112 30.32336, -87.19094 30.32335, -87.19078 30.32339, -87.1906 30.32346, -87.19046 30.3235, -87.19028 30.32355, -87.19015 30.32352, -87.18977 30.32349, -87.18945 30.32358, -87.18912 30.3236, -87.18852 30.32364, -87.18814 30.32374, -87.1877 30.32374, -87.18725 30.3238, -87.18688 30.32388, -87.18641 30.32396, -87.18612 30.324, -87.18572 30.32399, -87.18544 30.32409, -87.18521 30.32414, -87.185 30.32411, -87.18474 30.3241, -87.18448 30.32416, -87.18405 30.32416, -87.18358 30.32417, -87.18329 30.32416, -87.18266 30.32426, -87.18243 30.3243, -87.18225 30.32435, -87.18115 30.32453))"
Gulf Islands National Seashore (Perdido Key),211,202,196,Escambia,NW,1.152,0.49198154,5,84,14.6,MED,0.028,1.36930639,2,LOW,0,999.999,0,not present,0,1,NO,YES,"MULTILINESTRING ((-87.41957 30.29755, -87.41947 30.29758, -87.41932 30.29759, -87.41897 30.29762, -87.41876 30.29765, -87.41862 30.29769, -87.41846 30.29777, -87.41832 30.29781, -87.41816 30.29785, -87.41799 30.29785, -87.41768 30.29793, -87.41758 30.29797, -87.41724 30.29805, -87.41713 30.29807, -87.41677 30.29817, -87.41653 30.29818, -87.41625 30.29819, -87.41587 30.29829, -87.41561 30.29836, -87.4155 30.29836, -87.41527 30.29837, -87.41514 30.29842, -87.41499 30.29846, -87.41476 30.29848, -87.4146 30.29854, -87.41442 30.29856, -87.41423 30.29858, -87.41399 30.29863, -87.41388 30.29865, -87.41371 30.29869, -87.41356 30.29873, -87.41325 30.29877, -87.41309 30.29881, -87.41283 30.29883, -87.41271 30.29887, -87.41245 30.29894, -87.41238 30.29895, -87.41216 30.29894, -87.41199 30.29895, -87.41182 30.29904, -87.41169 30.29907, -87.41143 30.2991, -87.41116 30.29912, -87.41079 30.29914, -87.41054 30.2992, -87.41029 30.29925, -87.41003 30.29932, -87.40991 30.29936, -87.40975 30.29936, -87.40969 30.29938, -87.40938 30.29945, -87.40926 30.2995, -87.40905 30.29954, -87.40884 30.29957, -87.40864 30.2996, -87.40828 30.29965, -87.40802 30.29972, -87.40765 30.29979, -87.40743 30.29987, -87.40726 30.29994, -87.40701 30.30005, -87.40684 30.30009, -87.40662 30.30011, -87.40633 30.30016, -87.40612 30.30019, -87.40577 30.30021, -87.40557 30.30023, -87.4053 30.30031, -87.40501 30.30039, -87.40482 30.30046, -87.40456 30.30052, -87.40439 30.30056, -87.40403 30.30059, -87.40373 30.3007, -87.4035 30.30073, -87.40322 30.30077, -87.403 30.30081, -87.40281 30.30084, -87.40258 30.30087, -87.40234 30.30091, -87.40213 30.301, -87.40191 30.30106, -87.4017 30.30114, -87.40153 30.30118, -87.40135 30.30123, -87.40107 30.30127, -87.40087 30.30131, -87.40069 30.3014, -87.4006 30.30144, -87.40041 30.30145, -87.40023 30.30148, -87.40001 30.30154, -87.39983 30.30159, -87.39957 30.30164, -87.39944 30.30168, -87.39922 30.30171, -87.39895 30.30174, -87.3987 30.30182, -87.39855 30.30187, -87.39837 30.30193, -87.39814 30.30197, -87.39793 30.30203, -87.39771 30.30208, -87.39755 30.30213, -87.39732 30.30218, -87.39708 30.30225, -87.39685 30.30234, -87.39661 30.30242, -87.3964 30.30249, -87.39613 30.30256, -87.39598 30.30262, -87.39576 30.30271, -87.39561 30.30279, -87.39545 30.30284, -87.39526 30.30288, -87.39504 30.3029, -87.39474 30.3029, -87.3945 30.3029, -87.39431 30.30285, -87.39405 30.30287, -87.3939 30.30298, -87.39368 30.30312, -87.39346 30.30321, -87.39327 30.30327, -87.3931 30.30331, -87.39286 30.30336, -87.39267 30.30343, -87.39247 30.30348, -87.39233 30.30353, -87.39217 30.30361, -87.39211 30.30362, -87.39183 30.30367, -87.3917 30.30373, -87.3915 30.30379, -87.39123 30.30389, -87.39101 30.30397, -87.39076 30.30405, -87.39056 30.30411, -87.39023 30.30418, -87.39004 30.30429, -87.3898 30.30439, -87.38961 30.30446, -87.38935 30.30454, -87.38907 30.30455, -87.3888 30.30458, -87.38845 30.30458, -87.38814 30.30459, -87.38788 30.30462, -87.38764 30.30468, -87.38745 30.30477, -87.38724 30.30487, -87.38706 30.30493, -87.3867 30.30503, -87.38648 30.30508, -87.38618 30.30508, -87.38583 30.30513, -87.38562 30.30522, -87.3854 30.30531, -87.38524 30.30537, -87.38497 30.30541, -87.38472 30.30551, -87.38441 30.30557, -87.38426 30.30564, -87.38396 30.30572, -87.38381 30.30577, -87.38356 30.30584, -87.3834 30.30587, -87.38312 30.30593, -87.38292 30.30601, -87.38272 30.30609, -87.38243 30.30614, -87.38225 30.30617, -87.38209 30.30621, -87.38173 30.30624, -87.38147 30.30627, -87.38126 30.3063, -87.38115 30.30636, -87.38096 30.30644, -87.38077 30.3065, -87.38051 30.30656, -87.38027 30.30658, -87.38 30.30663, -87.37974 30.30666, -87.37955 30.3067, -87.37939 30.30673, -87.37917 30.30675, -87.37898 30.30677, -87.37876 30.3068, -87.37852 30.30682, -87.37832 30.30687, -87.37804 30.30694, -87.37776 30.30699, -87.37753 30.30707, -87.37729 30.30708, -87.37711 30.30709, -87.37685 30.30713, -87.37665 30.30721, -87.37633 30.30726, -87.37616 30.3073, -87.37595 30.30737, -87.37576 30.3074, -87.3754 30.30745, -87.37516 30.30748, -87.37499 30.30751, -87.3748 30.30755, -87.37471 30.30762, -87.3745 30.30762, -87.37436 30.30767, -87.3742 30.3077, -87.37394 30.30774, -87.37373 30.30776, -87.37354 30.30781, -87.37334 30.30786, -87.37302 30.30789, -87.37284 30.30793, -87.37261 30.308, -87.37243 30.30803, -87.37221 30.30806, -87.37198 30.30811, -87.37178 30.30816, -87.37152 30.30822, -87.37128 30.30828, -87.37113 30.30832, -87.37097 30.30841, -87.37092 30.30842, -87.37078 30.30842, -87.37063 30.30843, -87.37055 30.30848, -87.3704 30.30853, -87.3702 30.30857, -87.37004 30.3086, -87.36989 30.30862, -87.36972 30.30864, -87.3695 30.30866, -87.36937 30.30867, -87.36908 30.30874, -87.36892 30.30878, -87.36866 30.30887, -87.36852 30.30892, -87.36834 30.30897, -87.36829 30.30898, -87.36812 30.309, -87.36796 30.30905, -87.36781 30.30905, -87.36753 30.30904, -87.36723 30.3091, -87.3671 30.30914, -87.36693 30.30921, -87.36669 30.30928, -87.36649 30.30932, -87.36629 30.3094, -87.36607 30.30947, -87.36591 30.3095, -87.36568 30.30957, -87.36544 30.3096, -87.36524 30.30963, -87.36498 30.30963, -87.36478 30.30965, -87.36456 30.30972, -87.36439 30.30982, -87.36432 30.30986, -87.36416 30.3099, -87.36405 30.30994, -87.36389 30.31005, -87.36383 30.31007, -87.36368 30.31008, -87.36354 30.3101, -87.36338 30.3101, -87.36326 30.31012, -87.36309 30.31013, -87.36291 30.31014, -87.3628 30.31015, -87.36262 30.31019, -87.36249 30.31023, -87.36232 30.31027, -87.36217 30.31033, -87.36202 30.31037, -87.36183 30.31038, -87.36165 30.31038, -87.36151 30.31037, -87.36138 30.3104, -87.36124 30.31047, -87.36113 30.31052, -87.36097 30.31058, -87.36083 30.31061, -87.36067 30.31065, -87.36042 30.31072, -87.36027 30.31075, -87.36012 30.31075, -87.35994 30.31077, -87.35978 30.31082, -87.35957 30.31086, -87.35941 30.3109, -87.35926 30.31089, -87.35911 30.31094, -87.359 30.31096, -87.35889 30.31099, -87.3587 30.31103, -87.35857 30.31106, -87.35844 30.31112, -87.35826 30.31118, -87.35807 30.31118, -87.35789 30.31116, -87.35765 30.31117, -87.35744 30.31126, -87.35716 30.31138, -87.35706 30.31144, -87.35689 30.31153, -87.35669 30.31157, -87.35651 30.31161, -87.35637 30.31163, -87.3561 30.31162, -87.35578 30.31162, -87.35552 30.31159, -87.35526 30.31159, -87.35501 30.31162, -87.35475 30.31166, -87.35457 30.31174, -87.35444 30.31179, -87.35425 30.31187, -87.35408 30.31192, -87.35392 30.31198, -87.35378 30.31204, -87.35366 30.31211, -87.35354 30.31212, -87.35337 30.31211, -87.35311 30.3121, -87.35294 30.31209, -87.35274 30.31206, -87.35256 30.31213, -87.35245 30.31221, -87.35234 30.31227, -87.35204 30.3124, -87.35192 30.31243, -87.35177 30.31247, -87.35159 30.31251, -87.35146 30.31254, -87.35128 30.31257, -87.35106 30.31256, -87.35091 30.31255, -87.35073 30.31252, -87.35055 30.31249, -87.35037 30.31255, -87.35021 30.31262, -87.35006 30.31269, -87.3498 30.31278, -87.34965 30.31281, -87.34945 30.31281, -87.34928 30.31283, -87.34911 30.31286, -87.34884 30.31291, -87.34876 30.31295, -87.34858 30.313, -87.34844 30.31308, -87.34835 30.31309, -87.34818 30.31314, -87.34801 30.31317, -87.34777 30.31321, -87.34759 30.31323, -87.3474 30.31324, -87.34721 30.31327, -87.347 30.31329, -87.34677 30.31331, -87.34655 30.31336, -87.34644 30.31343, -87.34618 30.31354, -87.34601 30.3136, -87.34583 30.31357, -87.34565 30.31354, -87.34545 30.31353, -87.34508 30.31358, -87.34495 30.31367, -87.34477 30.31377, -87.34447 30.31387, -87.34428 30.31391, -87.34409 30.31392, -87.34384 30.31395, -87.34368 30.314, -87.34351 30.31404, -87.3432 30.31406, -87.34307 30.31409, -87.3429 30.31415, -87.34276 30.3142, -87.34245 30.31424, -87.34231 30.31425, -87.34201 30.31428, -87.34188 30.31432, -87.34169 30.31439, -87.34147 30.31446, -87.34128 30.31451, -87.34106 30.31456, -87.34089 30.31457, -87.34068 30.31455, -87.34043 30.31453, -87.34028 30.31456, -87.3401 30.31458, -87.33995 30.31465, -87.33977 30.31471, -87.33958 30.31477, -87.33946 30.31483, -87.33937 30.31486, -87.33922 30.3149, -87.33911 30.31489, -87.33897 30.31489, -87.33879 30.31491, -87.33861 30.31495, -87.33842 30.31501, -87.33827 30.31507, -87.33805 30.3151, -87.33778 30.31516, -87.3376 30.31519, -87.33735 30.31527, -87.33715 30.3153, -87.33697 30.31527, -87.33671 30.31528, -87.33657 30.31529, -87.33628 30.31533, -87.33609 30.31536, -87.3359 30.31541, -87.33562 30.31548, -87.33545 30.31553, -87.33523 30.31562, -87.33501 30.31569, -87.33481 30.31575, -87.33446 30.31581, -87.33431 30.3158, -87.33416 30.31581, -87.33397 30.31592, -87.33388 30.31596, -87.33364 30.31601, -87.33344 30.31605, -87.33327 30.31607, -87.33304 30.3161, -87.33286 30.3161, -87.33263 30.31612, -87.33231 30.3162, -87.33208 30.31626, -87.33188 30.31633, -87.33166 30.31638, -87.33152 30.31645, -87.3313 30.3165, -87.33115 30.31651, -87.3309 30.3165, -87.3306 30.31654, -87.3304 30.31658, -87.33007 30.31666, -87.32984 30.31672, -87.32965 30.31681, -87.32941 30.31689, -87.32911 30.31693, -87.32887 30.31697, -87.32852 30.31694, -87.32829 30.31695, -87.32804 30.31699, -87.32783 30.31704, -87.32749 30.31712, -87.32714 30.31717, -87.32689 30.31725, -87.32656 30.31732, -87.3264 30.31736, -87.32612 30.31742, -87.32589 30.31748, -87.32562 30.31755, -87.32548 30.31754, -87.32522 30.31752, -87.32499 30.31757, -87.32488 30.31767, -87.32472 30.31775, -87.32458 30.31781, -87.32432 30.31786, -87.32413 30.31788, -87.32391 30.31787, -87.32374 30.31788, -87.32358 30.3179, -87.32333 30.31795, -87.32322 30.31798, -87.32303 30.31807, -87.32289 30.3181, -87.3227 30.3181, -87.32237 30.31815, -87.32218 30.31819, -87.32196 30.31825, -87.32177 30.31832, -87.32162 30.31835, -87.32142 30.31838, -87.32115 30.31839, -87.32087 30.31844, -87.32072 30.31848, -87.3205 30.31854, -87.32029 30.31858, -87.32003 30.31861, -87.31983 30.31865, -87.31954 30.31869, -87.31933 30.31874, -87.31895 30.31881, -87.31874 30.31885, -87.31857 30.31886, -87.31833 30.31885, -87.3181 30.31887, -87.31773 30.31886, -87.31763 30.31889, -87.31748 30.31892, -87.31722 30.31892, -87.31708 30.319, -87.31695 30.31907, -87.31674 30.3191, -87.31658 30.31913, -87.31637 30.31916, -87.31618 30.31916, -87.31594 30.31918, -87.31578 30.31923, -87.31564 30.31928, -87.31545 30.3193, -87.31527 30.31933, -87.31508 30.31937, -87.31493 30.31939, -87.31474 30.31942, -87.31459 30.31945, -87.31456 30.31946, -87.31433 30.3195, -87.31419 30.31952, -87.31397 30.31953, -87.31359 30.31962, -87.31327 30.31971, -87.3131 30.31975, -87.313 30.31983, -87.31292 30.31994, -87.3129 30.32019, -87.31292 30.32043, -87.31293 30.32073, -87.3129 30.32095, -87.31285 30.32116, -87.31282 30.32137, -87.31282 30.32154, -87.3128 30.32172, -87.31274 30.32198, -87.3127 30.32218, -87.31263 30.32244, -87.31257 30.32264, -87.31249 30.32285, -87.3124 30.32314, -87.31237 30.32342, -87.31236 30.32355, -87.31237 30.32376, -87.31229 30.324, -87.31228 30.32424, -87.31229 30.32441, -87.31227 30.32471, -87.3122 30.32498, -87.31214 30.32518, -87.31211 30.32537, -87.31208 30.32559, -87.31201 30.32569, -87.31197 30.32591, -87.31196 30.32603))"
Gulf Islands National Seashore (Santa Rosa Island),191,171,132,Escambia,NW,1.052,0.50797291,5,70,13.3,MED,0.152,1.16430641,10,MED,0,999.999,0,not present,0,2,NO,YES,"MULTILINESTRING ((-87.05305 30.34721, -87.05299 30.3472, -87.05269 30.34726, -87.05245 30.34734, -87.05221 30.34741, -87.05201 30.34747, -87.05175 30.34753, -87.05152 30.3476, -87.05138 30.34767, -87.05116 30.34771, -87.05096 30.34772, -87.05075 30.34774, -87.05038 30.34781, -87.05001 30.34789, -87.04965 30.34797, -87.04937 30.34806, -87.04924 30.34803, -87.04889 30.3481, -87.04856 30.34818, -87.04822 30.34831, -87.04776 30.34835, -87.04752 30.34839, -87.04724 30.34846, -87.0471 30.34851, -87.04673 30.34857, -87.04628 30.34865, -87.04604 30.34857, -87.04566 30.34874, -87.04526 30.3488, -87.04477 30.34888, -87.0443 30.34888, -87.04401 30.34894, -87.04325 30.349, -87.04289 30.34907, -87.04258 30.34919, -87.04242 30.34917, -87.04198 30.34931, -87.04153 30.34942, -87.04109 30.34946, -87.04082 30.34962, -87.04037 30.34969, -87.0401 30.34973, -87.03993 30.34969, -87.03964 30.34973, -87.03931 30.34974, -87.03925 30.34979, -87.03888 30.3499, -87.03844 30.34992, -87.03823 30.34991, -87.03812 30.34995, -87.03772 30.35006, -87.03767 30.35007, -87.03748 30.35001, -87.03722 30.35003, -87.03696 30.3501, -87.03686 30.35019, -87.03665 30.35022, -87.03604 30.35029, -87.03537 30.35043, -87.03511 30.3505, -87.0351 30.35051, -87.03495 30.35055, -87.03482 30.35056, -87.03481 30.35057, -87.03459 30.35066, -87.03441 30.3507, -87.03433 30.35067, -87.03406 30.35076, -87.03352 30.35088, -87.03292 30.35092, -87.03281 30.35099, -87.03247 30.35105, -87.03212 30.35113, -87.03162 30.35122, -87.03118 30.3513, -87.03093 30.35134, -87.0306 30.35146, -87.03026 30.3515, -87.02982 30.35157, -87.02955 30.35157, -87.02928 30.35165, -87.02904 30.35169, -87.02866 30.35183, -87.02832 30.35186, -87.02794 30.3519, -87.02759 30.35198, -87.02738 30.35204, -87.02716 30.35202, -87.02678 30.35216, -87.02656 30.35217, -87.02649 30.35223, -87.02602 30.35231, -87.02571 30.35229, -87.02531 30.35241, -87.02506 30.35245, -87.02442 30.3526, -87.02408 30.35266, -87.02377 30.35268, -87.02357 30.35274, -87.02337 30.35274, -87.02317 30.35279, -87.02277 30.35291, -87.02221 30.35305, -87.02181 30.35316, -87.02149 30.3532, -87.02105 30.3532, -87.02085 30.3533, -87.02036 30.3534, -87.02004 30.35349, -87.01984 30.35347, -87.01864 30.35369, -87.01844 30.35363, -87.01806 30.35372, -87.01788 30.35378, -87.01757 30.35388, -87.0173 30.35396, -87.01679 30.35401, -87.01629 30.35403, -87.01589 30.35411, -87.01558 30.35417, -87.01522 30.35427, -87.01475 30.35436, -87.01446 30.35434, -87.01424 30.3544, -87.01384 30.35452, -87.01348 30.35456, -87.01324 30.35461, -87.01295 30.35473, -87.01252 30.35479, -87.01217 30.35479, -87.01181 30.35485, -87.01174 30.35483, -87.01165 30.35488, -87.01133 30.35497, -87.01079 30.35506, -87.01046 30.35513, -87.0102 30.3552, -87.00983 30.35524, -87.00951 30.35525, -87.00948 30.35523, -87.00947 30.35524, -87.0092 30.35524, -87.00891 30.35529, -87.00877 30.35529, -87.00848 30.35537, -87.00825 30.35534, -87.00824 30.35534, -87.00819 30.35533, -87.00814 30.35535, -87.00813 30.35536, -87.00802 30.35541, -87.00779 30.35548, -87.00765 30.35544, -87.00729 30.35554, -87.0071 30.35557, -87.00671 30.35565, -87.00614 30.35571, -87.00575 30.35579, -87.00544 30.35587, -87.00515 30.35587, -87.00499 30.35593, -87.00498 30.35593, -87.00462 30.35595, -87.00418 30.35603, -87.00364 30.35609, -87.00315 30.35616, -87.00273 30.35622, -87.0025 30.35632, -87.00219 30.35641, -87.00175 30.35651, -87.00164 30.35646, -87.00149 30.35645, -87.00125 30.35647, -87.00106 30.35654, -87.001 30.35659, -87.00071 30.3566, -87.0007 30.3566, -87.00063 30.35661, -87.00051 30.35664, -87.0005 30.35665, -87.00036 30.35669, -87.0003 30.35669, -87.00029 30.35669, -87.00007 30.35669, -86.99989 30.35672, -86.99982 30.35679, -86.99957 30.35686, -86.99936 30.35685, -86.99909 30.35686, -86.9987 30.35693, -86.99855 30.35698, -86.99825 30.35708, -86.9981 30.3571, -86.99787 30.35704, -86.99786 30.35704, -86.99782 30.35705, -86.99757 30.35709, -86.99756 30.3571, -86.99726 30.35723, -86.99704 30.35723, -86.99702 30.35725, -86.99693 30.3572, -86.99682 30.35722, -86.99679 30.35724, -86.9965 30.35732, -86.99622 30.35736, -86.9959 30.35733, -86.99588 30.35732, -86.99578 30.35732, -86.99566 30.35737, -86.99538 30.35744, -86.99537 30.35744, -86.99532 30.35749, -86.99515 30.35757, -86.99497 30.35761, -86.99477 30.35763, -86.9946 30.35767, -86.99437 30.35765, -86.99425 30.35761, -86.99404 30.3577, -86.99362 30.35782, -86.9934 30.35785, -86.9933 30.35781, -86.9932 30.35783, -86.99291 30.35787, -86.99275 30.35786, -86.99264 30.35785, -86.99253 30.35788, -86.99231 30.35792, -86.99208 30.35795, -86.99195 30.35799, -86.9919 30.35802, -86.99156 30.35804, -86.99153 30.35804, -86.99144 30.35804, -86.99115 30.35808, -86.99113 30.35809, -86.9909 30.35821, -86.99039 30.3583, -86.99018 30.35831, -86.99002 30.3583, -86.98979 30.35832, -86.98957 30.35842, -86.9894 30.35848, -86.98915 30.35845, -86.98903 30.35842, -86.98877 30.35847, -86.98859 30.35851, -86.98854 30.35852, -86.98837 30.35862, -86.9882 30.35866, -86.988 30.35868, -86.98777 30.35864, -86.98745 30.35863, -86.98725 30.35866, -86.98704 30.35871, -86.98679 30.35873, -86.9866 30.35878, -86.98641 30.35887, -86.98627 30.35892, -86.98604 30.35896, -86.98586 30.35896, -86.98557 30.35898, -86.98541 30.35902, -86.9852 30.35906, -86.98504 30.3591, -86.98485 30.35914, -86.98474 30.35917, -86.98464 30.35917, -86.98453 30.35915, -86.9845 30.35913, -86.98442 30.35913, -86.98421 30.3592, -86.98405 30.35927, -86.98385 30.35934, -86.9836 30.35934, -86.98329 30.35929, -86.98314 30.35935, -86.98289 30.35947, -86.98264 30.35953, -86.98228 30.35955, -86.98209 30.35954, -86.98183 30.35961, -86.98164 30.35965, -86.98139 30.35971, -86.9813 30.35967, -86.98114 30.35975, -86.98087 30.3598, -86.98087 30.3598, -86.98077 30.35986, -86.98064 30.35987, -86.98046 30.35987, -86.98028 30.35995, -86.98013 30.36001, -86.9799 30.36009, -86.97972 30.36009, -86.97951 30.36007, -86.97931 30.36005, -86.97913 30.36012, -86.97894 30.36018, -86.97873 30.36022, -86.97855 30.36023, -86.9785 30.36024, -86.97848 30.36024, -86.97833 30.36025, -86.97807 30.36034, -86.9779 30.36039, -86.97774 30.36036, -86.97774 30.36036, -86.97766 30.36038, -86.97743 30.36041, -86.97736 30.3605, -86.97707 30.36058, -86.97684 30.36064, -86.9765 30.36065, -86.97632 30.36068, -86.97577 30.36073, -86.97572 30.36074, -86.97544 30.36084, -86.97521 30.36085, -86.97491 30.36098, -86.97462 30.36102, -86.97433 30.36102, -86.97428 30.361, -86.97422 30.36104, -86.97417 30.36109, -86.97386 30.36117, -86.97369 30.36117, -86.97354 30.36125, -86.97329 30.36124, -86.97307 30.36132, -86.97281 30.36143, -86.97258 30.36142, -86.97232 30.36144, -86.97204 30.3615, -86.97201 30.36151, -86.97171 30.36161, -86.97133 30.36171, -86.97106 30.36176, -86.97085 30.3618, -86.97063 30.3618, -86.97062 30.36179, -86.97041 30.36186, -86.96976 30.36198, -86.96958 30.36198, -86.96957 30.36198, -86.96956 30.36198, -86.96941 30.3621, -86.96913 30.36216, -86.96882 30.36223, -86.96845 30.36226, -86.96821 30.36229, -86.96775 30.36236, -86.96745 30.36243, -86.96705 30.36253, -86.96685 30.36252, -86.96649 30.36257, -86.96629 30.36264, -86.96605 30.3627, -86.96571 30.36275, -86.9655 30.36277, -86.96494 30.36283, -86.96448 30.36294, -86.96437 30.36299, -86.9642 30.36302, -86.96398 30.36304, -86.96365 30.36309, -86.96338 30.36314, -86.96303 30.36317, -86.96281 30.36319, -86.9628 30.36316, -86.96269 30.36316, -86.96252 30.36324, -86.96251 30.36325, -86.96243 30.36329, -86.96207 30.36335, -86.96203 30.36335, -86.96202 30.36336, -86.96172 30.36341, -86.96157 30.36345, -86.96155 30.36346, -86.96135 30.36351, -86.96086 30.36358, -86.96072 30.36358, -86.96071 30.36357, -86.96058 30.36357, -86.96044 30.36361, -86.96043 30.36362, -86.96027 30.36367, -86.95991 30.3638, -86.95952 30.36378, -86.95909 30.36388, -86.95869 30.36392, -86.95836 30.36401, -86.95796 30.36406, -86.95761 30.36411, -86.95742 30.36413, -86.95734 30.3642, -86.95715 30.36429, -86.95682 30.36434, -86.9566 30.36433, -86.95654 30.3643, -86.95633 30.36434, -86.95588 30.36443, -86.95536 30.36455, -86.95529 30.36458, -86.95528 30.36458, -86.95517 30.36462, -86.95512 30.36462, -86.95506 30.36468, -86.95484 30.36474, -86.95448 30.36478, -86.95416 30.36481, -86.95371 30.36489, -86.95338 30.36496, -86.95311 30.36501, -86.95264 30.36502, -86.95239 30.36507, -86.95217 30.36509, -86.95168 30.36523, -86.95114 30.36527, -86.95077 30.36526, -86.95068 30.36525, -86.95054 30.36527, -86.95035 30.36531, -86.9503 30.36532, -86.95018 30.36534, -86.94971 30.36545, -86.94936 30.3655, -86.94898 30.36559, -86.94877 30.36559, -86.94872 30.36564, -86.94846 30.36572, -86.94817 30.36574, -86.94787 30.36577, -86.9476 30.3658, -86.94741 30.36581, -86.9471 30.36581, -86.94707 30.36582, -86.94691 30.36585, -86.94682 30.36587, -86.94653 30.36597, -86.9463 30.36607, -86.94611 30.36611, -86.94589 30.36615, -86.94567 30.36618, -86.94549 30.36619, -86.94524 30.3662, -86.945 30.36619, -86.94475 30.36624, -86.9445 30.36631, -86.94437 30.36632, -86.94417 30.36628, -86.94417 30.36628, -86.94396 30.36638, -86.94376 30.36641, -86.94365 30.36643, -86.9436 30.36643, -86.94315 30.3664, -86.94297 30.36648, -86.94282 30.36655, -86.94233 30.36662, -86.94193 30.36668, -86.94152 30.36675, -86.94113 30.36685, -86.94083 30.36694, -86.94069 30.36694, -86.9402 30.36706, -86.94009 30.36707, -86.94008 30.36707, -86.93988 30.36708, -86.93979 30.36715, -86.93958 30.36719, -86.93939 30.36724, -86.93913 30.36733, -86.93873 30.36742, -86.93862 30.36746, -86.9384 30.36745, -86.93821 30.36745, -86.93783 30.36751, -86.93762 30.36752, -86.93734 30.36757, -86.93726 30.36756, -86.93717 30.36761, -86.93687 30.36774, -86.93654 30.36778, -86.93624 30.36782, -86.93611 30.36778, -86.9359 30.36784, -86.9357 30.36791, -86.93551 30.36793, -86.93537 30.3679, -86.93521 30.3679, -86.93508 30.36803, -86.93486 30.36814, -86.93461 30.36819, -86.93431 30.36826, -86.93388 30.36837, -86.9334 30.36841, -86.93301 30.36851, -86.93262 30.36858, -86.93232 30.36863, -86.93201 30.36873, -86.93164 30.36874, -86.93133 30.36879, -86.93096 30.3689, -86.93056 30.36897, -86.9303 30.36899, -86.92991 30.36908, -86.92963 30.36912, -86.92943 30.36917, -86.9291 30.36918, -86.92875 30.36923, -86.92848 30.36932, -86.92813 30.36936, -86.92775 30.36944, -86.92734 30.36953, -86.92693 30.36962, -86.92653 30.36969, -86.92638 30.36969, -86.92611 30.36973, -86.92579 30.36978, -86.92569 30.36979, -86.92554 30.36982, -86.92543 30.36984, -86.92528 30.36986, -86.92515 30.36989, -86.92498 30.36991, -86.92431 30.37005, -86.9237 30.37016, -86.9232 30.37024, -86.92266 30.37032, -86.92228 30.37043, -86.92185 30.37049, -86.92118 30.37061, -86.92081 30.37064, -86.92025 30.37071, -86.91949 30.37089, -86.91883 30.371, -86.91875 30.37102))"
Gulfstream,68,99,122,Palm Beach,SE,152.452,0.34227585,5,2363,3.1,MED,25.16,1.04723187,390,HIGH,2.838,0.37158115,44,HIGH,0,0,NO,NO,"MULTILINESTRING ((-80.05197 26.49903, -80.05197 26.49889, -80.05206 26.49857, -80.05214 26.49834, -80.0522 26.49822, -80.05228 26.49796, -80.05235 26.49769, -80.0524 26.49735, -80.05246 26.49706, -80.05251 26.49681, -80.05254 26.49651, -80.05256 26.49633, -80.05259 26.49616, -80.05271 26.49584, -80.05271 26.49542, -80.05272 26.49497, -80.05274 26.49405, -80.05277 26.49378, -80.05282 26.49336, -80.05287 26.49299, -80.05291 26.49274, -80.05297 26.4924, -80.05317 26.49114, -80.05317 26.49114, -80.0532 26.49055, -80.05334 26.49005, -80.05341 26.48956, -80.05354 26.48848, -80.0537 26.48728, -80.05391 26.48608, -80.05398 26.48544, -80.05404 26.48504, -80.05417 26.48424, -80.05424 26.48371, -80.05444 26.48258, -80.05456 26.48152, -80.05461 26.4812, -80.05467 26.48068, -80.05474 26.48024, -80.05484 26.47934, -80.05486 26.479, -80.05489 26.47873, -80.05489 26.47851, -80.05489 26.47828, -80.0549 26.47811, -80.0549 26.47795, -80.05492 26.4778, -80.05503 26.47688, -80.05518 26.47584))"
Gulfstream Park,11.5,21,49,Palm Beach,SE,183.332,0.25904749,5,275,0.3,MED,20.668,1.02897726,31,HIGH,3.998,0.37361016,6,HIGH,0,0,NO,NO,"MULTILINESTRING ((-80.05074 26.50747, -80.05118 26.50562, -80.05126 26.50514, -80.05137 26.50433, -80.05139 26.50421))"
Hanna Park,82,49,51,Duval,NO,8.916,0.46083435,5,107,2.4,MED,0.25,2.23606798,3,MED,0.252,0.91287093,3,MED,0,0,NO,NO,"MULTILINESTRING ((-81.39639 30.38183, -81.39655 30.38047, -81.39674 30.37863, -81.3969 30.37694, -81.39697 30.37617, -81.39709 30.37404, -81.39726 30.37154, -81.39735 30.37014, -81.39739 30.36865, -81.39745 30.36711, -81.39749 30.36624, -81.39752 30.36335, -81.39749 30.36222, -81.39744 30.36041))"
Henderson Beach State Park,106,64,88,Okaloosa,NW,0.728,1.04582503,5,8,2.2,LOW,0,999.999,0,not present,0,999.999,0,not present,0,0,NO,NO,"MULTILINESTRING ((-86.45363 30.38336, -86.45185 30.38327, -86.45159 30.3832, -86.45124 30.38314, -86.45105 30.38313, -86.4508 30.38313, -86.45046 30.38315, -86.45028 30.3832, -86.44736 30.38309, -86.44726 30.38304, -86.44693 30.38303, -86.44661 30.38304, -86.44635 30.38299, -86.44593 30.38294, -86.4455 30.38287, -86.44523 30.38282, -86.44491 30.38282, -86.44464 30.38287, -86.44431 30.38286, -86.44406 30.38285, -86.44373 30.38285, -86.44341 30.38288, -86.44316 30.38285, -86.44276 30.38284, -86.44224 30.38283, -86.44188 30.38281, -86.44134 30.38281, -86.44116 30.38278, -86.43844 30.38263, -86.43679 30.38255, -86.43623 30.38248, -86.43574 30.38242, -86.4355 30.38245, -86.4341 30.38228, -86.43392 30.38231, -86.43356 30.38232, -86.43312 30.38228, -86.43261 30.38228))"
Highland Beach,182,174,179,Palm Beach,SE,180.002,0.26601066,5,4320,4.8,MED,49.086,0.74975539,1178,HIGH,2.002,0.49647435,48,MED,0,0,NO,NO,"MULTILINESTRING ((-80.06168 26.43212, -80.06281 26.42386, -80.06282 26.42365, -80.06284 26.42337, -80.06285 26.42321, -80.06286 26.42296, -80.06287 26.42272, -80.06288 26.4224, -80.06292 26.42191, -80.063 26.4215, -80.06308 26.42128, -80.06316 26.4205, -80.06328 26.41937, -80.06334 26.41846, -80.06332 26.41826, -80.06335 26.41802, -80.06341 26.41745, -80.06343 26.41701, -80.0635 26.41658, -80.06353 26.41574, -80.06357 26.41535, -80.06361 26.41501, -80.06361 26.41481, -80.06363 26.41457, -80.06364 26.41432, -80.0637 26.41387, -80.06371 26.4136, -80.06373 26.41313, -80.06372 26.41257, -80.06373 26.41233, -80.06375 26.41217, -80.06383 26.41185, -80.06385 26.41148, -80.06386 26.41131, -80.06388 26.4111, -80.06388 26.41096, -80.06391 26.41063, -80.06397 26.41043, -80.06403 26.41021, -80.06405 26.40996, -80.06407 26.40979, -80.06408 26.40945, -80.06405 26.40922, -80.06411 26.40856, -80.06412 26.40834, -80.06409 26.4081, -80.0641 26.40792, -80.0641 26.40757, -80.06416 26.4072, -80.06421 26.40652, -80.06428 26.40592, -80.06425 26.40584, -80.06426 26.40572, -80.06426 26.40549, -80.06431 26.40535, -80.06437 26.40521, -80.06441 26.40506, -80.06444 26.40488, -80.06445 26.40471, -80.06451 26.40447, -80.06456 26.40426, -80.06461 26.404, -80.06466 26.40375, -80.06465 26.4035, -80.06465 26.40325, -80.06464 26.40307, -80.06469 26.40291, -80.06475 26.40276, -80.06476 26.40262, -80.06476 26.40244, -80.06479 26.40197, -80.06477 26.40177, -80.06476 26.40164, -80.0648 26.40131, -80.06489 26.40065, -80.06494 26.40021, -80.06512 26.39911, -80.06514 26.3987, -80.06514 26.39809, -80.06513 26.39797, -80.06513 26.39796, -80.06519 26.3977, -80.06523 26.39733, -80.06523 26.39729, -80.06526 26.39716, -80.06532 26.39681, -80.06535 26.39621, -80.06539 26.39545, -80.06545 26.39466, -80.06545 26.39444, -80.06552 26.3942, -80.06555 26.39395, -80.06556 26.39362, -80.06556 26.39327, -80.06555 26.39304, -80.06553 26.39278, -80.06552 26.39257, -80.06541 26.39247, -80.06546 26.39235, -80.06562 26.39228, -80.06564 26.39227, -80.06577 26.39218, -80.06587 26.39206, -80.06597 26.3919, -80.06601 26.39177, -80.0661 26.39155, -80.0661 26.39153, -80.06612 26.39132, -80.06614 26.39113, -80.06618 26.39088))"
Hobe Sound NWR,212,210,209,Martin,SE,292.87,0.09075174,5,7761,5.3,HIGH,97.134,0.92445234,2574,HIGH,17.85,0.29344728,473,HIGH,0,0,NO,NO,"MULTILINESTRING ((-80.14524 27.13072, -80.14503 27.13021, -80.14459 27.12915, -80.14448 27.12871, -80.14427 27.1278, -80.14418 27.1274, -80.1441 27.12703, -80.14336 27.12418, -80.14329 27.12391, -80.14284 27.1218, -80.14281 27.12156, -80.14275 27.12131, -80.14259 27.12086, -80.14247 27.12038, -80.14239 27.1201, -80.1423 27.11986, -80.1419 27.1188, -80.14154 27.1179, -80.14133 27.1174, -80.14082 27.11604, -80.14066 27.11564, -80.14016 27.1142, -80.14006 27.11392, -80.13998 27.11368, -80.13987 27.11335, -80.1392 27.1118, -80.13899 27.11143, -80.1387 27.11086, -80.13781 27.10921, -80.1365 27.10678, -80.1356 27.10501, -80.13522 27.10424, -80.13199 27.09852, -80.13072 27.09619, -80.12869 27.09239, -80.12831 27.09194, -80.1281 27.09163, -80.1273 27.09043, -80.12536 27.08736, -80.12509 27.08686, -80.12485 27.08637))"
Hollywood/Hallendale Beach,86,129,192,Broward,SE,14.596,0.1722333,5,686,9.4,MED,0.234,1.03829445,11,MED,0.172,1.1314079,8,MED,0,0,NO,NO,"MULTILINESTRING ((-80.11139 26.0601, -80.11138 26.06043, -80.11139 26.05976, -80.1114 26.05943, -80.11141 26.05921, -80.11142 26.0589, -80.11144 26.05864, -80.11143 26.05831, -80.11147 26.05795, -80.11153 26.05764, -80.11159 26.05719, -80.11165 26.05683, -80.11171 26.05627, -80.11172 26.0559, -80.11174 26.05568, -80.11176 26.05549, -80.11179 26.0552, -80.11182 26.05495, -80.11189 26.05459, -80.11193 26.05409, -80.11197 26.0538, -80.11204 26.05311, -80.11211 26.05256, -80.11216 26.05201, -80.11221 26.05113, -80.11237 26.04981, -80.11243 26.04898, -80.11253 26.0483, -80.11261 26.04773, -80.11267 26.04742, -80.11324 26.04127, -80.1142 26.02963, -80.11428 26.02898, -80.11446 26.02692, -80.11458 26.02521, -80.11458 26.02448, -80.11475 26.0212, -80.11562 26.01046, -80.11571 26.00885, -80.11578 26.00785, -80.11582 26.00586, -80.11588 26.00441, -80.11595 26.00326, -80.11601 26.00226, -80.11607 26.00114, -80.11611 26.00062, -80.11613 26.00004, -80.11619 25.99927, -80.11631 25.99858, -80.11644 25.99772, -80.11658 25.99691, -80.11663 25.99635, -80.11672 25.99565, -80.11677 25.99496, -80.11681 25.99435, -80.11682 25.99398, -80.11689 25.99353, -80.11691 25.99315, -80.11692 25.99278, -80.11698 25.99233, -80.11704 25.99194, -80.11708 25.99157, -80.11711 25.99129, -80.11708 25.99068, -80.11712 25.99025, -80.11722 25.98976, -80.11725 25.98932, -80.11732 25.98877, -80.1174 25.98821, -80.11747 25.98759, -80.11752 25.98707, -80.11756 25.98658, -80.11759 25.9861, -80.1176 25.98553, -80.11765 25.985, -80.1177 25.98449, -80.11773 25.98387, -80.11776 25.98342, -80.1178 25.98314, -80.11786 25.9828, -80.11789 25.98228, -80.11794 25.98197, -80.11799 25.9817, -80.11799 25.98136, -80.118 25.98112, -80.118 25.98086, -80.11798 25.98064, -80.11797 25.98024, -80.11797 25.98006, -80.11793 25.9798, -80.11791 25.97959, -80.11794 25.97925, -80.1181 25.97843, -80.11818 25.97797, -80.11819 25.97776, -80.11822 25.9774, -80.11822 25.97635, -80.11823 25.97609, -80.11826 25.97583, -80.11827 25.97549, -80.11826 25.97518))"
Honeymoon Island State Park,148,155,62,Pinellas,CW,0.814,0.97635324,5,26,6.4,LOW,0,999.999,0,not present,0,999.999,0,not present,0,0,NO,NO,"MULTILINESTRING ((-82.8268 28.05898, -82.82631 28.05855, -82.82569 28.058, -82.82494 28.05731, -82.82418 28.05648, -82.82361 28.05565, -82.82303 28.0549, -82.82243 28.05428, -82.82155 28.05389, -82.82076 28.05405, -82.81989 28.05449, -82.81891 28.0549, -82.81772 28.05517, -82.81674 28.05508, -82.81564 28.05499, -82.81549 28.05506, -82.81547 28.05524, -82.81545 28.05549, -82.81545 28.05572, -82.81555 28.05587, -82.81561 28.05592, -82.81583 28.05592, -82.81605 28.05585), (-82.83358 28.06548, -82.83386 28.06632, -82.8341 28.06704, -82.83438 28.06777, -82.83455 28.0683, -82.83472 28.0687, -82.83487 28.06918, -82.83514 28.07001, -82.83532 28.07084, -82.83554 28.07166, -82.83558 28.07178, -82.83561 28.07192, -82.83566 28.07212, -82.83576 28.07258, -82.8359 28.07321, -82.83604 28.07377, -82.83622 28.07438, -82.83639 28.07508, -82.83654 28.07574, -82.83665 28.07626, -82.83672 28.07661, -82.83676 28.07686, -82.83684 28.07742, -82.83689 28.07799, -82.83696 28.07874, -82.837 28.07933, -82.83702 28.07965, -82.83702 28.0798, -82.83704 28.08014, -82.83707 28.08071, -82.83714 28.08139, -82.83715 28.08203, -82.83713 28.08293, -82.8371 28.08391, -82.83703 28.08457, -82.83698 28.08513, -82.83695 28.08543, -82.8369 28.08585, -82.83686 28.0863, -82.8368 28.08703, -82.83673 28.08759, -82.83665 28.08818, -82.83657 28.08885, -82.83644 28.09022, -82.83637 28.09084, -82.83633 28.09115, -82.83628 28.09167, -82.83625 28.09209, -82.83619 28.09242, -82.83607 28.09308, -82.8359 28.09381, -82.8358 28.09422, -82.83574 28.09463, -82.83571 28.09505, -82.83565 28.09547, -82.83554 28.09624, -82.83535 28.09692, -82.83518 28.09735, -82.83505 28.09752, -82.83489 28.09759, -82.8346 28.09766, -82.83422 28.09769, -82.83388 28.0974, -82.83382 28.09614, -82.83367 28.09556, -82.83354 28.09509))"
Huguenot Park,104,85,107,Duval,NO,3.136,0.52117022,5,63,4.04,LOW,0.05,2.23606798,1,LOW,0,999.999,0,not present,0,1,NO,YES,"MULTILINESTRING ((-81.41191 30.41952, -81.41184 30.41965, -81.41176 30.41974, -81.41164 30.41986, -81.41151 30.41995, -81.41138 30.42, -81.41089 30.42012, -81.41029 30.42014, -81.41007 30.42011, -81.40975 30.42008, -81.40928 30.41998, -81.40911 30.41993, -81.40887 30.41986, -81.40865 30.41979, -81.40848 30.41971, -81.40831 30.41962, -81.40811 30.41949, -81.40795 30.41934, -81.4078 30.41919, -81.40734 30.41867, -81.40687 30.41779, -81.40671 30.41741, -81.40653 30.41698, -81.40574 30.41448, -81.40509 30.41236, -81.40453 30.41073, -81.40407 30.40935, -81.40374 30.40828, -81.40329 30.40684, -81.40302 30.406, -81.40297 30.40582, -81.40291 30.40563, -81.40288 30.40543, -81.40287 30.40525, -81.40288 30.40508, -81.40281 30.40493, -81.40277 30.40357))"
Hutchinson Island,199,207,183,Martin,SE,164.284,0.10832185,5,9857,12,MED,8.618,0.50712162,517,HIGH,15.184,0.33094443,911,HIGH,0,0,NO,NO,"MULTILINESTRING ((-80.19981 27.26289, -80.19962 27.26259, -80.19937 27.26213, -80.19913 27.26155, -80.19893 27.26115, -80.19877 27.26074, -80.19839 27.26003, -80.19816 27.25953, -80.19805 27.25927, -80.19781 27.25875, -80.19767 27.25846, -80.19756 27.25823, -80.19741 27.25784, -80.19643 27.25574, -80.19536 27.25351, -80.19425 27.25137, -80.19353 27.24992, -80.19297 27.24899, -80.19193 27.247, -80.18979 27.24323, -80.18917 27.24204, -80.18868 27.24117, -80.18706 27.23824, -80.18539 27.23521, -80.18452 27.23327, -80.1834 27.23151, -80.18217 27.22932, -80.1803 27.22574, -80.17961 27.22463, -80.17894 27.22332, -80.17838 27.22235, -80.17822 27.22207, -80.17781 27.22138, -80.17732 27.22042, -80.17537 27.217, -80.17307 27.21312, -80.17265 27.21236, -80.17148 27.20999, -80.1703 27.208, -80.16937 27.20647, -80.16786 27.20418, -80.16671 27.20201, -80.16587 27.20058, -80.16558 27.19998, -80.16539 27.19954, -80.16513 27.19892, -80.1646 27.19771, -80.1641 27.19696, -80.16363 27.19612, -80.16288 27.19459, -80.16246 27.19361, -80.16161 27.19223, -80.16014 27.18886, -80.1602 27.18847, -80.16031 27.18775, -80.16025 27.18693, -80.16006 27.18587, -80.15973 27.18396, -80.15928 27.18254, -80.1585 27.1805, -80.15746 27.17818, -80.15684 27.17695, -80.15603 27.17512, -80.15509 27.17299, -80.15387 27.17074, -80.15318 27.16936, -80.15391 27.16867, -80.1549 27.1682, -80.15538 27.16827, -80.1557 27.1684, -80.15621 27.16889, -80.15687 27.1691))"
Hutchinson Island (St. Lucie County),214,215,211,St. Lucie,SE,198.172,0.04627656,5,24276,24.5,MED,15.168,0.44205026,1858,HIGH,7.044,0.31520276,863,HIGH,0,0,NO,NO,"MULTILINESTRING ((-80.28999 27.47066, -80.29002 27.47062, -80.29014 27.47044, -80.29021 27.47024, -80.29026 27.47006, -80.29029 27.46987, -80.29035 27.4696, -80.29037 27.46935, -80.2904 27.46907, -80.29042 27.46891, -80.29041 27.4687, -80.29042 27.46851, -80.29041 27.46832, -80.2904 27.46813, -80.29037 27.46795, -80.29035 27.46772, -80.2903 27.46749, -80.29024 27.46727, -80.29017 27.46707, -80.29011 27.46684, -80.29004 27.46661, -80.28994 27.46635, -80.28973 27.46591, -80.28939 27.46513, -80.28908 27.46443, -80.28873 27.46368, -80.28862 27.46313, -80.28814 27.46197, -80.28675 27.45814, -80.28623 27.45692, -80.28586 27.45604, -80.28562 27.45535, -80.28536 27.4545, -80.28519 27.45414, -80.2851 27.45388, -80.28492 27.45341, -80.28467 27.45289, -80.28451 27.45251, -80.28446 27.4523, -80.28405 27.45133, -80.28381 27.45054, -80.28345 27.44966, -80.28321 27.44907, -80.28271 27.44801, -80.28238 27.44718, -80.28224 27.44679, -80.28192 27.44616, -80.28172 27.44562, -80.28146 27.44489, -80.28117 27.4442, -80.28097 27.44368, -80.28075 27.44325, -80.2806 27.4429, -80.28042 27.44242, -80.28022 27.44196, -80.2801 27.44148, -80.27993 27.44102, -80.27984 27.44068, -80.27965 27.44013, -80.27941 27.43948, -80.27928 27.43914, -80.27919 27.43877, -80.27903 27.43837, -80.27889 27.43803, -80.27872 27.43763, -80.27849 27.43717, -80.27833 27.43681, -80.27816 27.43639, -80.27802 27.43607, -80.27781 27.43563, -80.27766 27.4353, -80.27756 27.43491, -80.2775 27.43449, -80.27741 27.43417, -80.27723 27.43371, -80.27712 27.43344, -80.27708 27.43335, -80.27696 27.43305, -80.27688 27.43278, -80.2768 27.43245, -80.27666 27.432, -80.2765 27.43157, -80.27611 27.43041, -80.27593 27.42998, -80.27581 27.42963, -80.27567 27.42928, -80.27549 27.42886, -80.27534 27.42847, -80.27516 27.428, -80.27492 27.42754, -80.27475 27.42727, -80.27452 27.42684, -80.27442 27.42661, -80.27426 27.42619, -80.27419 27.4259, -80.27407 27.4256, -80.27401 27.42539, -80.27391 27.42512, -80.2738 27.42476, -80.27371 27.42442, -80.27361 27.42414, -80.27352 27.42376, -80.27333 27.42332, -80.27328 27.42316, -80.27322 27.42298, -80.2732 27.42284, -80.27314 27.42266, -80.27304 27.42244, -80.27296 27.42231, -80.2729 27.42211, -80.2728 27.42183, -80.27273 27.42167, -80.2726 27.42145, -80.27249 27.42124, -80.27238 27.421, -80.27227 27.42083, -80.27221 27.42064, -80.27215 27.4204, -80.27209 27.4202, -80.27202 27.41999, -80.27193 27.41981, -80.27185 27.41961, -80.27167 27.41932, -80.27156 27.41906, -80.27141 27.41876, -80.27132 27.41852, -80.27123 27.41824, -80.27112 27.418, -80.27102 27.4178, -80.27091 27.41754, -80.27074 27.41718, -80.27066 27.41701, -80.27057 27.41682, -80.27051 27.41665, -80.27045 27.41645, -80.27038 27.41619, -80.27031 27.41601, -80.27022 27.41576, -80.27013 27.41554, -80.27006 27.41535, -80.26995 27.41509, -80.2699 27.41487, -80.26985 27.41471, -80.26962 27.41394, -80.26937 27.41325, -80.26915 27.41276, -80.26882 27.41193, -80.26868 27.41161, -80.26852 27.41127, -80.26836 27.41094, -80.26821 27.41064, -80.26809 27.41017, -80.26801 27.40983, -80.26792 27.40954, -80.26788 27.40937, -80.26764 27.4088, -80.26745 27.40824, -80.26725 27.40777, -80.26706 27.40736, -80.26679 27.40674, -80.26654 27.406, -80.26628 27.40546, -80.26612 27.40514, -80.26601 27.4048, -80.26576 27.40427, -80.26574 27.4041, -80.26413 27.40075, -80.26217 27.39596, -80.2619 27.39545, -80.26179 27.39512, -80.26164 27.39483, -80.26152 27.39449, -80.26134 27.39406, -80.26122 27.39381, -80.26093 27.39332, -80.26069 27.39276, -80.26048 27.39235, -80.2603 27.39195, -80.26019 27.39171, -80.26008 27.39142, -80.25997 27.39115, -80.25982 27.39086, -80.25969 27.39063, -80.25957 27.39037, -80.25947 27.39014, -80.25937 27.38993, -80.25923 27.38965, -80.2591 27.38936, -80.25895 27.38909, -80.25884 27.3888, -80.25874 27.38856, -80.25849 27.3881, -80.25825 27.3877, -80.25805 27.3873, -80.25786 27.38692, -80.25767 27.38652, -80.25752 27.38618, -80.25722 27.38568, -80.25709 27.38545, -80.25697 27.38522, -80.25683 27.38499, -80.25667 27.38473, -80.25656 27.38449, -80.25638 27.38422, -80.25627 27.38395, -80.25611 27.38365, -80.25597 27.38336, -80.25582 27.38311, -80.25566 27.38288, -80.25555 27.38267, -80.2554 27.38241, -80.25525 27.3821, -80.2551 27.38181, -80.25491 27.38145, -80.25477 27.38111, -80.25462 27.38081, -80.25447 27.38052, -80.25435 27.38024, -80.25422 27.37998, -80.25402 27.37958, -80.25392 27.37934, -80.25381 27.379, -80.25366 27.3787, -80.2534 27.37817, -80.25319 27.37786, -80.25294 27.37745, -80.25275 27.37713, -80.25251 27.3767, -80.25233 27.37638, -80.25214 27.37605, -80.25197 27.37578, -80.25164 27.37509, -80.25132 27.37467, -80.25113 27.37428, -80.25085 27.37382, -80.25064 27.37346, -80.25041 27.37301, -80.25029 27.37274, -80.25004 27.37221, -80.24995 27.37203, -80.24973 27.37168, -80.24951 27.37138, -80.24934 27.37101, -80.24919 27.3707, -80.24902 27.37042, -80.24886 27.37014, -80.24873 27.36991, -80.24857 27.36961, -80.24834 27.36926, -80.2482 27.369, -80.24802 27.3687, -80.24786 27.3684, -80.24768 27.36808, -80.24751 27.36779, -80.24719 27.36731, -80.24695 27.36692, -80.24677 27.36658, -80.24666 27.36629, -80.24651 27.36603, -80.24636 27.36569, -80.24617 27.36531, -80.24598 27.36495, -80.24586 27.36465, -80.24564 27.36429, -80.24552 27.36408, -80.24538 27.36381, -80.24525 27.36353, -80.24512 27.36322, -80.24494 27.36292, -80.24484 27.36267, -80.24469 27.3624, -80.24449 27.36203, -80.24432 27.36175, -80.24416 27.36141, -80.24397 27.36108, -80.24386 27.36085, -80.24369 27.36049, -80.24348 27.36009, -80.2434 27.35997, -80.24315 27.35958, -80.24301 27.35926, -80.2429 27.35905, -80.24276 27.35876, -80.24255 27.35839, -80.24247 27.35819, -80.24233 27.35793, -80.24226 27.35776, -80.24212 27.35753, -80.24203 27.35735, -80.24194 27.35718, -80.24183 27.35692, -80.24175 27.35671, -80.24161 27.35642, -80.24147 27.35607, -80.24127 27.35569, -80.24111 27.35536, -80.24096 27.35512, -80.24088 27.35498, -80.24065 27.35462, -80.24042 27.35426, -80.2403 27.3539, -80.24016 27.35365, -80.24005 27.35337, -80.2399 27.35312, -80.23968 27.35278, -80.23952 27.35254, -80.23934 27.35226, -80.23916 27.35195, -80.23902 27.35174, -80.23888 27.35143, -80.23868 27.35102, -80.23853 27.35074, -80.23841 27.35046, -80.2383 27.35021, -80.23821 27.35, -80.23812 27.34982, -80.238 27.34954, -80.2379 27.34936, -80.23771 27.34902, -80.23762 27.34879, -80.23746 27.34847, -80.23731 27.34817, -80.23703 27.34769, -80.23693 27.34747, -80.2368 27.34718, -80.23668 27.34694, -80.23654 27.3467, -80.2364 27.34643, -80.23626 27.34614, -80.2361 27.34583, -80.23605 27.34571, -80.23594 27.34547, -80.23481 27.3429, -80.23468 27.34259, -80.2346 27.34244, -80.23449 27.34227, -80.23441 27.34206, -80.23436 27.34192, -80.23428 27.34174, -80.23426 27.34164, -80.23421 27.34147, -80.23416 27.34133, -80.23412 27.34117, -80.23402 27.34098, -80.23391 27.34077, -80.23378 27.34039, -80.23372 27.34026, -80.23366 27.34008, -80.23357 27.33985, -80.23352 27.33973, -80.23345 27.33955, -80.23336 27.33932, -80.2329 27.3381, -80.23248 27.33654, -80.23123 27.33365, -80.23052 27.33194, -80.2304 27.33177, -80.23028 27.33159, -80.2302 27.3314, -80.2301 27.33122, -80.23001 27.33105, -80.22984 27.33072, -80.22953 27.33015, -80.22845 27.32669, -80.22828 27.32608, -80.22819 27.32595, -80.22804 27.32562, -80.22792 27.32535, -80.22784 27.32514, -80.22777 27.32489, -80.22771 27.32465, -80.22764 27.32446, -80.22755 27.32424, -80.22747 27.32409, -80.22743 27.32389, -80.22609 27.321, -80.22602 27.32069, -80.22594 27.32047, -80.22586 27.32022, -80.22577 27.32002, -80.22567 27.3198, -80.22557 27.31955, -80.22547 27.31924, -80.22527 27.31883, -80.22519 27.31862, -80.22505 27.31832, -80.22486 27.3179, -80.22465 27.31743, -80.22426 27.31648, -80.22403 27.31597, -80.22379 27.31532, -80.22348 27.31482, -80.22327 27.31426, -80.22142 27.31051, -80.21837 27.30426, -80.21755 27.30188, -80.21709 27.30074, -80.21694 27.30054, -80.21669 27.30004, -80.21647 27.2995, -80.2161 27.29857, -80.21579 27.29784, -80.21557 27.2975, -80.21538 27.29698, -80.21517 27.29634, -80.21488 27.29574, -80.21468 27.29534, -80.21449 27.29494, -80.21442 27.29479, -80.21426 27.29449, -80.21418 27.29431, -80.21405 27.29399, -80.21394 27.2938, -80.21381 27.29348, -80.21366 27.2931, -80.21355 27.2928, -80.21343 27.29249, -80.21333 27.29226, -80.21324 27.29195, -80.2131 27.29158, -80.2129 27.29115, -80.21268 27.29074, -80.21255 27.29043, -80.21227 27.29, -80.21205 27.28959, -80.21185 27.28913, -80.21169 27.28875, -80.21152 27.2884, -80.21139 27.28811, -80.21122 27.28767, -80.21105 27.28728, -80.21084 27.28677, -80.21065 27.28645, -80.21047 27.28609, -80.21032 27.28572, -80.21017 27.28543, -80.20995 27.28505, -80.20982 27.28474, -80.20947 27.284, -80.2093 27.28365, -80.20923 27.28342, -80.20911 27.28316, -80.20891 27.28277, -80.20879 27.28247, -80.20868 27.28218, -80.20858 27.28198, -80.20849 27.28179, -80.20839 27.28158, -80.20827 27.28129, -80.20816 27.28105, -80.20808 27.28082, -80.20796 27.28052, -80.20785 27.2803, -80.20778 27.28016, -80.20773 27.28006, -80.20762 27.27984, -80.2075 27.27959, -80.20736 27.27932, -80.20721 27.27899, -80.20707 27.27872, -80.20692 27.2784, -80.20678 27.27812, -80.20663 27.27794, -80.20658 27.27787, -80.20644 27.27759, -80.2062 27.27719, -80.20603 27.27678, -80.20591 27.2765, -80.20584 27.27626, -80.20575 27.27614, -80.20567 27.27596, -80.20553 27.27572, -80.20539 27.27549, -80.20526 27.27521, -80.20517 27.27495, -80.20505 27.27468, -80.20493 27.27435, -80.20479 27.27404, -80.20468 27.27378, -80.20456 27.27346, -80.20445 27.27319, -80.20431 27.27288, -80.20418 27.2725, -80.20404 27.27216, -80.20393 27.27191, -80.20379 27.27158, -80.20366 27.27129, -80.20348 27.27098, -80.20333 27.27063, -80.20324 27.27032, -80.20312 27.27005, -80.20298 27.26964, -80.20284 27.26943, -80.20272 27.26924, -80.2026 27.26901, -80.20234 27.26866, -80.20213 27.26822, -80.20206 27.26802, -80.20192 27.26763, -80.20179 27.26726, -80.20166 27.26696, -80.20144 27.26645, -80.20131 27.26623, -80.2011 27.26586, -80.20089 27.26538, -80.20078 27.26513, -80.20064 27.26478, -80.2005 27.26451, -80.2004 27.26428, -80.20027 27.26399, -80.20013 27.26369, -80.19999 27.2634, -80.19981 27.26289))"
Indian River Shores,155,115,106,Indian River,CE,138.274,0.19442773,5,6084,8.8,MED,36.41,0.72026613,1602,HIGH,2.5,0.45160159,110,HIGH,0,0,NO,NO,"MULTILINESTRING ((-80.38904 27.75064, -80.38863 27.74988, -80.38827 27.7491, -80.38777 27.74813, -80.38738 27.74747, -80.38701 27.74677, -80.38689 27.74646, -80.38669 27.74605, -80.3864 27.74545, -80.38612 27.74481, -80.38583 27.74423, -80.38538 27.74336, -80.38502 27.74271, -80.38417 27.74124, -80.38096 27.73343, -80.37978 27.73018, -80.37949 27.7287, -80.3794 27.72833, -80.37935 27.72811, -80.37926 27.72776, -80.3792 27.7275, -80.37896 27.72656, -80.37884 27.726, -80.37821 27.72385, -80.3777 27.72238, -80.37722 27.721, -80.37625 27.71796, -80.37532 27.71463, -80.37493 27.71353, -80.37464 27.71259, -80.37423 27.71165, -80.37411 27.71141, -80.37394 27.71108, -80.37372 27.7106, -80.37356 27.71021, -80.37339 27.70982, -80.37322 27.70944, -80.37314 27.70913, -80.37305 27.70894, -80.37291 27.70867, -80.37279 27.70844, -80.37271 27.70824, -80.37263 27.70787, -80.37263 27.7076, -80.37251 27.7071, -80.37231 27.70647, -80.37183 27.70498, -80.3714 27.70359, -80.37099 27.70223, -80.37064 27.70116, -80.37064 27.70116, -80.37021 27.70006, -80.36983 27.69896, -80.36942 27.69773, -80.36891 27.69635, -80.36868 27.69575, -80.36825 27.69474, -80.36788 27.69384, -80.36747 27.69273, -80.36704 27.69158, -80.36672 27.69062, -80.36639 27.68972, -80.36624 27.68933, -80.36592 27.68853, -80.3658 27.68818, -80.36556 27.68748, -80.36514 27.6865, -80.36469 27.68551, -80.3645 27.68495, -80.36439 27.68452, -80.36428 27.68405, -80.364 27.68303, -80.3637 27.68162, -80.36336 27.6803, -80.36301 27.67909, -80.36271 27.67826, -80.36245 27.67751, -80.36226 27.67692, -80.36191 27.67562, -80.36175 27.67494))"
Indian River Shores (North),59,44,38,Indian River,CE,165.75,0.29088997,5,663,0.8,HIGH,32.25,0.89206249,129,HIGH,2,0.94785943,8,MED,0,0,NO,NO,"MULTILINESTRING ((-80.39267 27.75691, -80.39256 27.75674, -80.39238 27.75636, -80.39227 27.75613, -80.39208 27.75577, -80.39181 27.75534, -80.3916 27.75496, -80.39129 27.7544, -80.39059 27.7533, -80.39019 27.75254, -80.38961 27.7516, -80.38925 27.75104, -80.38904 27.75064))"
Jetty Park,187,204,207,Brevard,CE,9.086,0.52370518,5,218,4.8,LOW,0,999.999,0,not present,0.126,0.91287093,3,LOW,0,0,NO,NO,"MULTILINESTRING ((-80.58854 28.40795, -80.58861 28.40793, -80.58872 28.40787, -80.58884 28.40779, -80.58896 28.40771, -80.58908 28.40761, -80.5892 28.40749, -80.58933 28.40735, -80.58943 28.40721, -80.58955 28.40701, -80.58963 28.40685, -80.58991 28.40644, -80.59005 28.40618, -80.5903 28.40542, -80.5904 28.4052, -80.59054 28.40487, -80.5907 28.40449, -80.59083 28.40422, -80.59106 28.40378, -80.59124 28.40342, -80.59148 28.40298, -80.59167 28.40264, -80.59185 28.40231, -80.59216 28.40177, -80.59251 28.4011, -80.59277 28.40062, -80.59309 28.40004, -80.59324 28.39963, -80.59351 28.39899, -80.59411 28.39742, -80.5943 28.39681, -80.59451 28.39619, -80.59476 28.3956, -80.59504 28.39469, -80.59511 28.39442, -80.59527 28.3939, -80.5955 28.39316, -80.59581 28.3919, -80.59593 28.39133, -80.59604 28.39099, -80.59619 28.39065, -80.59631 28.39015, -80.59653 28.38921, -80.59661 28.38875, -80.5967 28.38835, -80.59682 28.38786, -80.59694 28.38766, -80.59707 28.38733, -80.59718 28.387, -80.5973 28.38644, -80.59739 28.38618, -80.59746 28.38586, -80.59749 28.38561, -80.59757 28.38536, -80.59766 28.38503, -80.59771 28.3849, -80.59773 28.38483, -80.59779 28.38461, -80.59786 28.38425, -80.59791 28.38405, -80.59797 28.3838, -80.59838 28.38243, -80.59844 28.38218, -80.59857 28.38175, -80.59869 28.3814, -80.59877 28.38107, -80.59897 28.38031, -80.59929 28.37915, -80.59957 28.37802, -80.59979 28.37722, -80.6 28.37627, -80.60015 28.37561, -80.60035 28.37486, -80.60063 28.37355, -80.601 28.37168, -80.60153 28.36909, -80.60181 28.36782, -80.60209 28.3668, -80.60227 28.36599, -80.60236 28.36553))"
John D. MacArthur Beach State Park,52,70,104,Palm Beach,SE,458,0.20229828,5,6641,2.9,HIGH,195.036,0.84938159,2828,HIGH,21.726,0.41162168,315,HIGH,0,0,NO,NO,"MULTILINESTRING ((-80.04127 26.8362, -80.04053 26.83432, -80.04019 26.8334, -80.04011 26.83293, -80.04004 26.83234, -80.03966 26.83008, -80.03952 26.82936, -80.03873 26.82601, -80.03848 26.82332, -80.03806 26.82135, -80.03782 26.82056, -80.03757 26.81979, -80.03737 26.81931, -80.03707 26.81834, -80.03649 26.81683, -80.03576 26.81489, -80.03552 26.81432, -80.03505 26.81295))"
John U. Lloyd State Park,54,43,125,Broward,SE,55.59,0.20610638,5,1084,3.9,MED,5.794,0.48375849,113,MED,0.154,1.48472858,3,LOW,0,0,NO,NO,"MULTILINESTRING ((-80.10815 26.09224, -80.10818 26.09166, -80.10834 26.09149, -80.10841 26.09117, -80.10845 26.09103, -80.10866 26.09089, -80.10896 26.09027, -80.10926 26.08913, -80.10936 26.08809, -80.10943 26.08711, -80.10952 26.0862, -80.1096 26.08541, -80.10956 26.08485, -80.10947 26.08432, -80.10944 26.08371, -80.10953 26.08294, -80.10956 26.08248, -80.10959 26.08184, -80.10968 26.08077, -80.10975 26.08023, -80.10984 26.07932, -80.10991 26.0785, -80.10994 26.07793, -80.10998 26.07752, -80.11005 26.07623, -80.1101 26.07558, -80.11019 26.07476, -80.11028 26.07388, -80.11036 26.07326, -80.1106 26.07115, -80.11069 26.07046, -80.11074 26.06998, -80.11078 26.0695, -80.11081 26.06883, -80.11082 26.06785, -80.11087 26.06695, -80.11091 26.06626, -80.11095 26.06549, -80.11108 26.06423, -80.11118 26.06344, -80.11118 26.06297, -80.1112 26.06254, -80.11127 26.06195, -80.11135 26.06141, -80.11138 26.0611, -80.11138 26.06043))"
Jupiter Beach (including Carlin),194,143,133,Palm Beach,SE,498.88,0.19979238,5,6236,2.5,HIGH,103.76,0.9403067,1297,HIGH,14.88,0.3774944,186,HIGH,0,0,NO,NO,"MULTILINESTRING ((-80.07143 26.94359, -80.07158 26.94341, -80.07171 26.94317, -80.07178 26.94293, -80.07183 26.94272, -80.07184 26.9425, -80.07184 26.94234, -80.0718 26.94203, -80.0717 26.94179, -80.07166 26.94155, -80.07151 26.94117, -80.07134 26.94081, -80.07124 26.94052, -80.07121 26.9404, -80.07115 26.94021, -80.07104 26.93992, -80.07094 26.93969, -80.07077 26.93938, -80.07064 26.93908, -80.07041 26.93856, -80.0703 26.93832, -80.07018 26.93801, -80.07008 26.93775, -80.0699 26.93732, -80.06976 26.93694, -80.06963 26.93662, -80.06958 26.9363, -80.06957 26.93607, -80.06951 26.93584, -80.06946 26.93571, -80.06939 26.93546, -80.0693 26.93515, -80.06923 26.93484, -80.06906 26.93415, -80.06896 26.93367, -80.06887 26.9333, -80.06879 26.93299, -80.06873 26.93271, -80.06865 26.93238, -80.06851 26.93169, -80.06847 26.93085, -80.06822 26.92984, -80.06816 26.92931, -80.06806 26.92872, -80.06799 26.92842, -80.06793 26.92823, -80.06772 26.92744, -80.0675 26.92672, -80.06733 26.92632, -80.06722 26.92589, -80.06702 26.92551, -80.06683 26.92479, -80.06642 26.92396, -80.06614 26.923, -80.066 26.92256, -80.06585 26.9221, -80.06569 26.92169, -80.0656 26.92146, -80.06549 26.92117, -80.06545 26.92101, -80.06538 26.92077, -80.0654 26.92065, -80.06542 26.9205))"
Jupiter Inlet Colony,158,178,139,Palm Beach,SE,764.284,0.24557819,5,5350,1.4,HIGH,106.002,0.70504954,742,HIGH,15.288,0.18567988,107,HIGH,0,0,NO,NO,"MULTILINESTRING ((-80.07624 26.95652, -80.07619 26.95641, -80.07609 26.95624, -80.07603 26.95606, -80.07591 26.95574, -80.07577 26.95538, -80.07563 26.95504, -80.07557 26.95498, -80.07551 26.95477, -80.07549 26.95462, -80.07547 26.95453, -80.07543 26.95439, -80.07543 26.95426, -80.07544 26.95416, -80.07531 26.95397, -80.07525 26.95374, -80.07521 26.95358, -80.07509 26.95337, -80.07499 26.95318, -80.07491 26.95297, -80.07479 26.95276, -80.07473 26.95256, -80.07466 26.95235, -80.07454 26.95211, -80.07442 26.95195, -80.07435 26.95172, -80.0743 26.95157, -80.07425 26.95144, -80.07421 26.95131, -80.07416 26.95113, -80.07412 26.95098, -80.07399 26.95072, -80.07382 26.95037, -80.07352 26.94981, -80.07339 26.94963, -80.07333 26.94946, -80.07324 26.94929, -80.0731 26.94906, -80.07294 26.94878, -80.07285 26.94858, -80.07274 26.9483, -80.07262 26.94806, -80.07246 26.94774, -80.07236 26.94753, -80.07217 26.94716, -80.07192 26.94676, -80.07183 26.94662, -80.07171 26.94642, -80.07163 26.94624, -80.07154 26.94607, -80.07144 26.94588, -80.07132 26.94564, -80.07122 26.94537, -80.07118 26.94518, -80.07115 26.94504, -80.07113 26.94484, -80.07114 26.9448, -80.07115 26.94473))"
Jupiter Island,213,214,212,Martin,SE,388.76,0.22439872,5,26630,13.7,HIGH,91.71,0.73786448,6282,HIGH,18.718,0.25156462,1282,HIGH,0,0,NO,NO,"MULTILINESTRING ((-80.12485 27.08637, -80.12471 27.08614, -80.12456 27.0861, -80.12451 27.08601, -80.12437 27.08579, -80.12407 27.08515, -80.12325 27.08393, -80.12271 27.08305, -80.12211 27.08207, -80.12142 27.08083, -80.12073 27.07959, -80.12017 27.07848, -80.11948 27.07714, -80.11919 27.07658, -80.11894 27.07621, -80.1187 27.07574, -80.11847 27.07518, -80.11829 27.07456, -80.11724 27.07245, -80.11681 27.07152, -80.11656 27.07106, -80.11583 27.0688, -80.11564 27.06816, -80.11543 27.06761, -80.11523 27.067, -80.115 27.06634, -80.11452 27.06538, -80.11437 27.06509, -80.1142 27.06473, -80.11393 27.0644, -80.1137 27.064, -80.11292 27.06258, -80.11251 27.06168, -80.1123 27.06122, -80.11184 27.06049, -80.11162 27.06002, -80.11131 27.05949, -80.1108 27.0585, -80.11045 27.05778, -80.11015 27.05716, -80.10976 27.05642, -80.1096 27.05608, -80.10928 27.05537, -80.10917 27.05503, -80.10908 27.05472, -80.10899 27.05432, -80.10844 27.05323, -80.10814 27.05259, -80.10776 27.05175, -80.10757 27.0514, -80.10747 27.05132, -80.10739 27.05119, -80.1073 27.05058, -80.10725 27.05051, -80.10721 27.0504, -80.1072 27.05024, -80.1071 27.04989, -80.10699 27.04968, -80.10663 27.04862, -80.1063 27.04797, -80.1057 27.04654, -80.10544 27.04606, -80.1053 27.04569, -80.10437 27.04354, -80.10413 27.04294, -80.10399 27.04268, -80.10396 27.04254, -80.10396 27.04241, -80.10394 27.04228, -80.10389 27.04208, -80.10351 27.04119, -80.10331 27.0407, -80.10309 27.04023, -80.10277 27.03955, -80.10256 27.03905, -80.1022 27.03842, -80.10203 27.03801, -80.1019 27.03778, -80.10169 27.03732, -80.10129 27.03634, -80.10091 27.03573, -80.10072 27.03509, -80.09981 27.03302, -80.09874 27.03041, -80.09853 27.02996, -80.09832 27.02963, -80.09801 27.02885, -80.09758 27.02758, -80.09709 27.02632, -80.0969 27.02584, -80.09673 27.02539, -80.09628 27.02423, -80.09593 27.02342, -80.09571 27.02264, -80.09524 27.02132, -80.09432 27.01884, -80.09403 27.01816, -80.0935 27.01687, -80.09314 27.01574, -80.09266 27.01419, -80.09236 27.01328, -80.09198 27.01207, -80.09156 27.01059, -80.09144 27.00996, -80.09115 27.0091, -80.09095 27.0084, -80.09077 27.008, -80.0899 27.00522, -80.08956 27.00393, -80.08944 27.00354, -80.08935 27.00325, -80.0893 27.00294, -80.08921 27.00246, -80.08909 27.00181, -80.08903 27.0015, -80.08898 27.00116, -80.08891 27.00051, -80.0888 26.99985, -80.08867 26.99931, -80.0886 26.99869, -80.0885 26.99788, -80.08834 26.99674, -80.08815 26.99598, -80.08807 26.99541, -80.088 26.99502, -80.08785 26.99386, -80.08782 26.99352, -80.08768 26.99306, -80.08763 26.99271, -80.0875 26.99232, -80.08722 26.9915, -80.08692 26.99025, -80.08664 26.98947, -80.08658 26.98905, -80.0864 26.98855, -80.08615 26.98797, -80.08601 26.98761, -80.08589 26.98718, -80.08578 26.98677, -80.08562 26.98616, -80.08558 26.98589, -80.0855 26.98555, -80.0854 26.98527, -80.08522 26.98489, -80.08509 26.98451, -80.08501 26.98421, -80.08456 26.98304, -80.08426 26.98239, -80.0839 26.98152, -80.08359 26.98081, -80.08355 26.98072, -80.08346 26.98052, -80.08338 26.98025, -80.08306 26.97952, -80.083 26.97935, -80.08295 26.97915, -80.08272 26.97861, -80.08255 26.97819, -80.08235 26.9777, -80.08224 26.97741, -80.08203 26.97691, -80.08186 26.97646, -80.08158 26.97563, -80.08142 26.9752, -80.0813 26.97485, -80.08114 26.97453, -80.08114 26.97418, -80.0812 26.9738, -80.08122 26.97356, -80.08119 26.97305, -80.08111 26.97264, -80.08104 26.97236, -80.08097 26.97198, -80.08089 26.97174, -80.08069 26.97102, -80.08059 26.97066, -80.08054 26.97043))"
Jupiter/Juno Beach,159,188,186,Palm Beach,SE,511.774,0.20010273,5,24821,9.7,HIGH,117.938,0.70600051,5720,HIGH,16.78,0.34234918,814,HIGH,0,0,NO,NO,"MULTILINESTRING ((-80.06542 26.9205, -80.06543 26.92026, -80.06469 26.91799, -80.06439 26.91721, -80.06404 26.91607, -80.06357 26.91489, -80.06285 26.91264, -80.06267 26.91161, -80.06231 26.91032, -80.06181 26.90881, -80.0605 26.90524, -80.05879 26.90041, -80.05823 26.89856, -80.05787 26.89739, -80.05622 26.89116, -80.05609 26.89076, -80.05493 26.88724, -80.05471 26.88627, -80.05438 26.88534, -80.05294 26.88139, -80.05252 26.88007, -80.05202 26.87851, -80.05139 26.87704, -80.05126 26.87626, -80.05078 26.87472, -80.05018 26.87324, -80.04974 26.8719, -80.04921 26.8701, -80.0489 26.86904, -80.04844 26.86721, -80.04813 26.86631, -80.0479 26.86544, -80.04773 26.86448, -80.04756 26.86371, -80.04734 26.86285, -80.04688 26.86173, -80.04683 26.86133, -80.04662 26.86071, -80.04655 26.86025, -80.04639 26.86002, -80.04635 26.85949, -80.04622 26.85891, -80.0461 26.8585, -80.04601 26.85819, -80.04595 26.85744, -80.04572 26.85665, -80.04563 26.85592, -80.04537 26.85426, -80.04519 26.85255, -80.04497 26.85135, -80.04473 26.85037, -80.04443 26.84902, -80.0442 26.84797, -80.04364 26.84555, -80.04314 26.84351, -80.04276 26.84205, -80.04247 26.84122, -80.04238 26.84074, -80.04232 26.84037, -80.04138 26.83668, -80.04135 26.83648, -80.04127 26.8362))"
Keewaydin Island (North),58,46,21,Collier,SW,17.56,0.21810265,5,439,5,MED,0.24,2.23606798,6,MED,0,999.999,0,not present,0,0,NO,NO,"MULTILINESTRING ((-81.80175 26.0918, -81.80175 26.09179, -81.80145 26.09111, -81.80119 26.09037, -81.80101 26.09009, -81.80078 26.08972, -81.80055 26.08909, -81.80018 26.08857, -81.79999 26.08822, -81.79955 26.0874, -81.79932 26.08662, -81.79886 26.08572, -81.79834 26.08488, -81.79803 26.08421, -81.79771 26.08353, -81.79733 26.08284, -81.79693 26.08215, -81.79661 26.08166, -81.79658 26.08158, -81.79611 26.0806, -81.79564 26.07978, -81.7953 26.07891, -81.79496 26.07805, -81.79466 26.0774, -81.79439 26.07676, -81.79432 26.07668, -81.79388 26.07572, -81.79359 26.07501, -81.79331 26.07415, -81.79297 26.07314, -81.7928 26.07275, -81.79266 26.07244, -81.79236 26.07166, -81.79193 26.07055, -81.79162 26.06978, -81.79123 26.069, -81.79091 26.06819, -81.79064 26.06746, -81.79043 26.06711, -81.79019 26.06652, -81.78994 26.06582, -81.78935 26.06442, -81.78873 26.06298, -81.78801 26.06119, -81.7879 26.06107, -81.78759 26.06032, -81.78721 26.05953, -81.78687 26.05867, -81.78634 26.05772, -81.78618 26.05724, -81.78611 26.05719, -81.78588 26.05673, -81.78562 26.05608, -81.78535 26.05559, -81.78499 26.05491, -81.78475 26.05438, -81.7845 26.05385, -81.78421 26.05324, -81.78389 26.05268, -81.78383 26.05262, -81.78354 26.05208, -81.78303 26.05109, -81.78248 26.0501, -81.78188 26.04886, -81.78161 26.04841, -81.78156 26.04834, -81.78093 26.04729, -81.78074 26.04695))"
Keewaydin Island (South),57,17,12,Collier,SW,24.752,0.11200579,5,854,6.9,MED,0.086,1.50175668,3,LOW,0,999.999,0,not present,0,0,NO,NO,"MULTILINESTRING ((-81.78074 26.04695, -81.7803 26.04615, -81.77963 26.04495, -81.77916 26.04407, -81.7788 26.04337, -81.7786 26.04299, -81.77851 26.04285, -81.778 26.04189, -81.77751 26.04093, -81.77713 26.04016, -81.77686 26.03961, -81.77634 26.03882, -81.77579 26.03788, -81.77554 26.03743, -81.77545 26.03731, -81.77512 26.03667, -81.77465 26.03583, -81.77427 26.03514, -81.77383 26.03437, -81.77355 26.03374, -81.77341 26.03346, -81.77326 26.03315, -81.77322 26.03309, -81.77289 26.03253, -81.7726 26.03186, -81.77225 26.03119, -81.77198 26.03044, -81.77152 26.02952, -81.77126 26.02898, -81.7711 26.02858, -81.77069 26.02786, -81.77048 26.02758, -81.77022 26.02702, -81.77001 26.02654, -81.76993 26.02634, -81.76962 26.02571, -81.76918 26.02461, -81.76883 26.02379, -81.7685 26.02302, -81.76845 26.02292, -81.76811 26.02201, -81.76764 26.0208, -81.76733 26.02005, -81.76706 26.01912, -81.76677 26.01808, -81.76672 26.01796, -81.76644 26.01724, -81.7662 26.01658, -81.76581 26.01551, -81.76548 26.01456, -81.76516 26.01363, -81.76484 26.01264, -81.76478 26.01251, -81.76453 26.01193, -81.76446 26.01178, -81.76397 26.01047, -81.76345 26.00915, -81.7631 26.00828, -81.76294 26.00784, -81.76289 26.00777, -81.76247 26.00689, -81.76211 26.00608, -81.76163 26.00507, -81.76157 26.00494, -81.76106 26.00397, -81.76065 26.0031, -81.76022 26.00225, -81.75992 26.00189, -81.75982 26.00172, -81.75939 26.00101, -81.75889 26.00029, -81.75822 25.99942, -81.75732 25.9982, -81.75674 25.99752, -81.75653 25.99727, -81.75609 25.99662, -81.75564 25.99608, -81.75537 25.99564, -81.75467 25.99483, -81.75402 25.99387, -81.7537 25.99341, -81.75317 25.99282, -81.75296 25.99263, -81.75269 25.99238, -81.75248 25.99212, -81.75221 25.99189, -81.7519 25.99175, -81.75171 25.99173, -81.7514 25.99165, -81.75106 25.99156, -81.75081 25.9915))"
Key Biscayne,123,172,205,Miami-Dade,SE,18.1,0.18287418,5,362,4,MED,0,999.999,0,not present,0,999.999,0,not present,0,0,NO,NO,"MULTILINESTRING ((-80.14843 25.72638, -80.14825 25.72617, -80.14809 25.72602, -80.14802 25.72585, -80.14792 25.72569, -80.14793 25.72546, -80.14794 25.72523, -80.14796 25.72497, -80.14791 25.72478, -80.14778 25.72446, -80.14775 25.72424, -80.14772 25.7241, -80.1477 25.72398, -80.14767 25.72389, -80.14765 25.72382, -80.14763 25.72376, -80.14759 25.72364, -80.14759 25.72357, -80.14758 25.7235, -80.14758 25.72342, -80.14758 25.72334, -80.14758 25.72328, -80.14758 25.72321, -80.14757 25.72314, -80.14757 25.72308, -80.14757 25.72299, -80.14757 25.72292, -80.14757 25.72287, -80.14757 25.72281, -80.14757 25.72273, -80.14757 25.72266, -80.14757 25.72257, -80.14757 25.72251, -80.14757 25.72243, -80.14757 25.72234, -80.14757 25.72227, -80.14757 25.72216, -80.14763 25.72201, -80.14763 25.72189, -80.14765 25.72164, -80.14767 25.72148, -80.14769 25.72138, -80.14771 25.72127, -80.14771 25.7212, -80.14773 25.7211, -80.1478 25.72091, -80.14783 25.72073, -80.14786 25.72062, -80.14788 25.7205, -80.14792 25.72035, -80.14796 25.72017, -80.148 25.72001, -80.14804 25.7199, -80.1481 25.71969, -80.14815 25.71954, -80.14815 25.71939, -80.14819 25.71927, -80.14824 25.71913, -80.14831 25.71899, -80.14835 25.71884, -80.14844 25.71869, -80.14852 25.71855, -80.14861 25.71842, -80.14866 25.7183, -80.1487 25.71825, -80.14873 25.71813, -80.14875 25.71803, -80.14879 25.71793, -80.14884 25.71781, -80.14888 25.71773, -80.14892 25.71764, -80.14896 25.71755, -80.14899 25.71741, -80.14905 25.71731, -80.14908 25.71724, -80.14911 25.71718, -80.14913 25.71712, -80.14916 25.71704, -80.14919 25.71697, -80.14921 25.71691, -80.14923 25.71685, -80.14927 25.71678, -80.14928 25.71673, -80.14931 25.71666, -80.14932 25.71662, -80.14934 25.71656, -80.14937 25.7165, -80.14939 25.71643, -80.1494 25.71636, -80.14942 25.7163, -80.14944 25.71623, -80.14946 25.71616, -80.14949 25.71608, -80.14952 25.71595, -80.14956 25.71585, -80.14962 25.71581, -80.14967 25.71576, -80.14971 25.7157, -80.14972 25.71568, -80.14977 25.71563, -80.1498 25.71559, -80.14984 25.71557, -80.14986 25.71556, -80.14991 25.71553, -80.14996 25.71549, -80.15001 25.71546, -80.15006 25.71541, -80.15011 25.71536, -80.15016 25.71532, -80.15022 25.71527, -80.15026 25.71523, -80.15031 25.71517, -80.15036 25.71511, -80.15041 25.71505, -80.15045 25.71498, -80.1505 25.7149, -80.15054 25.71483, -80.15058 25.71475, -80.15062 25.71468, -80.15065 25.71461, -80.15067 25.71455, -80.1507 25.71449, -80.15072 25.71443, -80.15075 25.71435, -80.15076 25.71431, -80.15078 25.71425, -80.1508 25.71421, -80.15081 25.71416, -80.15084 25.71408, -80.15086 25.71402, -80.15087 25.71399, -80.15089 25.71392, -80.15091 25.71387, -80.15093 25.7138, -80.15096 25.71372, -80.15099 25.71365, -80.15101 25.7136, -80.15104 25.71352, -80.15108 25.71345, -80.15111 25.71337, -80.15113 25.71331, -80.15116 25.71325, -80.15118 25.71318, -80.15121 25.71311, -80.15123 25.71304, -80.15126 25.71297, -80.15128 25.7129, -80.15129 25.71287, -80.15131 25.7128, -80.15134 25.71271, -80.15135 25.71267, -80.15138 25.7126, -80.15139 25.71255, -80.15141 25.7125, -80.15142 25.71245, -80.15143 25.71241, -80.15145 25.71234, -80.15146 25.71228, -80.15143 25.7122, -80.15145 25.71213, -80.15145 25.71205, -80.15144 25.71194, -80.15144 25.71187, -80.15146 25.71177, -80.15147 25.71169, -80.15146 25.71163, -80.15147 25.71154, -80.1515 25.71148, -80.15151 25.7114, -80.15153 25.71132, -80.15153 25.71125, -80.15153 25.71117, -80.1515 25.71106, -80.15151 25.71095, -80.15153 25.71083, -80.15153 25.71071, -80.15154 25.71059, -80.15156 25.71046, -80.15155 25.71031, -80.15156 25.71017, -80.15157 25.70998, -80.15159 25.70988, -80.15156 25.70976, -80.15161 25.70966, -80.15158 25.70957, -80.15158 25.70951, -80.1516 25.70946, -80.15159 25.70939, -80.1516 25.7093, -80.15162 25.70921, -80.15166 25.70916, -80.15172 25.70904, -80.15175 25.70898, -80.15179 25.70883, -80.15182 25.70868, -80.15187 25.70846, -80.15191 25.70832, -80.15194 25.70813, -80.15194 25.70801, -80.15195 25.7079, -80.15196 25.70778, -80.15196 25.70773, -80.15203 25.70751, -80.1521 25.70731, -80.15213 25.70714, -80.15216 25.70697, -80.15221 25.70669, -80.15224 25.70656, -80.15225 25.70644, -80.15227 25.70627, -80.15229 25.70612, -80.1523 25.706, -80.1523 25.70586, -80.15232 25.70573, -80.15234 25.70553, -80.15237 25.70532, -80.1524 25.70519, -80.15244 25.70498, -80.15255 25.70477, -80.15267 25.70459, -80.15275 25.70444, -80.15292 25.7042, -80.15322 25.70383, -80.15335 25.70368, -80.15351 25.70349, -80.15362 25.70339, -80.1537 25.7033, -80.15378 25.7032, -80.15386 25.70296, -80.15402 25.70268, -80.15414 25.70238, -80.15424 25.70213, -80.15433 25.70191, -80.15444 25.7017, -80.15455 25.70151, -80.15464 25.70134, -80.15476 25.70116, -80.15488 25.70098, -80.15507 25.70067, -80.15515 25.70052, -80.15521 25.7004, -80.15527 25.70027, -80.1553 25.70015, -80.15534 25.70003, -80.15538 25.69991, -80.15541 25.69977, -80.15545 25.69955, -80.15551 25.69926, -80.15558 25.69906, -80.15563 25.69888, -80.15567 25.69865, -80.1557 25.69852, -80.1558 25.69833, -80.15587 25.69815, -80.1559 25.69803, -80.15592 25.69791, -80.15595 25.69772, -80.156 25.69755, -80.15606 25.69742, -80.15616 25.69727, -80.15619 25.69712, -80.15622 25.69691, -80.15623 25.69682, -80.15625 25.69674, -80.15626 25.69669, -80.15628 25.69661, -80.1563 25.69653, -80.15632 25.69646, -80.15634 25.69639, -80.15636 25.69629, -80.15638 25.69614, -80.15644 25.69594, -80.15646 25.69583, -80.15646 25.6957, -80.15648 25.69553, -80.15651 25.69541, -80.15651 25.69528, -80.15653 25.69517, -80.15653 25.69504, -80.15653 25.69491, -80.15651 25.69477, -80.1565 25.69465, -80.15651 25.69451, -80.15651 25.69435, -80.15651 25.69409, -80.15652 25.69379, -80.15653 25.69349, -80.15657 25.69323, -80.15656 25.69308, -80.15652 25.69292, -80.15649 25.69282, -80.15649 25.69268, -80.15648 25.69252, -80.1565 25.69238, -80.15652 25.69224, -80.15651 25.69212, -80.1565 25.692, -80.15651 25.6918, -80.15651 25.69163, -80.15655 25.69142, -80.15656 25.69123, -80.15658 25.69111, -80.15659 25.691, -80.1566 25.6909, -80.15661 25.69079, -80.15661 25.6906, -80.15661 25.69039, -80.15661 25.69018, -80.15661 25.68996, -80.1566 25.68968, -80.15658 25.68941, -80.15655 25.68902, -80.15651 25.68871, -80.15643 25.6879, -80.15635 25.6873, -80.15633 25.68709, -80.15628 25.68677, -80.15622 25.6864, -80.15617 25.68618, -80.15607 25.68577, -80.15597 25.68542, -80.15588 25.68506, -80.15578 25.6848, -80.1556 25.68435, -80.15546 25.68403, -80.15539 25.68383, -80.15531 25.68368, -80.15532 25.68358, -80.15533 25.68351, -80.15536 25.68344, -80.15537 25.68336, -80.15537 25.6833, -80.15537 25.68321, -80.15536 25.68315, -80.15535 25.68309, -80.1553 25.68302))"
Key Colony Beach,11.5,19,46,Monroe,SE,0.4,2.23606798,5,3,1.5,LOW,0,999.999,0,not present,0,999.999,0,not present,0,0,NO,NO,"MULTILINESTRING ((-81.01195 24.72179, -81.01232 24.72162, -81.01242 24.72156, -81.01252 24.72148, -81.01259 24.72148, -81.0129 24.72139, -81.01324 24.72123, -81.01329 24.72119, -81.01337 24.72113, -81.01401 24.72084, -81.01419 24.7207, -81.01453 24.72047, -81.0148 24.72027, -81.01506 24.72011, -81.01519 24.72011, -81.01533 24.72008, -81.01604 24.71977, -81.01613 24.71969, -81.01615 24.71965, -81.01625 24.71957, -81.01662 24.71944, -81.01712 24.71921, -81.01734 24.71905, -81.01744 24.71893, -81.01757 24.71895, -81.01762 24.71917, -81.01773 24.71957, -81.0179 24.71961, -81.01813 24.71958, -81.01848 24.71952, -81.01879 24.71944, -81.01892 24.71937, -81.01897 24.71933, -81.01915 24.71925, -81.01928 24.71918, -81.01932 24.71916, -81.01961 24.71903, -81.01986 24.71888, -81.02002 24.71874, -81.02012 24.7187, -81.02059 24.71848, -81.02074 24.71839, -81.02101 24.71814, -81.02108 24.7181, -81.02115 24.71817, -81.0213 24.71812, -81.02147 24.71807, -81.02177 24.71793, -81.02198 24.71777, -81.02228 24.71751, -81.02241 24.71735, -81.02252 24.71731, -81.02288 24.71715, -81.02311 24.71697, -81.02315 24.71691, -81.02322 24.71687, -81.02336 24.71681, -81.02349 24.7167, -81.02369 24.7165, -81.02378 24.71641))"
Kreusler Park,25,11,19,Palm Beach,SE,69,0.33364824,5,69,0.2,MED,0,999.999,0,not present,1,2.23606798,1,MED,0,0,NO,NO,"MULTILINESTRING ((-80.03662 26.61684, -80.03661 26.61653, -80.03662 26.61648, -80.03661 26.6164, -80.03662 26.61583, -80.03659 26.61568, -80.03657 26.61549, -80.03657 26.61532, -80.03657 26.61523))"
Lake Worth Inlet,27,53,101,Palm Beach,SE,230.364,0.33956797,5,1267,1.1,HIGH,4.366,0.53857555,24,MED,7.272,0.84765957,40,HIGH,0,0,NO,NO,"MULTILINESTRING ((-80.03523 26.77125, -80.03528 26.77119, -80.03533 26.77111, -80.03542 26.77096, -80.03547 26.77076, -80.03554 26.77053, -80.0356 26.7703, -80.03561 26.77025, -80.03619 26.76915, -80.03622 26.76908, -80.0362 26.76887, -80.03628 26.7685, -80.0365 26.76764, -80.03677 26.76675, -80.03694 26.76571, -80.03698 26.76477, -80.03696 26.76415, -80.03695 26.76409, -80.03692 26.76409, -80.03687 26.76385, -80.03681 26.76334, -80.03679 26.7626, -80.03678 26.76178, -80.03676 26.76158))"
Lake Worth Municipal Beach,35,39,40,Palm Beach,SE,77,0.72831558,5,154,0.4,MED,1,2.23606798,2,MED,1,1.36930639,2,MED,0,0,NO,NO,"MULTILINESTRING ((-80.03657 26.61537, -80.03657 26.61508, -80.03656 26.61486, -80.03656 26.61451, -80.0365 26.61413, -80.0365 26.61362, -80.03658 26.61294, -80.03657 26.61256, -80.03653 26.61215, -80.03648 26.61189, -80.03648 26.61171, -80.0365 26.61165))"
Lantana,32,35,59,Palm Beach,SE,212,0.33545331,5,212,0.2,HIGH,4,1.6298006,4,MED,2,1.36930639,2,MED,0,0,NO,NO,"MULTILINESTRING ((-80.03749 26.58599, -80.03761 26.58593, -80.03766 26.58571, -80.03768 26.58467, -80.03768 26.5842, -80.03757 26.58395))"
Lido Key,129,105,84,Sarasota,CW,11.924,0.49622816,5,316,5.3,MED,0,999.999,0,not present,0,999.999,0,not present,0,0,NO,NO,"MULTILINESTRING ((-82.5876 27.3267, -82.58764 27.32663, -82.58815 27.32567, -82.58851 27.32485, -82.58873 27.32402, -82.58847 27.32302, -82.58781 27.32164, -82.58771 27.32147, -82.58741 27.32077, -82.58714 27.3199, -82.58672 27.31919, -82.58616 27.31854, -82.58574 27.31819, -82.58537 27.31788, -82.58466 27.31724, -82.58385 27.31673, -82.58271 27.31614, -82.58125 27.3153, -82.58056 27.31477, -82.57936 27.31374, -82.57921 27.31355, -82.5791 27.31334, -82.5783 27.31246, -82.57776 27.31165, -82.57749 27.31145, -82.57657 27.31025, -82.57598 27.30962, -82.57566 27.30928, -82.57555 27.30913, -82.57422 27.30691, -82.57256 27.30393, -82.57215 27.30327, -82.5712 27.30179, -82.57075 27.30104, -82.57024 27.30009, -82.56972 27.29926, -82.56894 27.29852, -82.56749 27.29766, -82.56642 27.29735, -82.56594 27.29775, -82.56588 27.29786, -82.56557 27.29848, -82.56548 27.29875, -82.56544 27.29931, -82.56547 27.30016, -82.56548 27.30062, -82.56523 27.30129, -82.56506 27.30176, -82.56504 27.30183, -82.56464 27.30326, -82.56444 27.30408, -82.56427 27.30527, -82.56427 27.30556))"
Little Crawl Key,31,26,81,Monroe,SE,4,1.08669367,5,6,0.3,LOW,0,999.999,0,not present,0,999.999,0,not present,0,0,NO,NO,"MULTILINESTRING ((-80.97997 24.74149, -80.97991 24.74134, -80.98001 24.74126, -80.98012 24.74112, -80.98039 24.74086, -80.98057 24.7405, -80.98083 24.74036, -80.98097 24.74032, -80.98107 24.74036, -80.98124 24.74034, -80.98134 24.74027, -80.9815 24.74018, -80.98161 24.74007, -80.98178 24.7401, -80.98207 24.74001, -80.98242 24.73987, -80.98271 24.73979, -80.98287 24.73982, -80.98305 24.73985, -80.98321 24.73992, -80.98334 24.73998, -80.98347 24.73999))"
Little Gasparilla Island,101,65,32,Charlotte,CW,34.774,0.30425653,5,539,3.1,HIGH,0.128,1.36930639,2,LOW,0,999.999,0,not present,0,0,NO,NO,"MULTILINESTRING ((-82.29909 26.83962, -82.29837 26.83853, -82.29781 26.83781, -82.29779 26.83781, -82.29771 26.8377, -82.29767 26.83768, -82.29717 26.83693, -82.2964 26.83582, -82.29561 26.83483, -82.29497 26.83389, -82.29418 26.83285, -82.29373 26.83215, -82.29352 26.8319, -82.2935 26.83189, -82.29347 26.83184, -82.29346 26.83181, -82.29346 26.83181, -82.293 26.83116, -82.2925 26.83047, -82.29167 26.8293, -82.29048 26.82762, -82.28966 26.82648, -82.28967 26.82648, -82.28965 26.82645, -82.28959 26.82638, -82.28918 26.82575, -82.28858 26.82486, -82.28791 26.82389, -82.2873 26.82289, -82.28651 26.82176, -82.28612 26.82096, -82.28558 26.82012, -82.2856 26.82013, -82.28558 26.82011, -82.28557 26.82008, -82.28556 26.82003, -82.28555 26.82002, -82.2851 26.81931, -82.28474 26.81878, -82.28441 26.81831, -82.28416 26.818, -82.28349 26.81698, -82.28311 26.81666, -82.28268 26.81628, -82.28251 26.81616, -82.28226 26.81599, -82.28195 26.81591, -82.28163 26.81574, -82.28129 26.81584))"
Little Talbot Island State Park,179,148,129,Duval,NO,5.804,0.4057969,5,248,8.56,MED,0.046,2.23606798,2,LOW,0.022,2.23606798,1,LOW,0,0,NO,NO,"MULTILINESTRING ((-81.42591 30.48658, -81.42604 30.48667, -81.42597 30.48679, -81.42579 30.48693, -81.42539 30.48718, -81.42505 30.48735, -81.42464 30.48754, -81.42415 30.48766, -81.42309 30.48789, -81.42149 30.4883, -81.42079 30.48857, -81.41994 30.48882, -81.41826 30.48951, -81.41781 30.48973, -81.41746 30.48998, -81.41701 30.49017, -81.41672 30.49032, -81.41636 30.49034, -81.4162 30.4902, -81.41577 30.4896, -81.41555 30.48917, -81.41542 30.48881, -81.41534 30.48845, -81.41528 30.48804, -81.41521 30.4875, -81.41511 30.48675, -81.41499 30.48604, -81.41476 30.48509, -81.41452 30.48396, -81.41435 30.4834, -81.41415 30.48296, -81.41407 30.48258, -81.41394 30.48221, -81.41382 30.48184, -81.41375 30.48139, -81.4135 30.48078, -81.41331 30.47948, -81.41316 30.47855, -81.41301 30.47782, -81.41282 30.47709, -81.41266 30.47636, -81.41252 30.47564, -81.41239 30.47483, -81.41228 30.4741, -81.41211 30.4731, -81.412 30.47199, -81.41191 30.47125, -81.41184 30.4705, -81.41177 30.46995, -81.41172 30.46936, -81.41155 30.46896, -81.41153 30.46862, -81.41151 30.46843, -81.41152 30.46813, -81.41149 30.46802, -81.41143 30.46702, -81.41137 30.46613, -81.41136 30.46491, -81.41129 30.46381, -81.41127 30.4632, -81.41113 30.46156, -81.41101 30.46056, -81.41096 30.4593, -81.41087 30.45771, -81.41078 30.45662, -81.41075 30.45612, -81.41064 30.45532, -81.41056 30.4547, -81.41056 30.45409, -81.41054 30.45354, -81.41049 30.45309, -81.41048 30.45301, -81.41049 30.45282, -81.41049 30.45259, -81.41043 30.4523, -81.4104 30.4519, -81.41032 30.4513, -81.41021 30.45058, -81.41008 30.44976, -81.40989 30.44876, -81.4098 30.44809, -81.40973 30.44732, -81.40952 30.44634, -81.40931 30.44526, -81.40909 30.44465, -81.40883 30.44389, -81.40858 30.44313, -81.40823 30.44194, -81.40799 30.44105, -81.40783 30.44053, -81.40771 30.4402, -81.40761 30.43986, -81.40751 30.43947, -81.40732 30.43873, -81.40723 30.43823, -81.40713 30.43792, -81.40702 30.43733, -81.40672 30.43533, -81.40669 30.43475, -81.40661 30.43429, -81.40658 30.4339, -81.40647 30.43351, -81.40639 30.43313, -81.40624 30.43261, -81.4062 30.43234, -81.40609 30.43199, -81.40603 30.43172, -81.406 30.43147, -81.40602 30.43129, -81.40606 30.43114, -81.40619 30.43089, -81.40658 30.43035, -81.40718 30.42962, -81.40764 30.42902, -81.40797 30.42877, -81.40832 30.42863, -81.40914 30.42816, -81.40977 30.4278, -81.41026 30.42723, -81.41046 30.4268, -81.41062 30.42648))"
Long Key (West End),11.5,8,2.5,Monroe,SE,13.75,0.14845392,4,44,0.8,MED,0,999.999,0,not present,0,999.999,0,not present,0,0,NO,NO,"MULTILINESTRING ((-80.84191 24.80564, -80.84222 24.8055, -80.84256 24.80535, -80.84301 24.8051, -80.84327 24.80491, -80.84355 24.8047, -80.84372 24.80459, -80.84393 24.80457, -80.84401 24.80452, -80.84433 24.8043, -80.84475 24.80406, -80.84503 24.80386, -80.84535 24.80374, -80.84561 24.8036, -80.84581 24.80348, -80.84601 24.80333, -80.8463 24.80324, -80.84652 24.80316, -80.84673 24.80314, -80.84711 24.80312, -80.84764 24.80307, -80.8481 24.80303, -80.84859 24.80299, -80.84884 24.80298))"
Long Key State Park,47,32,80,Monroe,SE,1.752,0.56161889,5,42,4.8,LOW,0,999.999,0,not present,0,999.999,0,not present,0,0,NO,NO,"MULTILINESTRING ((-80.82204 24.81259, -80.82217 24.8126, -80.82228 24.8126, -80.82283 24.81251, -80.82309 24.81245, -80.82357 24.81241, -80.82397 24.81237, -80.82441 24.81229, -80.82479 24.81217, -80.82521 24.812, -80.82563 24.81187, -80.82585 24.81179, -80.8268 24.81139, -80.82719 24.81123, -80.82756 24.81103, -80.8279 24.81087, -80.82818 24.81079, -80.82823 24.81068, -80.82834 24.81073, -80.82843 24.81071, -80.8287 24.81059, -80.82925 24.81031, -80.82947 24.81022, -80.82969 24.81011, -80.83037 24.80976, -80.83068 24.80956, -80.83089 24.80944, -80.83095 24.80932, -80.83108 24.80936, -80.83121 24.80928, -80.83151 24.8091, -80.83194 24.80886, -80.83235 24.80861, -80.83289 24.80827, -80.83312 24.80815, -80.83324 24.80804, -80.83334 24.80806, -80.83361 24.80801, -80.83384 24.80799, -80.83413 24.808, -80.83451 24.80796, -80.83482 24.80788, -80.8351 24.80782, -80.83541 24.80773, -80.83579 24.80761, -80.83634 24.80744, -80.83674 24.80735, -80.8372 24.80723, -80.83738 24.80711, -80.83771 24.807, -80.83803 24.8069, -80.83835 24.80682, -80.83867 24.80669, -80.83904 24.80657, -80.83933 24.80649, -80.83955 24.80638, -80.83985 24.80632, -80.8404 24.80613, -80.84079 24.80601, -80.8413 24.80588, -80.84164 24.80575, -80.84191 24.80564), (-80.82017 24.81255, -80.82006 24.81257, -80.81993 24.81259, -80.81975 24.81257, -80.81946 24.81252, -80.81894 24.8125, -80.81887 24.81247, -80.81874 24.81245, -80.81859 24.81249, -80.81843 24.81255, -80.81804 24.81256, -80.81765 24.81253, -80.81755 24.81251))"
Longboat Key (North),128,126,93,Manatee,CW,23.22,0.37151287,5,1161,10,MED,0.02,2.23606798,1,LOW,0,999.999,0,not present,0,0,NO,NO,"MULTILINESTRING ((-82.68974 27.43638, -82.68972 27.43544, -82.68915 27.43469, -82.68871 27.43423, -82.6884 27.43387, -82.68788 27.43339, -82.68706 27.43285, -82.68532 27.43183, -82.68522 27.43174, -82.68522 27.43187, -82.68473 27.43154, -82.68394 27.43096, -82.68341 27.43059, -82.68336 27.43055, -82.68304 27.43031, -82.68254 27.42998, -82.68236 27.42983, -82.68164 27.42911, -82.68044 27.4281, -82.67984 27.42747, -82.67933 27.42738, -82.67894 27.42722, -82.67807 27.42662, -82.67759 27.42635, -82.67687 27.4258, -82.67625 27.42532, -82.6762 27.42523, -82.67619 27.42523, -82.67573 27.425, -82.6752 27.42461, -82.67458 27.42422, -82.67408 27.42389, -82.6738 27.42372, -82.67336 27.42343, -82.67307 27.42325, -82.67263 27.42298, -82.67259 27.42292, -82.67211 27.42264, -82.67169 27.42246, -82.67121 27.42207, -82.67069 27.42169, -82.66914 27.42025, -82.66845 27.41958, -82.66832 27.41938, -82.66782 27.419, -82.66732 27.41845, -82.66689 27.41807, -82.66624 27.41745, -82.66558 27.41689, -82.66538 27.41665, -82.66521 27.41655, -82.66448 27.41576, -82.66353 27.41483, -82.66267 27.41391, -82.66199 27.4133, -82.66125 27.41254, -82.66117 27.41245, -82.66113 27.41246, -82.66006 27.4114, -82.65897 27.41027, -82.65827 27.40951, -82.65813 27.40943, -82.6581 27.40939, -82.6581 27.40939, -82.65772 27.40895, -82.65703 27.40817, -82.65623 27.40728, -82.65549 27.40639, -82.65421 27.40483, -82.65338 27.40378, -82.65325 27.4035, -82.65306 27.40331, -82.65297 27.40311, -82.65272 27.40281, -82.65191 27.40173, -82.65109 27.4006, -82.65105 27.4005, -82.65094 27.40041, -82.65025 27.39938, -82.64868 27.3973, -82.64724 27.39558, -82.6472 27.39539, -82.64678 27.39489, -82.6464 27.39439, -82.64597 27.39392, -82.64544 27.39321, -82.64457 27.39216, -82.64396 27.39125, -82.6433 27.39029, -82.64293 27.3898, -82.64285 27.38968, -82.64283 27.38966))"
Longboat Key (South),143,164,126,Sarasota,CW,25.68,0.43930921,5,1207,9.4,MED,0.086,1.61874498,4,LOW,0,999.999,0,not present,0,0,NO,NO,"MULTILINESTRING ((-82.64283 27.38966, -82.6424 27.38902, -82.64165 27.38802, -82.64128 27.38737, -82.64104 27.3869, -82.6404 27.38601, -82.64006 27.38543, -82.63967 27.38489, -82.63918 27.38399, -82.63865 27.38303, -82.63825 27.38245, -82.63796 27.38174, -82.63769 27.38134, -82.63735 27.38078, -82.63697 27.38006, -82.6366 27.37944, -82.63602 27.37863, -82.63527 27.37765, -82.63461 27.37676, -82.63408 27.37609, -82.63377 27.37565, -82.6334 27.37523, -82.63324 27.37491, -82.63304 27.37476, -82.63261 27.37414, -82.63203 27.37346, -82.6316 27.37292, -82.63146 27.37259, -82.63133 27.37244, -82.63117 27.37228, -82.63092 27.37192, -82.63055 27.3714, -82.63044 27.3712, -82.63009 27.37081, -82.62961 27.3702, -82.62896 27.36935, -82.62859 27.36892, -82.62773 27.36779, -82.62685 27.36663, -82.62671 27.36643, -82.62617 27.36571, -82.62548 27.3647, -82.62513 27.36424, -82.62438 27.36336, -82.62381 27.36246, -82.62317 27.36171, -82.62277 27.36127, -82.62176 27.36041, -82.62058 27.35928, -82.61866 27.35738, -82.61686 27.35537, -82.61598 27.35438, -82.61432 27.3525, -82.61321 27.35104, -82.61195 27.35005, -82.61034 27.34884, -82.60877 27.34751, -82.60785 27.34666, -82.60665 27.34555, -82.60533 27.34426, -82.60419 27.34307, -82.60284 27.34181, -82.60116 27.33994, -82.59981 27.33843, -82.59646 27.33479, -82.59272 27.3308, -82.5916 27.32989, -82.59034 27.32901, -82.5895 27.32852, -82.58907 27.3284, -82.58882 27.32838, -82.58859 27.32835, -82.58837 27.3286, -82.58813 27.32922, -82.58798 27.32953, -82.58792 27.32958, -82.58782 27.32966, -82.5877 27.32972, -82.58759 27.32977, -82.58748 27.32987, -82.58737 27.32998, -82.5872 27.33014, -82.58707 27.33028, -82.58695 27.3304, -82.58687 27.3305, -82.58681 27.33055, -82.58674 27.33063, -82.58673 27.3307, -82.58677 27.33074, -82.58678 27.33081, -82.58674 27.33088, -82.58664 27.33101, -82.58658 27.33111, -82.58652 27.33123, -82.58651 27.3313, -82.58654 27.33137, -82.58652 27.33143, -82.58648 27.33154, -82.58644 27.33163, -82.58637 27.33181, -82.5863 27.33206, -82.5863 27.33208))"
Lovers Key State Park,83,25,24,Lee,SW,8.7,0.42349732,5,174,4,LOW,0,999.999,0,not present,0,999.999,0,not present,0,0,NO,NO,"MULTILINESTRING ((-81.87827 26.40351, -81.87841 26.40314, -81.87862 26.40294, -81.87878 26.40265, -81.87936 26.40218, -81.88023 26.4014, -81.88106 26.40058, -81.88143 26.40007, -81.88201 26.39953, -81.88263 26.39903, -81.88299 26.39886, -81.88366 26.39856, -81.88414 26.39843, -81.88474 26.39852, -81.88526 26.39866, -81.88556 26.39865, -81.88588 26.39859, -81.88598 26.39822, -81.8859 26.39768, -81.88575 26.39718, -81.88554 26.39652, -81.88532 26.39606, -81.88503 26.39567, -81.8847 26.39527, -81.88419 26.39471, -81.88374 26.39426, -81.88332 26.39374, -81.88303 26.39337, -81.88255 26.39297, -81.88201 26.39245, -81.88152 26.39199, -81.88107 26.39152, -81.88063 26.39106, -81.87959 26.39021, -81.87887 26.38963, -81.87833 26.38913, -81.87794 26.38869, -81.87756 26.38838, -81.8772 26.38797, -81.87679 26.38759, -81.87618 26.3869, -81.87573 26.38641, -81.87523 26.38585, -81.87478 26.38538, -81.8745 26.38504, -81.87418 26.38475, -81.87383 26.38435, -81.87358 26.38406, -81.87328 26.38376, -81.87296 26.38343, -81.87267 26.38313, -81.87251 26.38275, -81.8721 26.38237, -81.8719 26.38196, -81.87167 26.38161, -81.8714 26.3812, -81.87111 26.38082, -81.87079 26.38043, -81.87057 26.38012, -81.87021 26.37982, -81.86994 26.37949, -81.86971 26.37945, -81.86949 26.37925, -81.8693 26.3792, -81.86911 26.37918, -81.86893 26.37929, -81.86865 26.3795))"
Lower Matecumbe Sea Oats Bch,117,135,174,Monroe,SE,5.428,0.69415257,5,58,2.22,LOW,0,999.999,0,not present,0,999.999,0,not present,0,0,NO,NO,"MULTILINESTRING ((-80.70403 24.86877, -80.70403 24.86877, -80.70427 24.86867, -80.70461 24.86842, -80.70478 24.86824, -80.70515 24.86797, -80.70555 24.86772, -80.7057 24.86763, -80.70592 24.86748, -80.70622 24.8673, -80.7064 24.8672, -80.7065 24.86718, -80.7066 24.86717, -80.70684 24.86711, -80.707 24.86697, -80.70724 24.86683, -80.70758 24.86664, -80.70781 24.86686, -80.70785 24.86683, -80.70807 24.86667, -80.70832 24.86647, -80.70867 24.8662, -80.70889 24.86602, -80.70911 24.86581, -80.70933 24.86564, -80.70952 24.86546, -80.70973 24.86526, -80.7099 24.86501, -80.71012 24.86481, -80.71043 24.8645, -80.71059 24.86431, -80.71086 24.86417, -80.71109 24.8641, -80.71119 24.86413, -80.71133 24.86421, -80.71143 24.86419, -80.71165 24.86407, -80.71187 24.86393, -80.71197 24.86387, -80.71208 24.86379, -80.71229 24.86365, -80.71244 24.86356, -80.71254 24.86361, -80.71265 24.86365, -80.7127 24.86363, -80.71282 24.86355, -80.71299 24.8634, -80.71314 24.86326, -80.71347 24.86301, -80.7138 24.86282, -80.71387 24.86283, -80.71397 24.86279, -80.71408 24.86271, -80.71422 24.86258, -80.71432 24.8625, -80.71442 24.86244, -80.71455 24.86238, -80.71466 24.86242, -80.71474 24.86241, -80.71495 24.8623, -80.71518 24.86215, -80.71543 24.86199, -80.71559 24.86189, -80.71572 24.86179, -80.71598 24.8617, -80.71614 24.86165, -80.71623 24.86165, -80.71634 24.8616, -80.7165 24.86156, -80.71669 24.86148, -80.71682 24.8614, -80.71708 24.86125, -80.71733 24.86114, -80.71753 24.86105, -80.71773 24.861, -80.7179 24.86096, -80.71797 24.86094, -80.7181 24.86091, -80.71814 24.86093, -80.71822 24.86101, -80.71829 24.86101, -80.71836 24.86096, -80.71849 24.86086, -80.71873 24.86077, -80.71893 24.86071, -80.71906 24.86064, -80.71926 24.86056, -80.71953 24.86046, -80.7196 24.86046, -80.71966 24.86051, -80.71974 24.86058, -80.71989 24.86055, -80.72023 24.86043), (-80.70347 24.86922, -80.70332 24.86954, -80.70314 24.86975, -80.70288 24.87004, -80.70262 24.87026, -80.70237 24.87037), (-80.70167 24.87078, -80.70141 24.87127, -80.7011 24.87162, -80.70072 24.87204, -80.70049 24.87232, -80.70021 24.87268, -80.69994 24.87305, -80.69967 24.87336, -80.6995 24.87357, -80.69922 24.87386, -80.69899 24.87409, -80.69876 24.87411, -80.69858 24.8742))"
Manalapan,51,132,180,Palm Beach,SE,198.49,0.20498637,5,4466,4.5,HIGH,26.978,0.48871012,607,HIGH,2.756,0.42762291,62,HIGH,0,0,NO,NO,"MULTILINESTRING ((-80.03757 26.58395, -80.03757 26.58395, -80.03752 26.5833, -80.03752 26.5827, -80.03755 26.58216, -80.03771 26.58102, -80.03776 26.58026, -80.03778 26.57993, -80.03791 26.57846, -80.03787 26.57823, -80.03822 26.57526, -80.03827 26.57402, -80.03828 26.57401, -80.03828 26.57399, -80.03831 26.57382, -80.03835 26.57359, -80.03838 26.57352, -80.03838 26.57348, -80.0384 26.57319, -80.03847 26.57288, -80.03849 26.57264, -80.0385 26.57231, -80.03852 26.57188, -80.0386 26.57146, -80.03875 26.57053, -80.03888 26.56928, -80.03885 26.56918, -80.03889 26.56917, -80.03892 26.56895, -80.03896 26.56874, -80.03901 26.56852, -80.0391 26.56827, -80.03913 26.56805, -80.03914 26.56782, -80.03915 26.56761, -80.03929 26.56704, -80.03941 26.56661, -80.03949 26.56632, -80.03954 26.56608, -80.03964 26.56585, -80.03976 26.56555, -80.0398 26.56533, -80.03981 26.5652, -80.03981 26.56504, -80.03989 26.56466, -80.04001 26.56428, -80.04002 26.56416, -80.04006 26.56385, -80.04007 26.5638, -80.04012 26.5635, -80.04016 26.56331, -80.04022 26.56305, -80.04027 26.56282, -80.04028 26.5626, -80.04032 26.56242, -80.04034 26.56228, -80.04036 26.56215, -80.04036 26.56202, -80.04041 26.56183, -80.0405 26.56163, -80.04056 26.56146, -80.04059 26.56126, -80.04062 26.56109, -80.04066 26.56069, -80.04066 26.56064, -80.04083 26.56009, -80.04084 26.55969, -80.0409 26.55955, -80.04094 26.5594, -80.04098 26.5592, -80.04106 26.55899, -80.0411 26.55881, -80.04111 26.55866, -80.04109 26.55847, -80.04111 26.55829, -80.04114 26.55813, -80.04116 26.55796, -80.04123 26.55775, -80.04132 26.55751, -80.04136 26.55729, -80.04141 26.557, -80.04141 26.55678, -80.04141 26.55665, -80.04142 26.55663, -80.04143 26.55642, -80.04139 26.55611, -80.04137 26.5559, -80.04139 26.55574, -80.04137 26.55547, -80.0414 26.55527, -80.04145 26.5551, -80.04145 26.55508, -80.04138 26.55507, -80.04136 26.55493, -80.04135 26.55479, -80.04137 26.55462, -80.04138 26.55443, -80.04141 26.55428, -80.04143 26.55413, -80.04149 26.55394, -80.04158 26.55375, -80.04161 26.55351, -80.0416 26.55333, -80.04161 26.55317, -80.04162 26.55297, -80.04162 26.55278, -80.04163 26.55257, -80.04164 26.55235, -80.04168 26.55207, -80.0417 26.55181, -80.04171 26.5515, -80.04172 26.55125, -80.04174 26.55097, -80.04175 26.55066, -80.04176 26.55044, -80.04173 26.55024, -80.04174 26.55002, -80.04175 26.54998, -80.04171 26.54959, -80.04178 26.54931, -80.04179 26.54912, -80.0418 26.5489, -80.0418 26.54857, -80.04181 26.54824, -80.04183 26.54794, -80.04186 26.54758, -80.04187 26.54732, -80.04176 26.54666, -80.04177 26.54638, -80.04182 26.54609, -80.04185 26.54584, -80.04192 26.54562))"
Manasota Key,88,60,42,Charlotte,CW,65.358,0.25881066,5,1445,4.4,HIGH,0.228,1.25418659,5,MED,0,999.999,0,not present,0,0,NO,NO,"MULTILINESTRING ((-82.37429 26.94597, -82.36646 26.93201, -82.3661 26.9315, -82.36584 26.93112, -82.36499 26.92968, -82.36485 26.92967, -82.3635 26.92764, -82.36294 26.92677, -82.36276 26.92643, -82.36267 26.92632, -82.3625 26.92608, -82.36223 26.92566, -82.36222 26.92564, -82.36215 26.92553, -82.36189 26.9251, -82.36159 26.92463, -82.3614 26.92435, -82.36116 26.92411, -82.3609 26.92372, -82.36074 26.9234, -82.36059 26.92305, -82.36053 26.92289, -82.36005 26.92214, -82.36004 26.92213, -82.35956 26.92128, -82.35944 26.92102, -82.35936 26.92092, -82.35918 26.92068, -82.35871 26.91987, -82.35841 26.91938, -82.35826 26.91915, -82.35818 26.91895, -82.3574 26.91748, -82.3574 26.91747, -82.3557 26.91463, -82.3556 26.91456, -82.35341 26.91094))"
Manasota Key (Sarasota County),137,145,115,Sarasota,CW,165.798,0.24843357,5,10694,12.9,HIGH,2.48,0.56353602,160,MED,0,999.999,0,not present,0,2,NO,YES,"MULTILINESTRING ((-82.44189 27.05491, -82.44162 27.05473, -82.44141 27.05443, -82.44111 27.0539, -82.4403 27.05273, -82.44002 27.0523, -82.43958 27.05157, -82.439 27.05074, -82.43825 27.04962, -82.43793 27.04897, -82.43788 27.04881, -82.43713 27.04769, -82.4363 27.04653, -82.43507 27.04474, -82.43393 27.04307, -82.43353 27.04248, -82.43279 27.04149, -82.4324 27.04096, -82.43231 27.04076, -82.43198 27.04039, -82.43189 27.04011, -82.4317 27.03989, -82.4315 27.03968, -82.43094 27.03884, -82.43052 27.03825, -82.42983 27.03724, -82.42898 27.03591, -82.42815 27.03467, -82.42814 27.03467, -82.42767 27.03378, -82.42697 27.03273, -82.42613 27.03136, -82.42586 27.03094, -82.42522 27.02993, -82.42421 27.02831, -82.42369 27.02761, -82.42345 27.02729, -82.4229 27.02635, -82.42246 27.0256, -82.42189 27.0246, -82.42142 27.02387, -82.42081 27.02296, -82.42033 27.02208, -82.41985 27.02132, -82.41961 27.02098, -82.41899 27.01994, -82.41818 27.01874, -82.41747 27.01773, -82.41681 27.01679, -82.41673 27.0166, -82.41645 27.01603, -82.41591 27.01501, -82.41542 27.01428, -82.41529 27.01408, -82.4143 27.01253, -82.41392 27.01185, -82.41352 27.01114, -82.41312 27.01063, -82.41276 27.01031, -82.41253 27.00993, -82.41217 27.00938, -82.41173 27.00865, -82.41109 27.00735, -82.41053 27.00643, -82.40982 27.00515, -82.40881 27.00301, -82.40873 27.00288, -82.40818 27.00176, -82.40756 27.00065, -82.40676 26.99893, -82.40602 26.99737, -82.40581 26.99699, -82.40531 26.99591, -82.40487 26.99493, -82.4044 26.99397, -82.40384 26.9928, -82.40342 26.99186, -82.40314 26.99138, -82.4027 26.99048, -82.40191 26.98891, -82.40103 26.98716, -82.40098 26.98703, -82.40043 26.98584, -82.39934 26.98395, -82.39884 26.98298, -82.39875 26.98276, -82.39848 26.98222, -82.3981 26.98166, -82.39766 26.98076, -82.39736 26.98025, -82.39676 26.97926, -82.39609 26.97833, -82.39554 26.97761, -82.39522 26.97724, -82.39505 26.97696, -82.39486 26.97664, -82.39466 26.97628, -82.39429 26.9757, -82.39386 26.97496, -82.39342 26.97432, -82.39275 26.97334, -82.39219 26.9725, -82.3919 26.97198, -82.39165 26.97168, -82.39151 26.97136, -82.39069 26.97021, -82.39008 26.96948, -82.38939 26.96851, -82.38872 26.96753, -82.38836 26.96691, -82.38791 26.96629, -82.38726 26.96539, -82.38678 26.96477, -82.38653 26.96448, -82.38607 26.96399, -82.38565 26.96348, -82.38509 26.96275, -82.38463 26.9621, -82.38412 26.96141, -82.38365 26.96058, -82.38314 26.95981, -82.38299 26.95953, -82.38299 26.95953, -82.38206 26.95835, -82.38108 26.9569, -82.37986 26.95516, -82.37916 26.95402, -82.37885 26.95356, -82.37836 26.95278, -82.37788 26.95192, -82.3772 26.95086, -82.37664 26.94992, -82.37641 26.94966, -82.37615 26.94908, -82.37591 26.94871, -82.37551 26.94805, -82.37482 26.94693, -82.37448 26.94635, -82.3743 26.94603))"
Marco Island,60,69,16,Collier,SW,5.772,0.28164319,5,329,11.4,LOW,0,999.999,0,not present,0,999.999,0,not present,0,0,NO,NO,"MULTILINESTRING ((-81.75198 25.96416, -81.75277 25.96256, -81.7532 25.96164, -81.75357 25.96067, -81.75372 25.95978, -81.75374 25.95888, -81.7538 25.95784, -81.75366 25.95659, -81.75354 25.95581, -81.75316 25.95517, -81.75271 25.95445, -81.75233 25.95367, -81.75197 25.95316, -81.75179 25.9525, -81.75157 25.95196, -81.75096 25.95106, -81.75023 25.94964, -81.74967 25.94897, -81.74904 25.94848, -81.74864 25.94809, -81.74816 25.94765, -81.7469 25.94653, -81.74619 25.94593, -81.74528 25.94526, -81.74483 25.94494, -81.74457 25.94478, -81.74446 25.94466, -81.7441 25.94436, -81.74382 25.94416, -81.74346 25.94388, -81.74309 25.94362, -81.74268 25.94333, -81.74224 25.94304, -81.74191 25.94277, -81.74144 25.94247, -81.74095 25.94217, -81.7404 25.94185, -81.74005 25.94162, -81.73967 25.94129, -81.73936 25.94099, -81.73903 25.94066, -81.7386 25.94029, -81.73822 25.93992, -81.73817 25.93992, -81.73814 25.93987, -81.73785 25.93967, -81.73753 25.93948, -81.73712 25.9391, -81.73659 25.93858, -81.73625 25.93814, -81.73595 25.9378, -81.73562 25.93742, -81.73529 25.937, -81.73503 25.93663, -81.73483 25.93628, -81.73461 25.93592, -81.73444 25.93566, -81.73419 25.93519, -81.734 25.93488, -81.73391 25.93485, -81.73387 25.9347, -81.73352 25.93418, -81.73326 25.93376, -81.73305 25.93335, -81.73282 25.93302, -81.73281 25.93299, -81.73278 25.93293, -81.73274 25.93287, -81.73271 25.93281, -81.73267 25.93274, -81.73266 25.93272, -81.73261 25.93262, -81.73256 25.93253, -81.73251 25.93242, -81.73246 25.93231, -81.7324 25.9322, -81.73235 25.93208, -81.73229 25.93196, -81.73224 25.93183, -81.73219 25.93171, -81.73213 25.93159, -81.73208 25.93148, -81.73202 25.93138, -81.73198 25.93128, -81.73195 25.9312, -81.73192 25.93112, -81.73189 25.93104, -81.73186 25.93097, -81.73183 25.93089, -81.7318 25.93081, -81.73176 25.93072, -81.73173 25.93062, -81.73169 25.93051, -81.73166 25.93039, -81.73162 25.93027, -81.73158 25.93015, -81.73154 25.93002, -81.7315 25.9299, -81.73146 25.92977, -81.73141 25.92962, -81.73137 25.92948, -81.73134 25.92933, -81.73129 25.92919, -81.73124 25.92906, -81.73119 25.92893, -81.73115 25.92881, -81.73111 25.92871, -81.73108 25.92862, -81.73105 25.92853, -81.73102 25.92845, -81.73099 25.92837, -81.73096 25.92828, -81.73093 25.92819, -81.7309 25.9281, -81.73086 25.92799, -81.73083 25.92788, -81.7308 25.92776, -81.73076 25.92764, -81.73073 25.92751, -81.73069 25.92738, -81.73066 25.92725, -81.73063 25.9271, -81.73059 25.92697, -81.73056 25.92683, -81.73052 25.9267, -81.7305 25.92658, -81.73047 25.92646, -81.73044 25.92634, -81.73041 25.92621, -81.73039 25.92609, -81.73036 25.92596, -81.73033 25.92584, -81.73031 25.92571, -81.73029 25.92559, -81.73028 25.92547, -81.73025 25.92534, -81.73023 25.92521, -81.7302 25.92507, -81.73017 25.92494, -81.73015 25.92481, -81.73013 25.92467, -81.73011 25.92454, -81.73009 25.9244, -81.73006 25.92425, -81.73004 25.9241, -81.73002 25.92394, -81.73 25.92378, -81.72999 25.92376, -81.72985 25.92345, -81.72978 25.92279, -81.72966 25.92175, -81.7295 25.92047, -81.72943 25.91953, -81.72934 25.9187, -81.72932 25.91776, -81.7293 25.91737, -81.72922 25.91724, -81.72917 25.91664, -81.72907 25.91553, -81.72902 25.91406, -81.72905 25.91319, -81.72907 25.91229, -81.72908 25.91177, -81.72914 25.91102, -81.72918 25.91076, -81.72922 25.91076, -81.72921 25.91073, -81.72924 25.91052, -81.7293 25.9103, -81.72932 25.91004, -81.72938 25.9097, -81.72941 25.90954, -81.72943 25.90941))"
Marineland Beach,91,96,102,Flagler,NO,2.966,0.32449777,5,43,2.9,LOW,0.48,1.48692216,7,MED,0.068,2.23606798,1,LOW,0,0,NO,NO,"MULTILINESTRING ((-81.21312 29.67086, -81.21269 29.67013, -81.21259 29.66995, -81.21226 29.66922, -81.2116 29.66777, -81.21096 29.66665, -81.2105 29.66515, -81.21009 29.66419, -81.20982 29.66361, -81.20972 29.66337, -81.20958 29.66299, -81.20946 29.66271, -81.20926 29.66232, -81.20915 29.66198, -81.20901 29.66163, -81.20888 29.66131, -81.20865 29.66074, -81.20837 29.66002, -81.20792 29.65892, -81.20763 29.65828, -81.20741 29.65764, -81.2072 29.65704, -81.20708 29.65671, -81.20659 29.65558, -81.20613 29.65444, -81.20569 29.65339, -81.20507 29.65193, -81.20448 29.65046, -81.20426 29.64996, -81.2038 29.64879, -81.20291 29.6467, -81.20207 29.64472, -81.2015 29.64319))"
Marquesas Keys,30,149,197,Monroe,DT,3.66,0.62815687,5,97,5.3,MED,3.544,0.71251676,94,MED,0,999.999,0,not present,0,0,NO,NO,"MULTILINESTRING ((-82.15749 24.54874, -82.15779 24.54847, -82.15811 24.54828, -82.15841 24.54816, -82.15852 24.54814, -82.1589 24.54807, -82.15921 24.54813, -82.15941 24.54814, -82.15966 24.54817, -82.15986 24.54826, -82.16003 24.54833, -82.16016 24.54842, -82.16031 24.54847, -82.16045 24.54852, -82.16058 24.54861, -82.16072 24.54864, -82.16094 24.54869, -82.16115 24.54879, -82.16137 24.54894, -82.16141 24.54904, -82.16145 24.54913, -82.16155 24.54936, -82.16168 24.54958, -82.16185 24.54974), (-82.16438 24.55831, -82.16471 24.55846, -82.16487 24.55841, -82.16501 24.55829, -82.16524 24.5581, -82.16549 24.55796, -82.16566 24.55781, -82.16577 24.55755, -82.1658 24.55732, -82.16582 24.55704, -82.16579 24.55672, -82.16564 24.55566, -82.16567 24.55533, -82.16555 24.55487, -82.16555 24.55442, -82.16552 24.55428, -82.16542 24.55401, -82.16529 24.55357, -82.1652 24.55319, -82.16509 24.55276, -82.16498 24.55245, -82.16478 24.55203, -82.16453 24.55162, -82.1643 24.55129, -82.16411 24.55091, -82.16394 24.55066, -82.16381 24.55047, -82.16358 24.55029, -82.16336 24.55014), (-82.16284 24.56479, -82.16293 24.56464, -82.16311 24.56456, -82.1633 24.56439, -82.16374 24.56412, -82.16384 24.56396, -82.16399 24.56392, -82.16413 24.56387, -82.16433 24.56375, -82.16443 24.5636, -82.16455 24.56339, -82.16464 24.56321, -82.16465 24.56305, -82.16467 24.56286, -82.16462 24.56271, -82.16462 24.56239, -82.16459 24.56224, -82.16456 24.56209, -82.16453 24.56186, -82.16456 24.56169, -82.16458 24.56145, -82.16462 24.56123, -82.16458 24.56111, -82.16444 24.56083, -82.16406 24.56015), (-82.14504 24.58808, -82.14504 24.58821, -82.14506 24.58831, -82.14514 24.5884, -82.14527 24.5885, -82.14532 24.58859, -82.14531 24.58876, -82.14525 24.58897, -82.14513 24.58926, -82.14519 24.58932, -82.14525 24.58936, -82.14529 24.58931, -82.14538 24.58924, -82.14545 24.58919, -82.14552 24.58923, -82.14544 24.58935, -82.14538 24.58943, -82.1453 24.58952, -82.14525 24.58961, -82.14521 24.58967, -82.14514 24.58982, -82.14508 24.58994, -82.14498 24.59007, -82.14487 24.5902, -82.14479 24.59029, -82.14469 24.59037, -82.1446 24.59046, -82.14462 24.59051, -82.1446 24.59053, -82.14457 24.59057, -82.1446 24.59064, -82.14457 24.59076, -82.14454 24.59095, -82.14447 24.59102, -82.14437 24.59106, -82.14434 24.59111, -82.14431 24.59123, -82.14419 24.59139, -82.14413 24.59181, -82.1441 24.59193, -82.14409 24.59201, -82.14389 24.5923, -82.14355 24.59273, -82.14335 24.59307, -82.1431 24.59342, -82.14284 24.59362, -82.1426 24.59382, -82.14229 24.59395, -82.142 24.59405, -82.14165 24.59417, -82.14145 24.5943, -82.14133 24.59451, -82.14113 24.5947, -82.14094 24.59478, -82.14059 24.59494, -82.13987 24.59518, -82.13941 24.59532, -82.13914 24.59543, -82.13879 24.59559, -82.13835 24.59572, -82.13747 24.59596, -82.13726 24.59604, -82.13695 24.59613, -82.13629 24.59636, -82.13584 24.5965, -82.13498 24.59671, -82.13417 24.59688, -82.13314 24.59704, -82.13263 24.59712, -82.13213 24.59724, -82.13163 24.59734, -82.13121 24.59737, -82.13076 24.59742, -82.13047 24.5975, -82.12999 24.59757, -82.12961 24.59761, -82.129 24.59759, -82.12854 24.59754, -82.12817 24.59745, -82.12737 24.59732, -82.12672 24.59721, -82.12642 24.59714, -82.12591 24.5971, -82.12566 24.59712, -82.12527 24.59716, -82.12509 24.59716, -82.12475 24.5971, -82.12442 24.597, -82.12397 24.59684, -82.12352 24.59667, -82.12297 24.59648, -82.12258 24.59627, -82.12212 24.59598, -82.12188 24.59586, -82.12163 24.59581, -82.12146 24.59576, -82.12098 24.59562, -82.12075 24.59553, -82.12046 24.59537, -82.1203 24.59527, -82.11999 24.5951, -82.11976 24.59493, -82.11954 24.59475, -82.11937 24.59466, -82.11924 24.59463, -82.11906 24.59462, -82.11868 24.59442, -82.11817 24.59411))"
Mayport Naval Air Station,66,37,45,Duval,NO,5.998,0.33038442,5,54,1.8,MED,0.334,1.4879366,3,MED,0.336,0.91287093,3,MED,0,0,NO,NO,"MULTILINESTRING ((-81.39212 30.39704, -81.39205 30.397, -81.39197 30.39688, -81.39196 30.39673, -81.39198 30.39654, -81.39205 30.39624, -81.39219 30.39589, -81.39236 30.39553, -81.39254 30.39517, -81.39281 30.39467, -81.39305 30.39425, -81.39326 30.39387, -81.39352 30.39337, -81.39403 30.39231, -81.39433 30.39148, -81.39458 30.39099, -81.3948 30.39033, -81.39487 30.38996, -81.39497 30.38962, -81.39515 30.38908, -81.39532 30.38853, -81.39547 30.38779, -81.39576 30.38656, -81.39597 30.38549, -81.39615 30.38437, -81.39631 30.38295, -81.3964 30.38183))"
Merritt Island National Wildlife Refuge,127,137,156,Brevard,CE,126.022,0.20652968,5,6175,9.8,MED,24.324,0.77943313,1192,HIGH,0.756,0.57730178,37,MED,0,0,NO,NO,"MULTILINESTRING ((-80.62403 28.6442, -80.62335 28.64325, -80.62234 28.64191, -80.62072 28.63973, -80.61964 28.63819, -80.61908 28.63743, -80.61711 28.63482, -80.61561 28.6329, -80.61425 28.63128, -80.61192 28.62863, -80.61151 28.62809, -80.60987 28.62617, -80.60771 28.6236, -80.60714 28.62284, -80.60293 28.61809, -80.60187 28.61687, -80.60108 28.61589, -80.59936 28.61399, -80.59746 28.61177, -80.59545 28.60949, -80.59172 28.60526, -80.59113 28.60462, -80.59009 28.60339, -80.58718 28.60022, -80.58463 28.59769, -80.58419 28.59722, -80.5805 28.59313, -80.57964 28.59203, -80.57829 28.59048, -80.57741 28.58933, -80.57628 28.58791, -80.57518 28.58605, -80.57431 28.58401, -80.57369 28.58223, -80.57311 28.58067, -80.57261 28.57876, -80.571 28.57403, -80.57076 28.57348, -80.57026 28.57213, -80.56917 28.56895, -80.5691 28.56862))"
Mexico Beach,151,130,117,Bay,NW,1.234,0.69804101,5,58,10.94,MED,0,999.999,0,not present,0,999.999,0,not present,0,0,NO,NO,"MULTILINESTRING ((-85.44895 29.95553, -85.44745 29.95504, -85.44518 29.95422, -85.44384 29.95355, -85.44209 29.9529, -85.44028 29.95225, -85.43937 29.95194, -85.43878 29.95174, -85.43838 29.95159, -85.43808 29.95149, -85.43784 29.95139, -85.43751 29.95132, -85.43718 29.95124, -85.43681 29.95118, -85.43655 29.95114, -85.43603 29.95105, -85.43544 29.95095, -85.43471 29.95087, -85.43394 29.95073, -85.43334 29.95063, -85.43279 29.95058, -85.43235 29.95049, -85.43188 29.95039, -85.43136 29.95033, -85.43092 29.95034, -85.43029 29.95035, -85.43009 29.95031, -85.42981 29.9502, -85.42953 29.95015, -85.42921 29.95009, -85.4289 29.95004, -85.42856 29.94994, -85.42812 29.94984, -85.42779 29.94977, -85.42743 29.94963, -85.42687 29.94945, -85.4264 29.94929, -85.42577 29.94914, -85.42521 29.949, -85.42399 29.94855, -85.42311 29.94821, -85.42237 29.94792, -85.42173 29.94762, -85.42101 29.94728, -85.42028 29.94695, -85.4197 29.94666, -85.4191 29.94639, -85.41844 29.94611, -85.41773 29.94569, -85.41726 29.94548, -85.41683 29.94532, -85.41625 29.94506, -85.41589 29.94488, -85.41556 29.94469, -85.41533 29.94452, -85.41495 29.94429, -85.41457 29.94405, -85.41406 29.9439, -85.41368 29.94369, -85.41344 29.94358, -85.41307 29.94347, -85.41277 29.94326, -85.41249 29.94314, -85.41211 29.94296, -85.4118 29.94279, -85.41152 29.94262, -85.41128 29.94252, -85.4111 29.94234, -85.41082 29.94221, -85.41055 29.94201, -85.41003 29.94171, -85.40957 29.94143, -85.40907 29.94107, -85.40846 29.94067, -85.40794 29.94033, -85.40761 29.94007, -85.40721 29.9398, -85.4067 29.93943, -85.4062 29.93906, -85.40576 29.93873, -85.40536 29.93847, -85.4051 29.93822, -85.40465 29.93792, -85.40435 29.93773, -85.40413 29.93749, -85.40392 29.93734, -85.40379 29.93721, -85.40357 29.93705, -85.40343 29.9369, -85.40319 29.93672, -85.40291 29.93652, -85.40265 29.93634, -85.40228 29.93608, -85.40204 29.93583, -85.40155 29.93546, -85.40108 29.93512, -85.40061 29.93476, -85.40006 29.93422, -85.39983 29.9339, -85.39946 29.93365, -85.3994 29.93358, -85.39913 29.93338, -85.39891 29.9332, -85.39862 29.93303, -85.39839 29.93277, -85.39819 29.93253, -85.39795 29.93239, -85.39745 29.93193, -85.39694 29.93155, -85.3966 29.93123, -85.39634 29.9309, -85.39622 29.93084, -85.39597 29.93064, -85.39572 29.93044, -85.39545 29.93022, -85.39514 29.92999, -85.39506 29.92993, -85.39481 29.92973, -85.39452 29.92951, -85.39434 29.92933, -85.39412 29.92903, -85.39392 29.92883, -85.39372 29.92859, -85.39341 29.92843, -85.39327 29.92827, -85.39311 29.92819, -85.39298 29.92807, -85.39285 29.92791, -85.39258 29.92775, -85.39214 29.92743, -85.39179 29.92712, -85.39161 29.927, -85.39141 29.92686, -85.39117 29.92664, -85.39093 29.92645, -85.39069 29.92621, -85.39041 29.926, -85.39019 29.92578, -85.39003 29.9256, -85.38978 29.92536, -85.38951 29.92513, -85.38928 29.9249))"
Miami Beaches,115,209,214,Miami-Dade,SE,8.518,0.20454031,5,920,21.6,MED,0.28,0.69160417,30,MED,0.138,0.8836421,15,LOW,0,0,NO,NO,"MULTILINESTRING ((-80.12125 25.89941, -80.12164 25.89887, -80.12186 25.89794, -80.12164 25.89483, -80.12146 25.89215, -80.12124 25.89048, -80.12104 25.88682, -80.1209 25.88609, -80.1208 25.88431, -80.12068 25.88347, -80.12024 25.88041, -80.11998 25.87615, -80.11917 25.87118, -80.11922 25.87014, -80.11885 25.86817, -80.1188 25.86229, -80.11885 25.86053, -80.11887 25.85996, -80.11872 25.85898, -80.11882 25.85721, -80.1189 25.85482, -80.11879 25.85404, -80.11883 25.85226, -80.1187 25.85113, -80.11882 25.84996, -80.11863 25.84866, -80.11853 25.84685, -80.11878 25.84523, -80.11876 25.84284, -80.11879 25.84112, -80.11899 25.83761, -80.11895 25.83588, -80.11927 25.8336, -80.11913 25.83277, -80.11932 25.82766, -80.11984 25.82508, -80.12011 25.8228, -80.12022 25.82103, -80.12046 25.8198, -80.12048 25.8193, -80.12041 25.81737, -80.12053 25.81659, -80.12059 25.81622, -80.12064 25.81581, -80.12075 25.81482, -80.12083 25.81433, -80.12104 25.81319, -80.12109 25.81295, -80.12122 25.81218, -80.12134 25.81144, -80.1215 25.81031, -80.12161 25.80966, -80.122 25.80738, -80.12221 25.80654, -80.12228 25.80628, -80.12252 25.80534, -80.12274 25.80456, -80.12299 25.80379, -80.12334 25.80298, -80.12362 25.80233, -80.12444 25.80016, -80.12459 25.79974, -80.12469 25.79932, -80.12474 25.79905, -80.12483 25.79863, -80.12504 25.79785, -80.12507 25.79741, -80.12516 25.7965, -80.12535 25.79559, -80.12546 25.79494, -80.12571 25.79384, -80.12587 25.79344, -80.12624 25.79254, -80.12629 25.79233, -80.12634 25.79207, -80.12639 25.79187, -80.1265 25.79144, -80.12656 25.79124, -80.12686 25.78998, -80.12701 25.78915, -80.12705 25.78887, -80.12711 25.78851, -80.12716 25.7881, -80.1274 25.78673, -80.1274 25.78647, -80.1274 25.78604, -80.12756 25.78521, -80.12762 25.7848, -80.1277 25.78438, -80.12788 25.78365, -80.12792 25.78324, -80.12797 25.78228, -80.12819 25.78106, -80.12829 25.78021, -80.12842 25.77926, -80.12849 25.77885, -80.12859 25.77845, -80.12875 25.7778, -80.12899 25.77717, -80.12913 25.77676, -80.1292 25.7765, -80.12925 25.77631, -80.12946 25.77549, -80.12968 25.77468, -80.12975 25.77429, -80.12998 25.7735, -80.13006 25.77313, -80.13016 25.77273, -80.13024 25.77236, -80.13032 25.77192, -80.13035 25.77164, -80.13041 25.77119, -80.13053 25.77051, -80.13074 25.76945, -80.13078 25.76868, -80.13076 25.76823, -80.1309 25.76701, -80.13084 25.76551, -80.13064 25.76428), (-80.1185 25.95712, -80.11868 25.95626, -80.11873 25.95527, -80.11874 25.95452, -80.11875 25.9539, -80.11879 25.95144, -80.11889 25.94956, -80.11899 25.9441, -80.11912 25.94338, -80.11929 25.94148, -80.11936 25.94074, -80.1194 25.93997, -80.1196 25.93793, -80.12008 25.93524, -80.12023 25.93411, -80.12021 25.93288, -80.12022 25.93095, -80.12043 25.92971, -80.12048 25.92902, -80.12053 25.92797, -80.12068 25.92713, -80.1209 25.92343, -80.12091 25.92236, -80.12103 25.92059, -80.12105 25.92006, -80.12111 25.91938, -80.12121 25.91804, -80.12135 25.91685, -80.12139 25.91591, -80.12137 25.91517, -80.12132 25.91357, -80.1213 25.91242, -80.12125 25.91129, -80.1212 25.91031, -80.1212 25.90885, -80.12133 25.9068, -80.12165 25.9046, -80.12177 25.9034, -80.12184 25.90306, -80.12194 25.90252, -80.12205 25.90194, -80.12192 25.90117, -80.12155 25.90078))"
Mid (Okaloosa) County Beaches,164,136,158,Okaloosa,NW,0.604,0.80528957,5,16,5.3,LOW,0,999.999,0,not present,0,999.999,0,not present,0,0,NO,NO,"MULTILINESTRING ((-86.50708 30.3817, -86.50645 30.38178, -86.50583 30.38184, -86.5056 30.38179, -86.50509 30.38179, -86.50465 30.38189, -86.5041 30.38196, -86.5037 30.382, -86.50337 30.3821, -86.50303 30.38213, -86.50264 30.38216, -86.50229 30.38223, -86.50189 30.38221, -86.5015 30.38213, -86.5015 30.38213, -86.50058 30.38227, -86.50017 30.38231, -86.49851 30.38244, -86.49841 30.38248, -86.49813 30.38252, -86.49772 30.38253, -86.49739 30.38259, -86.49711 30.38261, -86.49682 30.38263, -86.49641 30.38264, -86.4961 30.38272, -86.49578 30.38276, -86.49537 30.38274, -86.49513 30.38278, -86.49491 30.38283, -86.49469 30.38281, -86.49445 30.38286, -86.49418 30.38293, -86.49395 30.38293, -86.49376 30.38294, -86.49348 30.38298, -86.49322 30.383, -86.49297 30.38298, -86.49268 30.383, -86.49238 30.38303, -86.49215 30.38302, -86.49207 30.38298, -86.49183 30.383, -86.49167 30.38301, -86.49001 30.38309, -86.4897 30.38314, -86.48934 30.38319, -86.4889 30.38321, -86.4885 30.38325, -86.48814 30.38328, -86.48785 30.38332, -86.48737 30.38334, -86.48704 30.38339, -86.48668 30.38339, -86.48623 30.38338, -86.48588 30.38336, -86.48554 30.38334, -86.48209 30.38343, -86.48128 30.38346, -86.48109 30.38336, -86.48084 30.38332, -86.48063 30.38334, -86.48014 30.38343, -86.4799 30.38344, -86.47945 30.38343, -86.47913 30.38346, -86.47887 30.38348, -86.47832 30.38351, -86.47821 30.38349, -86.47795 30.38349, -86.47763 30.38347, -86.47733 30.3835, -86.47711 30.38354, -86.47675 30.38357, -86.47649 30.38357, -86.47631 30.3836, -86.47609 30.38365, -86.47587 30.38369, -86.47547 30.3837, -86.47538 30.38373, -86.47507 30.38375, -86.47473 30.38376, -86.47436 30.38381, -86.47414 30.38381, -86.47388 30.38379, -86.47316 30.38378, -86.47224 30.38381, -86.47217 30.38378, -86.47172 30.38372, -86.47137 30.38373, -86.47098 30.3837, -86.47051 30.38364, -86.47019 30.38368, -86.46984 30.38374, -86.46976 30.38377, -86.46935 30.38374, -86.46909 30.38382, -86.46883 30.38382, -86.46831 30.38385, -86.46797 30.38385, -86.46758 30.38386, -86.46719 30.38384, -86.46676 30.38379, -86.46652 30.38376, -86.46623 30.38376, -86.46614 30.38372, -86.46575 30.38372, -86.46563 30.38367, -86.4653 30.3836, -86.46469 30.38357, -86.46427 30.38361, -86.46406 30.38365, -86.46351 30.38361, -86.4634 30.38365, -86.46297 30.3837, -86.46266 30.38375, -86.46193 30.38372, -86.46155 30.3837, -86.46088 30.38364, -86.46046 30.38359, -86.4601 30.3836, -86.46001 30.38358, -86.45881 30.38354, -86.45843 30.38349, -86.458 30.38345, -86.45785 30.38342, -86.45758 30.3834, -86.45723 30.38346, -86.45715 30.38349, -86.45609 30.38346, -86.4555 30.38345, -86.45541 30.38344, -86.45363 30.38336))"
Mid County Beaches,156,165,148,Pinellas,CW,4.164,0.46773162,5,331,15.9,LOW,0,999.999,0,not present,0,999.999,0,not present,0,0,NO,NO,"MULTILINESTRING ((-82.75671 27.73906, -82.75709 27.73973, -82.75812 27.74133, -82.75864 27.74243, -82.75912 27.74294, -82.75919 27.74303, -82.75953 27.74338, -82.76004 27.74397, -82.76016 27.74417, -82.7606 27.74511, -82.7608 27.74552, -82.76094 27.74571, -82.761 27.74578, -82.76127 27.74637, -82.76169 27.74732, -82.76213 27.74817, -82.76223 27.74835, -82.76285 27.74967, -82.76326 27.75065, -82.76386 27.75198, -82.76406 27.75236, -82.76436 27.75305, -82.76462 27.75378, -82.76497 27.75484, -82.76523 27.75551, -82.7654 27.75587, -82.76555 27.75618, -82.76618 27.75751, -82.76661 27.75839, -82.76706 27.75924, -82.76738 27.76011, -82.76773 27.76086, -82.76823 27.76182, -82.7686 27.76248, -82.76884 27.76279, -82.76946 27.76399, -82.7699 27.76475, -82.77052 27.7657, -82.77108 27.76648, -82.77166 27.76716, -82.77266 27.76817, -82.77347 27.76906, -82.7748 27.77035, -82.77547 27.77105, -82.77625 27.77175, -82.77684 27.77206, -82.77752 27.77232, -82.7779 27.77258, -82.77823 27.77294, -82.77852 27.77343, -82.77886 27.77391, -82.77925 27.77443, -82.77974 27.77499, -82.78015 27.77552, -82.7805 27.77597, -82.78061 27.7761, -82.78079 27.77638, -82.78104 27.77675, -82.7812 27.77692, -82.78139 27.77723, -82.78184 27.77786, -82.7822 27.77822, -82.78238 27.77847, -82.78259 27.77887, -82.78281 27.77939, -82.78307 27.77997, -82.78323 27.78013, -82.78346 27.78035), (-82.78436 27.78306, -82.78478 27.78375, -82.7856 27.7849, -82.78764 27.7876, -82.78934 27.7896, -82.791 27.79143, -82.79159 27.79204, -82.79247 27.79289, -82.79314 27.79337, -82.79387 27.79401, -82.79471 27.79461, -82.79631 27.79587, -82.80121 27.79967, -82.80214 27.80041, -82.80308 27.80108, -82.80391 27.80167, -82.80451 27.80215, -82.80562 27.80297, -82.80696 27.80403, -82.8074 27.80439, -82.80757 27.80461, -82.80833 27.80519, -82.80909 27.80576, -82.80974 27.8062, -82.80975 27.80616, -82.80988 27.8063, -82.81087 27.80694, -82.81211 27.80783, -82.8134 27.80872, -82.81426 27.80932, -82.81519 27.80998, -82.81569 27.81028, -82.8157 27.81027, -82.81574 27.81033, -82.81701 27.81116, -82.81793 27.81187, -82.8192 27.81277, -82.82043 27.81388, -82.82153 27.81488, -82.82253 27.8158, -82.82255 27.81574, -82.82289 27.81618, -82.82486 27.81817, -82.82642 27.81971, -82.82732 27.82058, -82.8274 27.82058, -82.82901 27.8222, -82.82971 27.82314, -82.83075 27.82502, -82.83251 27.8284, -82.83288 27.82909, -82.83318 27.82958, -82.83402 27.8306, -82.83413 27.83073, -82.8342 27.83087, -82.83461 27.83137, -82.83492 27.83168, -82.83524 27.83199, -82.83533 27.83215, -82.83563 27.83288, -82.83613 27.83391, -82.83682 27.83502, -82.83694 27.83511, -82.83711 27.83539, -82.8379 27.83641))"
Middle (Walton) County Beaches,197,190,176,Walton,NW,1.82,0.38795645,5,70,7.7,MED,0.026,2.23606798,1,LOW,0,999.999,0,not present,0,0,NO,NO,"MULTILINESTRING ((-86.14618 30.32122, -86.14592 30.32113, -86.14545 30.32095, -86.14513 30.32085, -86.14496 30.3208, -86.14458 30.32068, -86.1443 30.32064, -86.14406 30.32056, -86.14376 30.32047, -86.14344 30.32037, -86.14308 30.32027, -86.14278 30.32023, -86.14247 30.32012, -86.14222 30.32, -86.14197 30.31995, -86.14168 30.31988, -86.14142 30.31977, -86.14121 30.31966, -86.14085 30.31956, -86.14048 30.31951, -86.14013 30.31943, -86.13967 30.31919, -86.13923 30.31906, -86.13882 30.31892, -86.13838 30.31874, -86.13813 30.31868, -86.13769 30.31854, -86.13718 30.3184, -86.13674 30.31829, -86.13633 30.31817, -86.1359 30.31797, -86.13538 30.31781, -86.13479 30.31765, -86.1341 30.3174, -86.13354 30.31722, -86.13344 30.3172, -86.13313 30.31715, -86.13274 30.31706, -86.13249 30.317, -86.1321 30.31689, -86.13162 30.31674, -86.13101 30.31657, -86.13048 30.31643, -86.13025 30.31637, -86.1298 30.31617, -86.12943 30.31602, -86.12908 30.31591, -86.12875 30.31584, -86.12824 30.31572, -86.12786 30.31557, -86.12757 30.31546, -86.12729 30.31535, -86.12679 30.31517, -86.12641 30.31505, -86.12613 30.31496, -86.12538 30.31478, -86.12474 30.31455, -86.12428 30.31441, -86.12369 30.31423, -86.12323 30.31406, -86.12278 30.31395, -86.12247 30.31385, -86.12206 30.31373, -86.12174 30.31361, -86.12146 30.31353, -86.12077 30.31328, -86.12024 30.31304, -86.12009 30.313, -86.11963 30.31287, -86.11938 30.3128, -86.1191 30.31274, -86.11859 30.31266, -86.11841 30.31256, -86.11809 30.31243, -86.1177 30.3123, -86.11711 30.31217, -86.11679 30.3121, -86.1165 30.312, -86.11608 30.31185, -86.11552 30.31171, -86.11522 30.31163, -86.11505 30.31159, -86.11466 30.31148, -86.11432 30.31128, -86.11416 30.31126, -86.11394 30.31122, -86.11367 30.31113, -86.11339 30.31102, -86.11296 30.31087, -86.11247 30.31074, -86.11231 30.3107, -86.11201 30.31057, -86.11168 30.31051, -86.1114 30.31044, -86.11118 30.31037, -86.11076 30.31026, -86.11046 30.31013, -86.10982 30.30993, -86.10957 30.30983, -86.10929 30.30977, -86.10893 30.30968, -86.10864 30.3096, -86.1082 30.30951, -86.10802 30.30943, -86.1071 30.30915, -86.10649 30.30893, -86.10622 30.30885, -86.10566 30.30874, -86.10519 30.30859, -86.1046 30.30838, -86.10412 30.30817, -86.10369 30.308, -86.10354 30.30792, -86.1028 30.3077, -86.10225 30.30759, -86.10198 30.30754, -86.10171 30.30746, -86.10144 30.30739, -86.10119 30.30734, -86.10088 30.30723, -86.10037 30.307, -86.10002 30.3069, -86.09973 30.30682, -86.09941 30.30672, -86.09882 30.30655, -86.09846 30.30646, -86.09818 30.30638, -86.09777 30.30626, -86.09749 30.30615, -86.09735 30.30612, -86.09696 30.30596, -86.09664 30.30579, -86.09611 30.30559, -86.09573 30.30546, -86.09512 30.30529, -86.09478 30.30518, -86.09427 30.30504, -86.09397 30.30494, -86.09343 30.30477, -86.09314 30.30469, -86.093 30.30463, -86.0927 30.30452, -86.09265 30.30447, -86.092 30.30427, -86.09144 30.30402, -86.0909 30.30389, -86.09016 30.30364, -86.08941 30.30341, -86.08849 30.30313, -86.08772 30.3029, -86.08755 30.30287, -86.08713 30.30277, -86.08671 30.30265, -86.08609 30.30241, -86.08548 30.3022, -86.08499 30.30205, -86.08485 30.30201))"
Miramar Beach,147,94,103,Walton,NW,0.734,0.47796675,5,29,7.9,LOW,0.026,2.23606798,1,LOW,0,999.999,0,not present,0,2,NO,YES,"MULTILINESTRING ((-86.39736 30.37884, -86.39644 30.37875, -86.39642 30.37875, -86.39501 30.37863, -86.39481 30.37855, -86.39436 30.37848, -86.394 30.37839, -86.39367 30.37832, -86.39342 30.37832, -86.39309 30.37829, -86.39273 30.3783, -86.39244 30.37828, -86.3922 30.37825, -86.39202 30.37825, -86.39171 30.37826, -86.3915 30.37821, -86.39127 30.37822, -86.39105 30.37819, -86.39061 30.37811, -86.39055 30.37812, -86.3903 30.37808, -86.39006 30.37807, -86.3898 30.37805, -86.38958 30.378, -86.38936 30.37794, -86.38912 30.37792, -86.38889 30.37789, -86.38867 30.37787, -86.38829 30.37783, -86.38804 30.37781, -86.38777 30.37779, -86.38758 30.37775, -86.38733 30.37771, -86.38733 30.37769, -86.38729 30.37769, -86.38729 30.37771, -86.38723 30.37772, -86.38694 30.37767, -86.38677 30.37766, -86.3865 30.37764, -86.38618 30.3776, -86.38599 30.37756, -86.38585 30.3775, -86.38516 30.37743, -86.38506 30.37739, -86.38475 30.37733, -86.38448 30.37727, -86.38416 30.37723, -86.38384 30.37721, -86.38357 30.3772, -86.38354 30.37721, -86.38333 30.37715, -86.38323 30.37717, -86.38266 30.37718, -86.38225 30.37715, -86.38168 30.37709, -86.38118 30.377, -86.38103 30.377, -86.38053 30.37694, -86.38027 30.37691, -86.3801 30.37685, -86.3798 30.37679, -86.37947 30.37676, -86.37927 30.37668, -86.37918 30.37667, -86.37776 30.37652, -86.37628 30.37623, -86.37564 30.3761, -86.37475 30.376, -86.37461 30.37593, -86.37443 30.37593, -86.37414 30.37591, -86.37372 30.37585, -86.37337 30.37584, -86.37312 30.37579, -86.37262 30.37575, -86.37218 30.37565, -86.37175 30.37563, -86.37141 30.37558, -86.37072 30.37548, -86.37013 30.3754, -86.37004 30.37533, -86.36979 30.37528, -86.36951 30.37526, -86.36924 30.37522, -86.36896 30.37515, -86.36845 30.3751, -86.36776 30.37498, -86.36723 30.37491, -86.36673 30.37483, -86.36617 30.37481, -86.36577 30.37472, -86.36543 30.37475, -86.36273 30.37434, -86.36082 30.3741, -86.35928 30.37386, -86.357 30.37357, -86.35516 30.37317, -86.35276 30.37287, -86.35259 30.37277, -86.3522 30.37271, -86.3518 30.37267, -86.35151 30.37265, -86.35129 30.3726, -86.35126 30.3726, -86.35111 30.37254, -86.35083 30.37253, -86.35067 30.37249, -86.35031 30.37248, -86.34998 30.37238, -86.3496 30.37234, -86.34922 30.37229, -86.3489 30.37224, -86.34862 30.37221, -86.34836 30.37216, -86.3482 30.37206, -86.34814 30.37205, -86.3479 30.37202, -86.34762 30.37193, -86.34756 30.37191, -86.34754 30.37191, -86.34729 30.37192, -86.34699 30.37185, -86.34657 30.37185, -86.34641 30.37177, -86.34602 30.37166, -86.34573 30.3716, -86.34544 30.37162, -86.3452 30.37156, -86.34491 30.37149, -86.34469 30.37145, -86.34457 30.37148, -86.34365 30.37128, -86.34214 30.37112, -86.34069 30.37091, -86.33922 30.37055, -86.33852 30.37052, -86.33753 30.3703, -86.33613 30.37012, -86.33608 30.37012, -86.3359 30.37005, -86.33556 30.36993, -86.335 30.36985, -86.33476 30.36984, -86.3344 30.36973, -86.33373 30.36966, -86.33311 30.36957, -86.33298 30.36956, -86.3325 30.36944, -86.33228 30.36939, -86.33158 30.36931, -86.33078 30.36914, -86.33056 30.3691, -86.32987 30.36902, -86.32895 30.36883, -86.32775 30.36867, -86.32701 30.36855, -86.32559 30.36825, -86.32332 30.36785, -86.32306 30.36782, -86.32282 30.36775, -86.32235 30.36766, -86.32195 30.36757, -86.32148 30.36749, -86.32108 30.36743, -86.32079 30.36743, -86.32056 30.36739, -86.31964 30.36722, -86.31857 30.36696, -86.31755 30.36683, -86.31719 30.36674))"
Naples Beach,78,75,61,Collier,SW,12.042,0.41426166,5,542,9,MED,0,999.999,0,not present,0,999.999,0,not present,0,0,NO,NO,"MULTILINESTRING ((-81.81425 26.17367, -81.81415 26.17368, -81.81396 26.17357, -81.81384 26.17328, -81.81371 26.17294, -81.81358 26.17267, -81.81351 26.17241, -81.81338 26.17208, -81.81332 26.17183, -81.81326 26.17144, -81.81312 26.17116, -81.81294 26.17085, -81.81287 26.17059, -81.81263 26.16989, -81.81249 26.16955, -81.81238 26.16923, -81.81233 26.16903, -81.81228 26.16893, -81.81213 26.16837, -81.81208 26.16784, -81.81195 26.16745, -81.81175 26.16681, -81.81154 26.16607, -81.81144 26.16562, -81.8114 26.16527, -81.81131 26.1648, -81.81122 26.16447, -81.8111 26.16401, -81.81101 26.16363, -81.81091 26.16308, -81.8108 26.16268, -81.81068 26.16199, -81.81055 26.16121, -81.81039 26.16051, -81.81027 26.15986, -81.81016 26.15944, -81.81008 26.15898, -81.81006 26.15858, -81.81001 26.15826, -81.80966 26.15798, -81.80965 26.1576, -81.80971 26.15719, -81.8097 26.15669, -81.80963 26.15625, -81.80962 26.15595, -81.80959 26.1557, -81.80954 26.15544, -81.80945 26.15509, -81.80936 26.15479, -81.8092 26.15416, -81.80912 26.15362, -81.80905 26.1532, -81.80893 26.15269, -81.80887 26.15216, -81.80887 26.15163, -81.80875 26.15117, -81.80865 26.15063, -81.80856 26.15013, -81.80849 26.14951, -81.80837 26.1489, -81.80835 26.14848, -81.80831 26.14783, -81.8082 26.14739, -81.80817 26.14695, -81.80818 26.1465, -81.80808 26.14588, -81.80805 26.14573, -81.808 26.1455, -81.80798 26.1452, -81.80798 26.1452, -81.80795 26.14508, -81.80797 26.14498, -81.8079 26.14441, -81.80791 26.14371, -81.80782 26.14294, -81.80769 26.14221, -81.80765 26.14144, -81.80753 26.14086, -81.80739 26.14006, -81.80726 26.13936, -81.80716 26.13877, -81.80716 26.13877, -81.80714 26.13871, -81.80703 26.13818, -81.80694 26.13754, -81.80688 26.13711, -81.80686 26.13676, -81.80676 26.13626, -81.8067 26.13593, -81.80662 26.1353, -81.80656 26.13461, -81.80649 26.13412, -81.8064 26.13369, -81.80643 26.13304, -81.80633 26.13252, -81.80634 26.13215, -81.80628 26.13164, -81.80621 26.13126, -81.80609 26.13069, -81.80603 26.13022, -81.80588 26.12969, -81.8058 26.12921, -81.80568 26.12866, -81.80556 26.1281, -81.80548 26.12782, -81.80548 26.12749, -81.80544 26.12703, -81.80538 26.12668, -81.80528 26.12615, -81.80516 26.12549, -81.80512 26.12508, -81.80509 26.12447, -81.80505 26.1239, -81.80493 26.12318, -81.80492 26.12261, -81.80491 26.12228, -81.80484 26.12172, -81.80481 26.12117, -81.80477 26.12061, -81.80471 26.12009, -81.80473 26.11976, -81.80467 26.11941, -81.80463 26.11916, -81.80465 26.11863, -81.80462 26.11834, -81.80451 26.1179, -81.80445 26.11758, -81.80448 26.11723, -81.80442 26.11685, -81.80431 26.1164, -81.80427 26.1159, -81.80422 26.11555, -81.80422 26.11555, -81.8041 26.11483, -81.80392 26.1139, -81.80376 26.11316, -81.80368 26.11253, -81.80364 26.11162, -81.80348 26.11096, -81.80337 26.11032, -81.80329 26.10963, -81.80325 26.10927, -81.80316 26.10872, -81.80315 26.10831, -81.80305 26.10763, -81.80289 26.10664, -81.80281 26.10582, -81.80274 26.10518, -81.80262 26.1048, -81.80263 26.10439, -81.80253 26.10389, -81.80249 26.10347, -81.80247 26.10315, -81.80239 26.10276, -81.8024 26.10247, -81.80238 26.10205, -81.8024 26.10179, -81.80241 26.10129, -81.80235 26.10026, -81.80224 26.09931, -81.80218 26.09869, -81.80214 26.09839, -81.80207 26.09762, -81.80211 26.09698, -81.80198 26.09622, -81.80192 26.0958, -81.80186 26.09542, -81.80162 26.09503, -81.80112 26.09438, -81.80103 26.09401, -81.80089 26.09353))"
Nature Preserve Beach (Key West),63,16,31,Monroe,SE,0.625,2,4,1,0.25,LOW,0,999.999,0,not present,0,999.999,0,not present,0,0,NO,NO,"MULTILINESTRING ((-81.77969 24.54971, -81.77907 24.54989, -81.77855 24.55004, -81.77793 24.5502, -81.7775 24.55022, -81.77714 24.5503, -81.77658 24.55039))"
Navarre Beach,185,156,99,Santa Rosa,NW,1.346,0.36322953,5,43,6.4,MED,0.032,2.23606798,1,LOW,0,999.999,0,not present,0,2,NO,YES,"MULTILINESTRING ((-86.91875 30.37102, -86.91813 30.37113, -86.91766 30.3712, -86.91698 30.37128, -86.91615 30.37147, -86.91563 30.37151, -86.91493 30.37164, -86.91421 30.37173, -86.91324 30.37185, -86.91273 30.37196, -86.91209 30.37209, -86.91175 30.37217, -86.91124 30.37224, -86.91094 30.37232, -86.91085 30.37232, -86.91045 30.37243, -86.91016 30.37249, -86.9097 30.37251, -86.90921 30.37254, -86.90896 30.37264, -86.90859 30.37272, -86.90812 30.37274, -86.90782 30.37283, -86.90749 30.37289, -86.90708 30.37297, -86.90675 30.37297, -86.90635 30.37304, -86.90569 30.37312, -86.90522 30.37323, -86.90476 30.37329, -86.90422 30.37338, -86.90388 30.3734, -86.90354 30.37359, -86.90318 30.37363, -86.90284 30.37365, -86.90245 30.37365, -86.90227 30.37369, -86.90208 30.37364, -86.90178 30.37367, -86.90154 30.37377, -86.90123 30.37383, -86.90088 30.37386, -86.90044 30.37389, -86.9002 30.37395, -86.89986 30.37403, -86.8996 30.37409, -86.89924 30.37417, -86.89888 30.3742, -86.89851 30.37423, -86.89821 30.37426, -86.89788 30.37434, -86.8975 30.37443, -86.89715 30.37445, -86.89666 30.3745, -86.89652 30.37455, -86.89626 30.37462, -86.89582 30.37464, -86.89552 30.37468, -86.89515 30.37472, -86.89489 30.37484, -86.89459 30.37492, -86.89426 30.37498, -86.89387 30.375, -86.89339 30.37506, -86.89306 30.37504, -86.89288 30.37513, -86.8926 30.37519, -86.89238 30.37526, -86.8922 30.37529, -86.89195 30.37533, -86.8918 30.37534, -86.8917 30.37531, -86.89141 30.3754, -86.89109 30.3755, -86.89066 30.37551, -86.8901 30.37561, -86.88955 30.37567, -86.88918 30.37571, -86.889 30.37575, -86.88887 30.37574, -86.8886 30.37582, -86.88824 30.37588, -86.88802 30.37592, -86.88784 30.376, -86.88769 30.37598, -86.88741 30.37597, -86.88713 30.37605, -86.88686 30.37608, -86.88651 30.37617, -86.88612 30.37626, -86.88577 30.3763, -86.88542 30.37636, -86.88512 30.37641, -86.88477 30.37642, -86.88446 30.37646, -86.88415 30.37655, -86.88382 30.37659, -86.88348 30.37662, -86.88323 30.37668, -86.88303 30.37672, -86.8828 30.3768, -86.88269 30.3768, -86.88244 30.37684, -86.88215 30.37695, -86.88177 30.37697, -86.88138 30.37698, -86.88108 30.37697, -86.88083 30.37704, -86.88049 30.37711, -86.88016 30.37716, -86.87976 30.3772, -86.87929 30.37723, -86.87873 30.3773, -86.87836 30.37737, -86.87792 30.37746, -86.87761 30.37754, -86.87724 30.3776, -86.87699 30.3776, -86.87666 30.37764, -86.87641 30.37771, -86.87607 30.37776, -86.8757 30.37783, -86.87544 30.37785, -86.875 30.37789, -86.87491 30.3779, -86.87468 30.37791, -86.87412 30.37799, -86.87358 30.3781, -86.8732 30.37812, -86.8728 30.37814, -86.87224 30.37821, -86.87181 30.37829, -86.87134 30.37834, -86.8709 30.37838, -86.87045 30.3784, -86.87002 30.37845, -86.86964 30.37851, -86.86943 30.37853, -86.8691 30.3786, -86.86886 30.37865, -86.86856 30.37869, -86.86835 30.37871, -86.86818 30.37871, -86.8681 30.37867, -86.86794 30.37871, -86.86758 30.3788, -86.86733 30.37883, -86.86703 30.3789, -86.86675 30.37894, -86.8664 30.37902, -86.86597 30.37901, -86.86594 30.37901, -86.86563 30.37904, -86.86535 30.37912, -86.86527 30.37913, -86.86504 30.37914, -86.86453 30.37914, -86.86418 30.37925, -86.86366 30.37937, -86.86366 30.37937, -86.86307 30.37942, -86.86278 30.37939, -86.86236 30.3795, -86.86183 30.37953, -86.86155 30.37953, -86.86136 30.37959, -86.86091 30.37967, -86.86052 30.37971, -86.85993 30.37977, -86.85962 30.37989, -86.85929 30.37999, -86.85882 30.37998, -86.85873 30.38001, -86.85838 30.38004, -86.85808 30.38007, -86.85803 30.38008, -86.85785 30.38008, -86.85732 30.3801, -86.85706 30.38015, -86.85687 30.38018, -86.85677 30.38017, -86.85622 30.38028, -86.85602 30.3803, -86.85562 30.38037, -86.85551 30.38042, -86.85526 30.38046, -86.85503 30.38048, -86.85493 30.38055, -86.8548 30.38058, -86.85465 30.38061, -86.85431 30.38068, -86.8541 30.38069, -86.85384 30.38075, -86.85365 30.38077, -86.85333 30.38082, -86.85308 30.38085, -86.85282 30.3809, -86.85249 30.38091, -86.85208 30.38095, -86.85182 30.381, -86.85157 30.38104, -86.85128 30.38109, -86.85102 30.38114, -86.85078 30.38118, -86.85056 30.38121, -86.85042 30.38123, -86.85009 30.38122, -86.84975 30.38124, -86.84942 30.3813))"
New Smyrna Beach,192,203,201,Volusia,CE,15.816,0.32453393,5,1384,17.5,LOW,0.548,0.93604423,48,MED,0.17,0.35294118,15,LOW,0,0,NO,NO,"MULTILINESTRING ((-80.91776 29.07448, -80.91757 29.07444, -80.91727 29.07439, -80.917 29.07437, -80.91679 29.07435, -80.91636 29.07428, -80.91613 29.0743, -80.91574 29.07427, -80.91492 29.07419, -80.91437 29.0741, -80.91391 29.074, -80.91326 29.07382, -80.91283 29.07367, -80.9126 29.07355, -80.91248 29.07346, -80.91238 29.07327, -80.91222 29.07306, -80.91212 29.0729, -80.91186 29.07262, -80.91163 29.07236, -80.91132 29.07211, -80.91112 29.07194, -80.91099 29.07178, -80.91086 29.0716, -80.91074 29.07145, -80.91072 29.07137, -80.91052 29.07111, -80.91015 29.07053, -80.9098 29.06995, -80.90942 29.06896, -80.90878 29.0675, -80.9084 29.06665, -80.90818 29.06613, -80.90796 29.06575, -80.90783 29.06546, -80.90779 29.06527, -80.90746 29.0646, -80.90689 29.0632, -80.90641 29.06195, -80.90612 29.06128, -80.906 29.06103, -80.90564 29.06027, -80.90514 29.05914, -80.90462 29.05791, -80.90407 29.05664, -80.90367 29.05584, -80.90328 29.05491, -80.90264 29.05341, -80.90178 29.05156, -80.90086 29.04978, -80.90049 29.04892, -80.89987 29.04751, -80.89894 29.04573, -80.89796 29.04376, -80.89731 29.04262, -80.89701 29.04195, -80.89623 29.04066, -80.89492 29.03842, -80.89434 29.03729, -80.89389 29.03639, -80.89365 29.03593, -80.89329 29.03532, -80.89298 29.03476, -80.8925 29.03402, -80.89197 29.03299, -80.89133 29.03191, -80.89076 29.03098, -80.89026 29.03009, -80.8901 29.02979, -80.88997 29.02957, -80.8891 29.02806, -80.88788 29.02603, -80.88708 29.02473, -80.88648 29.02373, -80.886 29.02288, -80.88579 29.02248, -80.88529 29.02183, -80.88514 29.02154, -80.885 29.02135, -80.88486 29.0212, -80.88477 29.02104, -80.88446 29.02061, -80.88404 29.01998, -80.88355 29.01923, -80.88322 29.01865, -80.88289 29.018, -80.88264 29.01758, -80.88223 29.01688, -80.88143 29.01552, -80.88083 29.01466, -80.88003 29.01335, -80.87924 29.01219, -80.87857 29.01113, -80.87823 29.01047, -80.8781 29.01025, -80.87693 29.00844, -80.87573 29.00653, -80.87483 29.00518, -80.87421 29.00426, -80.87413 29.00417, -80.87381 29.00376, -80.87368 29.00359, -80.87355 29.00343, -80.87297 29.00245, -80.87275 29.00208, -80.87182 29.00069, -80.87091 28.99933, -80.87012 28.99797, -80.86954 28.9971, -80.86884 28.99594, -80.86862 28.99565, -80.86837 28.99517, -80.86761 28.99396, -80.86694 28.99306, -80.86616 28.99193, -80.86564 28.991, -80.86508 28.99007, -80.86426 28.98885, -80.86359 28.98784, -80.86342 28.98745, -80.86265 28.98629, -80.86222 28.9856, -80.86182 28.98514, -80.86138 28.98439, -80.86076 28.98344, -80.86028 28.98278, -80.85997 28.98232, -80.8593 28.98127, -80.85869 28.98042, -80.85823 28.9797, -80.85772 28.97888, -80.85763 28.97874, -80.85718 28.97812, -80.85706 28.97782, -80.85706 28.97782, -80.85672 28.97729, -80.85634 28.97674, -80.85605 28.97632, -80.85584 28.97601, -80.85567 28.97578, -80.85545 28.97542, -80.85536 28.97526, -80.85484 28.97458, -80.85372 28.97286, -80.85279 28.97152, -80.85189 28.97017, -80.85101 28.96873, -80.84926 28.96614, -80.84854 28.96514, -80.84746 28.96355, -80.84555 28.96081, -80.84491 28.95986, -80.84279 28.95661, -80.84133 28.95439, -80.84125 28.9543, -80.8408 28.95371, -80.84 28.95258, -80.83927 28.95147, -80.83856 28.95062, -80.83823 28.95011, -80.83778 28.94934, -80.83748 28.94889, -80.83736 28.94871, -80.83641 28.9476, -80.83612 28.94707, -80.83308 28.9428, -80.83058 28.93924, -80.83015 28.93863))"
North Captiva,75,66,22,Lee,CW,8,0.27089839,5,92,2.3,MED,0.086,2.23606798,1,LOW,0,999.999,0,not present,0,0,NO,NO,"MULTILINESTRING ((-82.21979 26.6072, -82.22118 26.60664, -82.22271 26.60518, -82.22383 26.60355, -82.22435 26.60204, -82.2245 26.60004, -82.22442 26.5977, -82.22427 26.59503, -82.22412 26.59325))"
North Captiva Island (South),26,22,6,Lee,CW,10,1.17703724,4,32,0.8,MED,0,999.999,0,not present,0,999.999,0,not present,0,0,NO,NO,"MULTILINESTRING ((-82.20206 26.56011, -82.20141 26.5583, -82.20091 26.55649, -82.20057 26.55591, -82.20022 26.55568))"
North Captiva Island State Park,84,50,7,Lee,CW,8.364,0.45702636,5,229,5.44,MED,0.108,1.49071198,3,LOW,0,999.999,0,not present,0,0,NO,NO,"MULTILINESTRING ((-82.22412 26.59325, -82.22389 26.59219, -82.2234 26.59127, -82.22285 26.59028, -82.22244 26.5895, -82.22181 26.5882, -82.22123 26.58711, -82.22067 26.58613, -82.22009 26.5853, -82.21972 26.58489, -82.21945 26.58445, -82.21904 26.58397, -82.21874 26.58355, -82.21828 26.58315, -82.21767 26.58275, -82.21716 26.58206, -82.21637 26.58115, -82.2158 26.58056, -82.21486 26.57997, -82.21415 26.57958, -82.21357 26.57938, -82.21334 26.57933, -82.21274 26.57884, -82.2124 26.57838, -82.21166 26.57776, -82.21082 26.57671, -82.2096 26.57485, -82.20852 26.57344, -82.20688 26.57152, -82.20545 26.56985, -82.20395 26.56711, -82.20328 26.56521, -82.20206 26.56011))"
North County Beaches,183,195,175,Pinellas,CW,4.37,0.3058282,5,461,21.1,LOW,0.01,2.23606798,1,LOW,0,999.999,0,not present,0,2,NO,YES,"MULTILINESTRING ((-82.8379 27.83641, -82.83809 27.83666, -82.83902 27.83806, -82.84187 27.84299, -82.8443 27.84784, -82.84656 27.85287, -82.8491 27.86107, -82.84991 27.86516, -82.85084 27.87094, -82.85086 27.87115, -82.85085 27.87118, -82.85091 27.87188, -82.85103 27.87314, -82.85118 27.87433, -82.85129 27.87558, -82.85137 27.87657, -82.85146 27.87762, -82.85152 27.87763, -82.8515 27.87767, -82.85169 27.87976, -82.85178 27.88149, -82.8518 27.88224, -82.85183 27.88228, -82.85178 27.8823, -82.85185 27.88341, -82.85183 27.88441, -82.85172 27.88587, -82.85177 27.88598, -82.85172 27.88603, -82.85169 27.88635, -82.85164 27.88697, -82.85153 27.88768, -82.85147 27.88817, -82.85128 27.88948, -82.85115 27.89034, -82.85105 27.89079, -82.85101 27.89112, -82.85103 27.89112, -82.85098 27.89125, -82.8506 27.89361, -82.85031 27.89537, -82.8501 27.89664, -82.85015 27.89663, -82.85008 27.89675, -82.84984 27.89835, -82.84956 27.90003, -82.84932 27.90133, -82.84916 27.90233, -82.84924 27.90233, -82.84919 27.90239, -82.84899 27.90353, -82.84872 27.905, -82.84849 27.90598, -82.84827 27.90691, -82.84827 27.90718, -82.84759 27.91006, -82.8474 27.91071, -82.84728 27.91097, -82.84693 27.91242, -82.84656 27.91378, -82.84624 27.91478, -82.84607 27.91554, -82.84589 27.91619, -82.84594 27.91623, -82.84546 27.91802, -82.84438 27.92287, -82.84436 27.92327, -82.84412 27.92481, -82.84392 27.9258, -82.84371 27.92668, -82.84352 27.92746, -82.8434 27.92794, -82.84338 27.92794, -82.84337 27.92804, -82.84302 27.92947, -82.84263 27.9309, -82.84241 27.93173, -82.84228 27.93206, -82.84224 27.93207, -82.84223 27.93215, -82.84175 27.93376, -82.84119 27.93536, -82.84091 27.93619, -82.84066 27.9368, -82.84061 27.93682, -82.84062 27.93693, -82.8403 27.93785, -82.83982 27.93899, -82.83917 27.94043, -82.83873 27.94134, -82.8384 27.942, -82.83827 27.94224, -82.83819 27.94245, -82.83796 27.94299, -82.83744 27.94389, -82.83664 27.94538, -82.83609 27.94642, -82.8355 27.94752, -82.83545 27.94751, -82.83546 27.94759, -82.8349 27.94882, -82.83427 27.95049, -82.83382 27.95164, -82.83366 27.95218, -82.83358 27.95219, -82.83359 27.95226, -82.83332 27.95306, -82.83287 27.95466, -82.83244 27.95614, -82.83233 27.95656, -82.83225 27.95655, -82.83227 27.95664, -82.83217 27.95738, -82.83187 27.95888, -82.83163 27.9601, -82.83165 27.96045, -82.83156 27.96122, -82.83147 27.96208, -82.83138 27.96292, -82.83138 27.9634, -82.83137 27.96394, -82.83147 27.96417, -82.83153 27.96433), (-82.83129 27.97047, -82.83092 27.97075, -82.83073 27.97106, -82.8305 27.97181, -82.83038 27.97266, -82.83032 27.97315, -82.83023 27.97346, -82.83011 27.97386, -82.83009 27.97437, -82.83 27.97515, -82.82985 27.97592, -82.82975 27.97651, -82.82973 27.97693, -82.82971 27.97714, -82.82965 27.97757, -82.82947 27.97853, -82.82934 27.97931, -82.82925 27.98059, -82.82916 27.98205, -82.82907 27.98381, -82.82907 27.98387, -82.82853 27.99007, -82.82853 27.99011, -82.82852 27.99732, -82.82836 28, -82.8283 28.00491, -82.82832 28.00536, -82.82829 28.00588, -82.8283 28.00653, -82.82827 28.00712, -82.8283 28.00747, -82.82828 28.00784, -82.82821 28.00827, -82.8282 28.00859, -82.82822 28.0088, -82.8282 28.00893, -82.82818 28.00921, -82.82813 28.00965, -82.82815 28.01044, -82.8281 28.01099, -82.82804 28.01169, -82.82801 28.01209, -82.82801 28.01241, -82.82795 28.01279, -82.82791 28.01311, -82.82787 28.01332, -82.82787 28.01354, -82.82781 28.01401, -82.82777 28.01446, -82.82766 28.01503, -82.82759 28.01568, -82.8275 28.01631, -82.82739 28.01667, -82.82732 28.01735, -82.82725 28.0178, -82.82716 28.01833, -82.82712 28.01904, -82.82713 28.01944))"
North Flagler County Beaches,174,167,160,Flagler,NO,17.624,0.15614736,5,564,6.4,HIGH,2.688,0.56523995,86,MED,0.282,1.06098912,9,MED,0,0,NO,NO,"MULTILINESTRING ((-81.19758 29.63368, -81.19694 29.63207, -81.19593 29.62968, -81.19544 29.62852, -81.19476 29.627, -81.19366 29.62462, -81.19279 29.62275, -81.19204 29.62111, -81.19179 29.62061, -81.19082 29.61859, -81.18982 29.6165, -81.18874 29.61384, -81.18803 29.61222, -81.18745 29.61074, -81.18599 29.60691, -81.18527 29.60508, -81.18441 29.60302, -81.18345 29.6007, -81.18308 29.59988, -81.18222 29.59784, -81.18141 29.59589, -81.18055 29.59384, -81.18003 29.59267, -81.17915 29.59074, -81.17815 29.58824, -81.17762 29.58701, -81.17726 29.58633, -81.17651 29.58464, -81.17646 29.58453))"
North Peninsula State Park,142,144,163,Volusia,NO,24,0.21562752,5,480,4,HIGH,2.1,1.04328106,42,MED,0.2,1.04582503,4,MED,0,0,NO,NO,"MULTILINESTRING ((-81.10213 29.42717, -81.10213 29.42717, -81.10159 29.42595, -81.10132 29.42533, -81.10119 29.42508, -81.10097 29.42474, -81.10087 29.42443, -81.10078 29.42411, -81.10052 29.42367, -81.10041 29.42352, -81.10029 29.42321, -81.10023 29.42307, -81.1002 29.42295, -81.10018 29.42295, -81.09993 29.42236, -81.0995 29.42128, -81.09904 29.42042, -81.09861 29.41958, -81.09816 29.41857, -81.0979 29.41795, -81.09743 29.41705, -81.09719 29.4165, -81.09703 29.41618, -81.09685 29.41582, -81.09675 29.41567, -81.09674 29.41562, -81.09672 29.41562, -81.09653 29.4152, -81.09641 29.41496, -81.09635 29.41461, -81.09617 29.41428, -81.09573 29.4134, -81.09538 29.41251, -81.09522 29.41212, -81.09509 29.41189, -81.09489 29.4115, -81.09475 29.41117, -81.09458 29.41078, -81.09451 29.41056, -81.09438 29.41028, -81.09423 29.41006, -81.0941 29.40984, -81.09408 29.40978, -81.09405 29.40977, -81.09377 29.40915, -81.09368 29.40893, -81.09359 29.40872, -81.09353 29.40849, -81.09342 29.40825, -81.09331 29.40796, -81.09313 29.40755, -81.09301 29.40731, -81.09291 29.40701, -81.09282 29.40677, -81.09268 29.40655, -81.09257 29.4063, -81.09251 29.4061, -81.09235 29.40587, -81.09219 29.40548, -81.09205 29.40534, -81.09199 29.40516, -81.09187 29.40491, -81.09178 29.40467, -81.09164 29.40442, -81.09144 29.40389, -81.09116 29.40339, -81.09111 29.40323, -81.09101 29.403, -81.09102 29.40295, -81.09043 29.40167, -81.08995 29.40074, -81.08971 29.40004, -81.0894 29.39938, -81.089 29.39843, -81.08822 29.39678, -81.08787 29.39592, -81.08774 29.39567, -81.08773 29.39558, -81.08771 29.39558, -81.08667 29.39325, -81.08558 29.39107, -81.08384 29.38724))"
North Saint Lucie County Beaches,201,198,198,St. Lucie,CE,73.426,0.12572281,5,2423,6.6,LOW,2.94,0.34290539,97,MED,0.636,0.83211612,21,MED,0,0,NO,NO,"MULTILINESTRING ((-80.31392 27.53259, -80.3137 27.53207, -80.31354 27.53159, -80.31332 27.53094, -80.3131 27.5303, -80.31294 27.52963, -80.31273 27.52901, -80.31257 27.52839, -80.31233 27.52758, -80.31205 27.52701, -80.31189 27.52653, -80.31171 27.52593, -80.31152 27.52524, -80.31127 27.52455, -80.31092 27.5235, -80.31076 27.5231, -80.31048 27.52243, -80.31005 27.52147, -80.30928 27.51975, -80.30846 27.51802, -80.308 27.51693, -80.30757 27.51618, -80.30714 27.5152, -80.30659 27.51419, -80.306 27.51283, -80.30529 27.51129, -80.30504 27.51072, -80.30456 27.50981, -80.30396 27.50843, -80.30318 27.50683, -80.3026 27.50551, -80.30216 27.50447, -80.30181 27.50369, -80.30149 27.50295, -80.30068 27.50071, -80.29945 27.49744, -80.29924 27.49694, -80.29906 27.49645, -80.29895 27.49611, -80.29882 27.49566, -80.29872 27.49518, -80.29852 27.49458, -80.29835 27.49392, -80.29801 27.4928, -80.29775 27.49191, -80.29741 27.4913, -80.29724 27.49065, -80.29707 27.49009, -80.2969 27.48936, -80.29662 27.48841, -80.29612 27.48669, -80.29595 27.48606, -80.29569 27.48541, -80.29558 27.48499, -80.29546 27.4847, -80.29533 27.48439, -80.29523 27.48412, -80.29512 27.48387, -80.29503 27.48368, -80.29493 27.48347, -80.29479 27.48316, -80.29472 27.48293, -80.29457 27.48261, -80.2944 27.48234, -80.29427 27.482, -80.29412 27.4817, -80.29397 27.48142, -80.29384 27.48102, -80.29376 27.48079, -80.29368 27.48047, -80.29353 27.48021, -80.29342 27.48001, -80.29328 27.47975, -80.29316 27.47924))"
Ocean Inlet Park,11.5,12,29,Palm Beach,SE,17,1.03151047,5,17,0.2,MED,2,1.36930639,2,MED,0,999.999,0,not present,0,0,NO,NO,"MULTILINESTRING ((-80.04276 26.54518, -80.04289 26.54508, -80.04298 26.54491, -80.04309 26.54471, -80.0432 26.54447, -80.04331 26.5442, -80.04337 26.54386, -80.04341 26.54353, -80.04342 26.54326, -80.04347 26.54295, -80.04348 26.54293))"
Ocean Reef Park,11.5,20,27,Palm Beach,SE,196,0.32539263,5,196,0.2,MED,34,1.44611997,34,HIGH,12,0.372678,12,HIGH,0,0,NO,NO,"MULTILINESTRING ((-80.03197 26.79475, -80.03198 26.79454, -80.03199 26.7943, -80.03199 26.79414, -80.032 26.79389, -80.03198 26.79369, -80.03198 26.79342, -80.03199 26.79314, -80.03204 26.7929, -80.03208 26.79273))"
Ocean Ridge (Boynton),81,131,182,Palm Beach,SE,88.776,0.1675506,5,2393,5.4,MED,7.642,0.99267573,209,MED,2.088,0.53067425,56,MED,0,0,NO,NO,"MULTILINESTRING ((-80.05139 26.50421, -80.05159 26.50301, -80.05178 26.50185, -80.05182 26.50154, -80.05185 26.50148, -80.05183 26.50148, -80.05188 26.50095, -80.052 26.50006, -80.05202 26.49949, -80.05198 26.49913, -80.05197 26.49903), (-80.04348 26.54293, -80.04355 26.54266, -80.04363 26.54238, -80.04368 26.54222, -80.04372 26.54205, -80.0437 26.54188, -80.04376 26.54157, -80.04385 26.54122, -80.04387 26.54089, -80.04403 26.54028, -80.04419 26.5401, -80.04434 26.54002, -80.04446 26.53982, -80.04451 26.53948, -80.04463 26.5389, -80.04476 26.53843, -80.04485 26.53805, -80.04498 26.53764, -80.04506 26.53713, -80.04518 26.53651, -80.04529 26.53588, -80.04538 26.53546, -80.04553 26.53495, -80.04566 26.53455, -80.04575 26.53423, -80.04585 26.53387, -80.04595 26.53356, -80.046 26.53329, -80.04603 26.53305, -80.04609 26.53277, -80.04614 26.53248, -80.04617 26.53214, -80.04622 26.53187, -80.04632 26.53154, -80.0464 26.53099, -80.04642 26.53073, -80.04652 26.53038, -80.04664 26.52998, -80.04673 26.52954, -80.04677 26.52935, -80.04684 26.52909, -80.04697 26.52882, -80.04702 26.52867, -80.04705 26.52852, -80.04707 26.52836, -80.04712 26.52808, -80.04714 26.52772, -80.04719 26.52741, -80.04726 26.52708, -80.04731 26.52688, -80.04734 26.52669, -80.04737 26.52633, -80.04738 26.52597, -80.04739 26.5257, -80.04743 26.5253, -80.04751 26.525, -80.04761 26.52466, -80.04772 26.52431, -80.04775 26.52386, -80.04776 26.52364, -80.04778 26.52346, -80.04784 26.52313, -80.04789 26.52295, -80.04794 26.5225, -80.04793 26.52217, -80.04795 26.52179, -80.04802 26.52135, -80.04809 26.52109, -80.04814 26.52069, -80.04815 26.52032, -80.04819 26.51994, -80.04828 26.51937, -80.04834 26.51907, -80.04861 26.51773, -80.04866 26.5174, -80.04869 26.51715, -80.04878 26.5169, -80.04895 26.51631, -80.04913 26.51579, -80.04931 26.51482, -80.04935 26.51444, -80.04937 26.51419, -80.04947 26.51378, -80.04961 26.51332, -80.04971 26.51291, -80.04976 26.51268, -80.04982 26.5123, -80.04993 26.51167, -80.05013 26.51071, -80.05027 26.51017, -80.05046 26.50907, -80.05065 26.50786, -80.05074 26.50747))"
Old Ponte Vedra,105,52,53,St. Johns,NO,16.824,0.2480054,5,143,1.7,HIGH,0.706,0.90964183,6,MED,0.236,2.23606798,2,MED,0,0,NO,NO,"MULTILINESTRING ((-81.35042 30.14111, -81.34987 30.13913, -81.34953 30.13736, -81.34882 30.13438, -81.34865 30.13379, -81.34781 30.13021, -81.3473 30.12779, -81.34724 30.12758, -81.34714 30.12716))"
Palm Beach (North End),11.5,113,134,Palm Beach,SE,250.9625,0.70889282,4,2039,1.275,HIGH,5.615,0.69326315,40,MED,0.64,2,10,MED,0,0,NO,NO,"MULTILINESTRING ((-80.03676 26.76158, -80.03659 26.75982, -80.03649 26.75789, -80.03514 26.74437, -80.03509 26.74318, -80.03491 26.73822, -80.03489 26.73627, -80.03494 26.73373, -80.03495 26.73137, -80.03491 26.72855, -80.03479 26.72723))"
Palm Beach (South End),24,153,187,Palm Beach,SE,331.92,999.999,1,1726,5.2,HIGH,4.23,999.999,22,MED,3.85,999.999,20,HIGH,0,0,NO,NO,"MULTILINESTRING ((-80.03354 26.6925, -80.03355 26.69235, -80.03357 26.69219, -80.03362 26.69188, -80.03363 26.69151, -80.03364 26.69119, -80.03367 26.6909, -80.0337 26.69064, -80.03371 26.69025, -80.03377 26.68977, -80.03383 26.68952, -80.03388 26.68928, -80.03398 26.689, -80.03402 26.6888, -80.03402 26.68853, -80.03407 26.68802, -80.0341 26.68777, -80.03412 26.68763, -80.03418 26.68744, -80.03421 26.68726, -80.03426 26.68702, -80.0343 26.68677, -80.03431 26.68644, -80.03433 26.68618, -80.03441 26.68588, -80.03446 26.68566, -80.03446 26.6853, -80.03448 26.68507, -80.03454 26.68481, -80.03463 26.68454, -80.0347 26.68427, -80.03471 26.68396, -80.0347 26.68381, -80.03471 26.68349, -80.03474 26.68327, -80.0349 26.68296, -80.03494 26.68272, -80.03491 26.68252, -80.035 26.68219, -80.03502 26.68187, -80.03501 26.68152, -80.03506 26.68128, -80.03508 26.68098, -80.0351 26.68069, -80.03513 26.68056, -80.03516 26.68031, -80.03516 26.68011, -80.03517 26.67987, -80.03522 26.6796, -80.03524 26.67942, -80.03528 26.67915, -80.0353 26.67893, -80.03536 26.67837, -80.03538 26.67812, -80.0354 26.67789, -80.03541 26.67767, -80.03542 26.67748, -80.03544 26.67724, -80.03544 26.67696, -80.03551 26.67651, -80.03552 26.67621, -80.03556 26.67606, -80.03552 26.6759, -80.03551 26.67569, -80.03553 26.67545, -80.03557 26.67525, -80.03561 26.67505, -80.03568 26.6748, -80.03583 26.6742, -80.03591 26.67346, -80.03593 26.67272, -80.03591 26.6725, -80.03592 26.67222, -80.03593 26.67208, -80.03594 26.67188, -80.03595 26.67165, -80.03591 26.67144, -80.03593 26.6712, -80.03602 26.67062, -80.036 26.67034, -80.036 26.67016, -80.03601 26.66996, -80.036 26.66979, -80.03598 26.66962, -80.03596 26.66947, -80.03596 26.66931, -80.03597 26.66909, -80.03598 26.66887, -80.03598 26.66867, -80.036 26.66838, -80.03602 26.66811, -80.03604 26.66787, -80.03605 26.66762, -80.03606 26.66724, -80.03608 26.66701, -80.0361 26.66683, -80.03611 26.66658, -80.03613 26.66633, -80.03616 26.66605, -80.03614 26.66581, -80.03626 26.66561, -80.03633 26.66548, -80.03642 26.66524, -80.03644 26.66496, -80.03644 26.66473, -80.03641 26.66447, -80.0364 26.66427, -80.03639 26.66381, -80.03646 26.66357, -80.03646 26.66339, -80.03652 26.66322, -80.03661 26.66296, -80.03664 26.66261, -80.03661 26.6623, -80.03663 26.66204, -80.03661 26.6618, -80.0366 26.66161, -80.03659 26.6614, -80.0366 26.6612, -80.03661 26.66094, -80.03663 26.6607, -80.03658 26.66042, -80.03657 26.66018, -80.03657 26.65988, -80.03658 26.65952, -80.03665 26.6588, -80.03666 26.65854, -80.03667 26.65823, -80.03668 26.65787, -80.03671 26.65759, -80.03673 26.6572, -80.03677 26.65685, -80.03682 26.65598, -80.0369 26.65513, -80.03683 26.65347, -80.03695 26.6517, -80.03698 26.6502, -80.03695 26.64965, -80.03704 26.649, -80.03698 26.64747, -80.03708 26.64675))"
Palm Beach Shores,11.5,55,73,Palm Beach,SE,171.25,0.37272763,5,685,0.8,MED,11.75,0.59990945,47,HIGH,18,0.40670974,72,HIGH,0,0,NO,NO,"MULTILINESTRING ((-80.03168 26.78146, -80.03167 26.78136, -80.03167 26.78099, -80.03167 26.78085, -80.03166 26.78056, -80.03161 26.78025, -80.03154 26.78005, -80.03145 26.7797, -80.03145 26.77944, -80.03145 26.7791, -80.03153 26.77859, -80.03149 26.77813, -80.03151 26.7778, -80.03134 26.77687, -80.0313 26.77601, -80.03136 26.77501, -80.03148 26.77471, -80.0316 26.77434, -80.03171 26.77395, -80.03175 26.77384, -80.03176 26.77372))"
Panama City Beach,216,216,216,Bay,NW,1.028,0.39510213,5,145,28.2,MED,0.022,2.23606798,3,LOW,0.014,2.23606798,2,LOW,0,0,NO,NO,"MULTILINESTRING ((-85.99085 30.26705, -85.99051 30.26694, -85.99019 30.26683, -85.98991 30.26674, -85.98956 30.26661, -85.98921 30.2665, -85.98886 30.26633, -85.98837 30.26615, -85.98807 30.26602, -85.98774 30.2659, -85.98731 30.26571, -85.98696 30.2656, -85.98672 30.2654, -85.98643 30.26525, -85.98614 30.26515, -85.9859 30.26503, -85.98557 30.26494, -85.98526 30.26486, -85.98501 30.26475, -85.98468 30.26464, -85.98435 30.26448, -85.98402 30.26434, -85.98377 30.2642, -85.98327 30.26398, -85.98264 30.26381, -85.98157 30.26337, -85.98095 30.26315, -85.98053 30.26296, -85.98012 30.2628, -85.97976 30.26263, -85.97938 30.26249, -85.97903 30.26234, -85.97871 30.26222, -85.97836 30.26205, -85.97796 30.26191, -85.97765 30.26171, -85.97742 30.26155, -85.97708 30.26146, -85.97681 30.26135, -85.97653 30.26123, -85.97632 30.26115, -85.97597 30.26097, -85.97569 30.26078, -85.97539 30.26061, -85.97511 30.26051, -85.97485 30.2604, -85.9746 30.26027, -85.97429 30.26013, -85.97404 30.26002, -85.97389 30.25995, -85.97361 30.25984, -85.97332 30.25973, -85.97291 30.25958, -85.97252 30.25942, -85.97205 30.25923, -85.97166 30.25912, -85.97116 30.25895, -85.9709 30.25881, -85.97062 30.25869, -85.9703 30.25861, -85.96984 30.25842, -85.96947 30.25822, -85.96916 30.25804, -85.96873 30.2579, -85.96841 30.25776, -85.96807 30.25762, -85.96765 30.25743, -85.96744 30.25731, -85.96711 30.25724, -85.96664 30.25704, -85.9663 30.25692, -85.96578 30.25666, -85.96554 30.25656, -85.96517 30.25637, -85.96487 30.25626, -85.96446 30.25612, -85.96402 30.25593, -85.9636 30.25575, -85.96333 30.25561, -85.96293 30.25547, -85.96253 30.25529, -85.96218 30.25517, -85.96182 30.25499, -85.9615 30.25487, -85.96121 30.25473, -85.96084 30.2546, -85.96053 30.25448, -85.96052 30.25448, -85.96005 30.2543, -85.95962 30.2541, -85.95938 30.25401, -85.9591 30.25387, -85.95884 30.25374, -85.95861 30.25366, -85.95816 30.25349, -85.9578 30.2533, -85.95745 30.25315, -85.95712 30.25301, -85.95666 30.25287, -85.95612 30.25267, -85.95601 30.25258, -85.95577 30.25244, -85.95541 30.25231, -85.95494 30.2522, -85.95456 30.252, -85.95424 30.25188, -85.95385 30.25174, -85.95346 30.25157, -85.95321 30.25148, -85.95286 30.25138, -85.95261 30.25119, -85.95235 30.25109, -85.95199 30.25094, -85.95157 30.25075, -85.9513 30.25064, -85.9511 30.25052, -85.95028 30.25016, -85.94905 30.24964, -85.94829 30.24931, -85.94805 30.24911, -85.94789 30.24904, -85.94778 30.24899, -85.9476 30.24891, -85.94733 30.24877, -85.94714 30.24867, -85.94688 30.24855, -85.94667 30.24852, -85.94648 30.24847, -85.94622 30.24835, -85.94608 30.24822, -85.94585 30.24811, -85.94565 30.24802, -85.94548 30.24794, -85.9452 30.24784, -85.94508 30.24779, -85.94483 30.24766, -85.94458 30.24756, -85.94424 30.24737, -85.94406 30.24724, -85.94387 30.24714, -85.94363 30.24707, -85.94344 30.24698, -85.94323 30.24689, -85.94308 30.24682, -85.9428 30.24678, -85.94239 30.24665, -85.94192 30.24644, -85.9415 30.24628, -85.94119 30.24606, -85.94096 30.24594, -85.94077 30.24579, -85.94059 30.24569, -85.94043 30.24564, -85.94014 30.24562, -85.9399 30.24552, -85.93975 30.24546, -85.93958 30.24534, -85.93942 30.24523, -85.93922 30.24516, -85.939 30.24507, -85.93888 30.24501, -85.93869 30.24493, -85.9385 30.24485, -85.93831 30.24478, -85.9382 30.24474, -85.93803 30.24468, -85.93782 30.24459, -85.93765 30.24452, -85.93752 30.24442, -85.93742 30.24434, -85.93707 30.24407, -85.93689 30.244, -85.9367 30.24397, -85.93654 30.2439, -85.93632 30.24379, -85.9361 30.24369, -85.9359 30.24364, -85.93572 30.24357, -85.93563 30.24353, -85.93542 30.24345, -85.93514 30.2433, -85.93481 30.24317, -85.93448 30.243, -85.93416 30.2428, -85.93377 30.24265, -85.93354 30.24251, -85.93325 30.24241, -85.93313 30.24236, -85.93287 30.24225, -85.9326 30.24211, -85.93234 30.24196, -85.93209 30.24186, -85.93182 30.24176, -85.93162 30.24172, -85.93137 30.2416, -85.93109 30.2415, -85.93089 30.24133, -85.9307 30.24123, -85.93041 30.2411, -85.9302 30.24103, -85.92995 30.24094, -85.9297 30.24082, -85.92944 30.24071, -85.92919 30.24066, -85.92883 30.24049, -85.92801 30.24017, -85.92782 30.2401, -85.92769 30.24, -85.92741 30.23989, -85.92712 30.23977, -85.92683 30.23965, -85.92664 30.23953, -85.92629 30.23939, -85.92594 30.23923, -85.92558 30.23908, -85.92536 30.23894, -85.92499 30.23878, -85.92476 30.23866, -85.92454 30.23853, -85.92417 30.23837, -85.92387 30.23818, -85.92342 30.23803, -85.92284 30.23771, -85.9222 30.23744, -85.92161 30.23712, -85.92133 30.23693, -85.92082 30.23677, -85.92056 30.23661, -85.92006 30.23638, -85.91978 30.23621, -85.91945 30.23604, -85.91904 30.23585, -85.91856 30.23572, -85.91835 30.23559, -85.91788 30.23533, -85.91766 30.23522, -85.91744 30.23512, -85.91711 30.23502, -85.91675 30.23485, -85.91654 30.23469, -85.91625 30.23454, -85.91589 30.23441, -85.91562 30.23429, -85.9153 30.2341, -85.91491 30.23393, -85.91435 30.23366, -85.91387 30.23342, -85.91348 30.23327, -85.91316 30.23311, -85.9127 30.23285, -85.91217 30.23261, -85.91181 30.2324, -85.91159 30.23228, -85.91138 30.23221, -85.91127 30.23217, -85.91097 30.23204, -85.9108 30.23197, -85.91059 30.23185, -85.91027 30.23172, -85.91003 30.23155, -85.90985 30.23145, -85.90954 30.23133, -85.9092 30.23119, -85.90893 30.23108, -85.90876 30.23096, -85.90856 30.23088, -85.90826 30.23072, -85.90798 30.23058, -85.90776 30.23047, -85.90752 30.23031, -85.90722 30.23017, -85.90697 30.23005, -85.90665 30.22989, -85.90638 30.2298, -85.90612 30.2297, -85.90597 30.22962, -85.90583 30.2295, -85.90567 30.22938, -85.90536 30.22924, -85.90506 30.22913, -85.90484 30.22902, -85.90441 30.22878, -85.90406 30.22862, -85.90376 30.22848, -85.90344 30.22827, -85.90322 30.22817, -85.90287 30.22804, -85.90263 30.2279, -85.90248 30.2278, -85.90226 30.22772, -85.90208 30.22761, -85.90184 30.22747, -85.90159 30.22731, -85.90134 30.2272, -85.90112 30.22708, -85.9009 30.22695, -85.90065 30.22683, -85.9004 30.22669, -85.90019 30.22658, -85.89983 30.22644, -85.89954 30.2263, -85.89929 30.22615, -85.89909 30.22605, -85.8989 30.22594, -85.89866 30.22578, -85.8982 30.22562, -85.8979 30.22548, -85.89768 30.22533, -85.89734 30.22518, -85.89712 30.22505, -85.89629 30.22467, -85.89617 30.2246, -85.89595 30.22448, -85.89583 30.22442, -85.89561 30.22429, -85.89526 30.22414, -85.89494 30.22398, -85.89454 30.22375, -85.89391 30.22345, -85.8935 30.22324, -85.89306 30.22307, -85.89305 30.22306, -85.89265 30.22282, -85.89263 30.22281, -85.89229 30.22261, -85.89205 30.22253, -85.89178 30.22247, -85.89151 30.22233, -85.89108 30.22208, -85.89069 30.22189, -85.89051 30.22179, -85.89019 30.2216, -85.88996 30.22152, -85.88972 30.22142, -85.88951 30.22128, -85.88932 30.22116, -85.88905 30.22102, -85.88878 30.22089, -85.88855 30.22079, -85.88821 30.22063, -85.88776 30.22043, -85.88754 30.22035, -85.88732 30.22028, -85.88711 30.22022, -85.88671 30.22005, -85.88639 30.21987, -85.88627 30.2198, -85.88616 30.21977, -85.88571 30.21963, -85.88526 30.21938, -85.88507 30.21927, -85.88497 30.21919, -85.88432 30.21872, -85.88384 30.21834, -85.88337 30.21813, -85.88272 30.2178, -85.88245 30.21765, -85.88156 30.21713, -85.88066 30.21661, -85.88013 30.21635, -85.87951 30.21601, -85.87929 30.21592, -85.87898 30.21571, -85.87847 30.2154, -85.87819 30.21524, -85.87787 30.21502, -85.87752 30.21479, -85.87673 30.21429, -85.87616 30.21411, -85.87583 30.21394, -85.8755 30.21374, -85.87515 30.21354, -85.87469 30.21333, -85.87425 30.21309, -85.87389 30.21299, -85.87351 30.21282, -85.87308 30.2126, -85.87271 30.21239, -85.87236 30.21216, -85.87197 30.21195, -85.87161 30.21175, -85.87119 30.21158, -85.87092 30.21141, -85.87058 30.21126, -85.87038 30.21118, -85.87028 30.21109, -85.86991 30.2108, -85.86968 30.21074, -85.86936 30.21059, -85.86901 30.21038, -85.86855 30.21017, -85.86819 30.20998, -85.86786 30.20983, -85.8674 30.20959, -85.86722 30.2095, -85.86699 30.20938, -85.86657 30.20916, -85.86617 30.2089, -85.86567 30.20867, -85.8652 30.20845, -85.86472 30.2082, -85.86438 30.20799, -85.86417 30.20783, -85.864 30.20774, -85.86346 30.20746, -85.86319 30.20733, -85.86297 30.2072, -85.86275 30.20706, -85.8623 30.20682, -85.86192 30.20663, -85.86155 30.20641, -85.86124 30.20625, -85.86085 30.20607, -85.86046 30.20584, -85.86014 30.20568, -85.85992 30.20551, -85.85953 30.20528, -85.85915 30.20512, -85.85886 30.20493, -85.8585 30.20477, -85.85822 30.20462, -85.85765 30.20438, -85.85738 30.20422, -85.85706 30.20401, -85.85667 30.20372, -85.85653 30.20364, -85.85617 30.20345, -85.85573 30.20321, -85.85523 30.20295, -85.85468 30.20269, -85.85411 30.20237, -85.85368 30.20213, -85.85329 30.20193, -85.85315 30.20182, -85.85296 30.20167, -85.85248 30.20144, -85.85197 30.20118, -85.85051 30.20037, -85.84985 30.20002, -85.84919 30.19968, -85.84865 30.19929, -85.84798 30.19895, -85.84748 30.19863, -85.84729 30.19857, -85.84686 30.19833, -85.84626 30.19795, -85.84582 30.19769, -85.84536 30.19743, -85.845 30.19724, -85.8444 30.19687, -85.84375 30.19655, -85.84304 30.19613, -85.84236 30.19566, -85.84158 30.19526, -85.84105 30.19501, -85.84038 30.19462, -85.8395 30.1942, -85.83923 30.19402, -85.839 30.19385, -85.83824 30.19336, -85.83808 30.19323, -85.83785 30.19312, -85.8374 30.1929, -85.83695 30.19266, -85.83648 30.19241, -85.83602 30.19213, -85.83537 30.1918, -85.83498 30.1915, -85.83434 30.19121, -85.83377 30.19089, -85.83317 30.1905, -85.83304 30.19033, -85.83241 30.18998, -85.83216 30.18976, -85.83 30.18852, -85.82955 30.18838, -85.82884 30.18793, -85.82874 30.18786, -85.82821 30.18766, -85.82762 30.18725, -85.82725 30.18703, -85.82684 30.18681, -85.82627 30.18653, -85.82577 30.18631, -85.82559 30.18622, -85.82501 30.18593, -85.82449 30.18565, -85.8238 30.18523, -85.82324 30.18491, -85.82271 30.1846, -85.82233 30.18439, -85.8218 30.18411, -85.82153 30.18386, -85.82113 30.18365, -85.82071 30.18344, -85.82038 30.18323, -85.8199 30.18299, -85.81935 30.18267, -85.81867 30.18221, -85.81764 30.1816, -85.81695 30.18118, -85.81628 30.18088, -85.81538 30.18038, -85.81463 30.17989, -85.81424 30.17971, -85.81356 30.17938, -85.81301 30.17906, -85.81248 30.17872, -85.81235 30.17864, -85.8122 30.17855, -85.81188 30.17836, -85.81152 30.1781, -85.81092 30.17778, -85.81031 30.17741, -85.80971 30.17702, -85.80911 30.1767, -85.80852 30.17627, -85.808 30.17589, -85.80735 30.17557, -85.80681 30.1753, -85.80614 30.17484, -85.80551 30.17446, -85.80503 30.17416, -85.80479 30.17403, -85.80415 30.17368, -85.80385 30.17349, -85.80347 30.1733, -85.80313 30.17307, -85.8029 30.17291, -85.80243 30.17271, -85.80225 30.17259, -85.8019 30.17239, -85.80171 30.17225, -85.80128 30.17206, -85.80089 30.17184, -85.80011 30.17151, -85.7996 30.17122, -85.79904 30.17088, -85.79872 30.17062, -85.79822 30.17036, -85.79786 30.17012, -85.79747 30.16994, -85.79722 30.16977, -85.79689 30.1695, -85.7965 30.16936, -85.79617 30.16912, -85.79571 30.16889, -85.79533 30.16858, -85.795 30.16839, -85.79479 30.16829, -85.7946 30.16815, -85.79442 30.16801, -85.79424 30.16791, -85.79397 30.16782, -85.79375 30.16767, -85.79356 30.16757, -85.79324 30.1674, -85.79299 30.16722, -85.79279 30.16704, -85.79261 30.16689, -85.79228 30.16665, -85.79178 30.16641, -85.79146 30.16623, -85.79111 30.16601, -85.7907 30.16582, -85.79038 30.16565, -85.79011 30.16543, -85.78986 30.16523, -85.78947 30.16502, -85.78908 30.16481, -85.78862 30.16455, -85.78829 30.16433, -85.78801 30.16418, -85.78778 30.16405, -85.78758 30.16393, -85.78735 30.16383, -85.78703 30.16358, -85.78654 30.1633, -85.78617 30.16308, -85.78597 30.16291, -85.78597 30.16289, -85.78568 30.16268, -85.78543 30.16253, -85.78516 30.16243, -85.78484 30.16223, -85.78455 30.16202, -85.78409 30.1617, -85.78359 30.16143, -85.78338 30.16129, -85.78312 30.16112, -85.78263 30.16084, -85.78223 30.16053, -85.78183 30.16024, -85.78131 30.16, -85.78095 30.15969, -85.78052 30.15942, -85.78003 30.15912, -85.7797 30.15882, -85.77917 30.15856, -85.77882 30.15833, -85.77838 30.15803, -85.778 30.1578, -85.77774 30.15761, -85.77748 30.15741, -85.77721 30.1572, -85.77674 30.15694, -85.77643 30.15674, -85.77632 30.15668, -85.77613 30.15652, -85.77593 30.15634, -85.77571 30.15622, -85.77551 30.15605, -85.77528 30.15584, -85.77492 30.15562, -85.77465 30.15549, -85.77436 30.1553, -85.77417 30.15515, -85.77393 30.155, -85.77359 30.15476, -85.77337 30.15455, -85.77294 30.15433, -85.77243 30.15396, -85.77208 30.1537, -85.77183 30.15351, -85.77148 30.15325, -85.77116 30.15302, -85.77087 30.15281, -85.77044 30.15254, -85.7701 30.15229, -85.76981 30.15206, -85.76942 30.15174, -85.76904 30.15147, -85.76875 30.15125, -85.76863 30.15111, -85.7684 30.15093, -85.76805 30.15069, -85.7678 30.15047, -85.76744 30.15029, -85.76714 30.15008, -85.7668 30.14984, -85.76651 30.14962, -85.7663 30.1494, -85.76601 30.14913, -85.76569 30.14889, -85.76527 30.14857, -85.76505 30.14836, -85.76468 30.14814, -85.76436 30.14789, -85.76398 30.14766, -85.76363 30.14743, -85.76318 30.14706, -85.76281 30.14676, -85.76233 30.14641, -85.76215 30.14623, -85.76186 30.14592, -85.7615 30.14569, -85.76093 30.14529, -85.7607 30.14513, -85.76042 30.14493, -85.76016 30.14474, -85.75988 30.14449, -85.75956 30.14429, -85.75923 30.14405, -85.75885 30.14373, -85.75857 30.14348, -85.75802 30.14307, -85.75779 30.14286, -85.75733 30.14257, -85.75693 30.14225, -85.75666 30.14202, -85.75634 30.14181, -85.75615 30.14165, -85.75593 30.14148, -85.75559 30.14124, -85.75538 30.14098, -85.75506 30.14077, -85.75487 30.14057, -85.75453 30.1403, -85.75428 30.14015, -85.75408 30.13989, -85.75381 30.13969, -85.75353 30.13946, -85.75329 30.13926, -85.75303 30.13905, -85.7528 30.13887, -85.75244 30.13866, -85.75219 30.13846, -85.75171 30.13816, -85.75135 30.1379, -85.75101 30.13762, -85.75064 30.13732, -85.7503 30.13705, -85.74988 30.13667, -85.74943 30.13631, -85.74901 30.13592, -85.74855 30.13552, -85.74809 30.13512, -85.74745 30.13471, -85.74701 30.13433, -85.74662 30.134, -85.74619 30.13364, -85.74589 30.13341, -85.74547 30.13321))"
Par III to Kreusler,28,92,75,Palm Beach,SE,182.824,0.36053482,5,1554,1.7,MED,6.824,0.86120017,58,MED,4.588,0.42932401,39,HIGH,0,0,NO,NO,"MULTILINESTRING ((-80.03696 26.6294, -80.03691 26.62821, -80.03685 26.62669, -80.03684 26.62533, -80.03682 26.62475, -80.03672 26.62241, -80.03672 26.62147, -80.03672 26.62065, -80.03672 26.6204, -80.03671 26.62027, -80.0367 26.62011, -80.03669 26.61996, -80.0367 26.61969, -80.03667 26.61927, -80.03667 26.61847, -80.0367 26.61795, -80.03665 26.61734, -80.03662 26.61684))"
Parkshore Beach,56,41,55,Collier,SW,23.822,0.36656526,5,451,3.78,MED,0,999.999,0,not present,0,999.999,0,not present,0,0,NO,NO,"MULTILINESTRING ((-81.817 26.21093, -81.81696 26.21071, -81.8168 26.21008, -81.81671 26.20948, -81.81672 26.20916, -81.81672 26.20907, -81.81672 26.20871, -81.81679 26.20818, -81.81678 26.20765, -81.81677 26.20731, -81.81667 26.20682, -81.81656 26.20616, -81.81653 26.20598, -81.8165 26.20505, -81.81656 26.20438, -81.81651 26.20381, -81.81649 26.20355, -81.81648 26.20344, -81.81647 26.20255, -81.81647 26.20123, -81.81646 26.20088, -81.81637 26.20027, -81.81644 26.19977, -81.81643 26.19896, -81.81637 26.19789, -81.81636 26.19767, -81.81631 26.19746, -81.81629 26.19661, -81.81629 26.19551, -81.81623 26.1948, -81.81613 26.19409, -81.816 26.19336, -81.81594 26.19286, -81.81594 26.19224, -81.81587 26.19172, -81.81587 26.19136, -81.81582 26.19118, -81.81577 26.19076, -81.8157 26.19023, -81.81564 26.18976, -81.81562 26.18914, -81.81557 26.18867, -81.8155 26.18811, -81.8155 26.18777, -81.81548 26.18739, -81.81538 26.18683, -81.81531 26.18629, -81.81528 26.1858, -81.81525 26.18543, -81.8152 26.18528, -81.81514 26.18435, -81.81505 26.18352, -81.81507 26.18264, -81.81503 26.18194, -81.81502 26.18116, -81.81503 26.18044, -81.81504 26.18026, -81.81502 26.17968, -81.81496 26.17886, -81.81495 26.17836, -81.81496 26.17795, -81.81494 26.1776, -81.81491 26.17717, -81.81488 26.17679, -81.81486 26.17638, -81.81481 26.17573, -81.8147 26.17504, -81.81468 26.17479, -81.81473 26.17449, -81.81475 26.17447))"
Patio Beach,11.5,4,25,Monroe,SE,4.668,1.56481684,5,7,0.3,LOW,0,999.999,0,not present,0,999.999,0,not present,0,0,NO,NO,"MULTILINESTRING ((-81.80826 24.54532, -81.80794 24.54536, -81.80758 24.54534, -81.80703 24.54525, -81.80659 24.54521, -81.806 24.54516, -81.80561 24.54507, -81.80549 24.54501, -81.80549 24.54501))"
Patrick Air Force Base,135,134,128,Brevard,CE,179.942,0.21355393,5,6298,7,HIGH,4.23,0.76392816,148,MED,0.2,1.86949191,7,MED,0,0,NO,NO,"MULTILINESTRING ((-80.60536 28.27197, -80.60532 28.27147, -80.60522 28.27031, -80.60522 28.26953, -80.6051 28.26853, -80.60497 28.26747, -80.60477 28.2661, -80.60462 28.26487, -80.60456 28.26386, -80.60445 28.26338, -80.6044 28.26279, -80.60436 28.26271, -80.60393 28.25967, -80.60367 28.25817, -80.60354 28.25702, -80.60338 28.25584, -80.60325 28.25474, -80.60313 28.2537, -80.60298 28.25265, -80.60285 28.25186, -80.60275 28.25126, -80.60259 28.2504, -80.60259 28.25028, -80.60209 28.24746, -80.60132 28.24245, -80.60094 28.24003, -80.60069 28.23839, -80.60049 28.23709, -80.60039 28.23646, -80.60029 28.23575, -80.59989 28.23315, -80.59971 28.232, -80.59957 28.23112, -80.59947 28.23042, -80.5993 28.22932, -80.59907 28.22786, -80.59893 28.2269, -80.59887 28.22655, -80.59868 28.22532, -80.59815 28.22185, -80.59675 28.21268))"
Pensacola Beach,171,179,165,Escambia,NW,0.948,0.52734177,5,64,13.5,MED,0.03,2.23606798,2,LOW,0,999.999,0,not present,0,0,NO,NO,"MULTILINESTRING ((-87.18115 30.32453, -87.18106 30.32452, -87.18069 30.32454, -87.18043 30.32461, -87.18001 30.32467, -87.17961 30.32465, -87.17935 30.32466, -87.179 30.32474, -87.17863 30.3248, -87.17827 30.32481, -87.17812 30.32485, -87.17811 30.32489, -87.17805 30.32486, -87.17747 30.32497, -87.17675 30.32507, -87.17584 30.32522, -87.17533 30.32527, -87.17465 30.32544, -87.17377 30.32557, -87.17322 30.32566, -87.17248 30.32575, -87.17184 30.32584, -87.17091 30.32597, -87.17052 30.326, -87.16991 30.32602, -87.16991 30.32605, -87.16984 30.32599, -87.16957 30.32607, -87.16927 30.3261, -87.16891 30.32618, -87.1683 30.32627, -87.16776 30.32629, -87.16713 30.32635, -87.16667 30.32638, -87.16622 30.32649, -87.16559 30.32654, -87.16501 30.32659, -87.16455 30.32664, -87.16422 30.32664, -87.1638 30.32665, -87.1634 30.32668, -87.16306 30.32675, -87.16277 30.32675, -87.16243 30.32674, -87.16203 30.32683, -87.16174 30.32689, -87.16151 30.32683, -87.16097 30.32688, -87.16046 30.32694, -87.16027 30.32692, -87.15969 30.32698, -87.15917 30.32701, -87.15877 30.32701, -87.15839 30.3271, -87.15786 30.32726, -87.15743 30.32734, -87.15721 30.32737, -87.1569 30.3274, -87.15689 30.32742, -87.15685 30.32739, -87.15655 30.32744, -87.15603 30.32758, -87.15533 30.32769, -87.15406 30.32797, -87.1528 30.32818, -87.15199 30.32835, -87.15132 30.32849, -87.15085 30.32855, -87.1502 30.32871, -87.14929 30.32887, -87.1486 30.32907, -87.14794 30.32916, -87.14743 30.32931, -87.14686 30.32944, -87.14612 30.32959, -87.14568 30.32969, -87.14538 30.32973, -87.14537 30.32978, -87.1453 30.32974, -87.14502 30.32985, -87.14465 30.32993, -87.14417 30.32989, -87.1437 30.32986, -87.14325 30.32992, -87.14282 30.33003, -87.14243 30.3301, -87.14203 30.33019, -87.14176 30.33031, -87.14141 30.3303, -87.14105 30.33048, -87.14076 30.33052, -87.14032 30.33052, -87.13932 30.33071, -87.13869 30.33085, -87.1384 30.33099, -87.13801 30.33108, -87.13732 30.33123, -87.13702 30.3313, -87.13666 30.3314, -87.13666 30.33143, -87.1366 30.33139, -87.13617 30.33154, -87.13546 30.33164, -87.13502 30.33165, -87.13446 30.33174, -87.13393 30.33194, -87.13346 30.33208, -87.13308 30.33216, -87.13245 30.33224, -87.13194 30.33225, -87.1315 30.33224, -87.13106 30.33242, -87.13072 30.33247, -87.13027 30.33262, -87.12979 30.33269, -87.12935 30.3327, -87.12888 30.33281, -87.1285 30.33289, -87.12806 30.33292, -87.12763 30.33305, -87.12728 30.33312, -87.12695 30.33307, -87.12656 30.33313, -87.12654 30.33318, -87.12645 30.33314, -87.1261 30.33334, -87.12551 30.33336, -87.12515 30.33339, -87.12471 30.33357, -87.12411 30.33367, -87.1235 30.33385, -87.12312 30.33379, -87.12272 30.33382, -87.12236 30.33395, -87.12203 30.33408, -87.12163 30.33415, -87.12126 30.33419, -87.12094 30.3342, -87.1206 30.33423, -87.12012 30.33436, -87.11974 30.33444, -87.1192 30.33448, -87.1188 30.33447, -87.11835 30.33464, -87.11793 30.33471, -87.11753 30.33479, -87.11722 30.33489, -87.11678 30.33501, -87.11652 30.33505, -87.11618 30.33507, -87.11615 30.33509, -87.11611 30.33503, -87.11576 30.33517, -87.11552 30.33518, -87.1152 30.33522, -87.11493 30.33527, -87.11457 30.33528, -87.11412 30.33534, -87.11383 30.3355, -87.11356 30.33559, -87.11318 30.33568, -87.11275 30.33571, -87.11242 30.33575, -87.11208 30.33586, -87.11175 30.33587, -87.11145 30.33587, -87.11112 30.33594, -87.11078 30.33607, -87.11046 30.33611, -87.1102 30.33613, -87.1099 30.33627, -87.10956 30.33636, -87.10933 30.3364, -87.10886 30.33643, -87.10828 30.3365, -87.10798 30.33662, -87.10768 30.33667, -87.10751 30.33669, -87.1072 30.33677, -87.10697 30.33683, -87.10697 30.33687, -87.10689 30.33683, -87.10661 30.33693, -87.10616 30.33711, -87.10572 30.33719, -87.10527 30.33718, -87.10491 30.3372, -87.10465 30.33732, -87.10434 30.33742, -87.10394 30.33743, -87.10351 30.33743, -87.10317 30.33749, -87.10289 30.33766, -87.10256 30.3378, -87.10209 30.33784, -87.10162 30.33784, -87.1011 30.33794, -87.10061 30.3381, -87.10037 30.33819, -87.10009 30.33821, -87.09973 30.33819, -87.09946 30.33817, -87.09922 30.33822, -87.09901 30.33833, -87.09876 30.33839, -87.09858 30.33841, -87.09832 30.33841, -87.09803 30.33849, -87.09781 30.33853, -87.09759 30.33858, -87.0975 30.33862, -87.0974 30.3386, -87.09707 30.33869, -87.09664 30.33881, -87.09616 30.33884, -87.09576 30.33891, -87.09533 30.33898, -87.09495 30.33907, -87.09453 30.33918, -87.09423 30.3393, -87.09382 30.33941, -87.09338 30.33943, -87.09294 30.33947, -87.09268 30.33951, -87.09235 30.33965, -87.09199 30.33972, -87.09158 30.33979, -87.09118 30.3398, -87.09078 30.33978, -87.09044 30.33992, -87.09011 30.34003, -87.0898 30.34011, -87.0895 30.34012, -87.08928 30.34021, -87.08902 30.34029, -87.08876 30.34031, -87.08854 30.34037, -87.08818 30.34049, -87.08791 30.34048, -87.0877 30.34049, -87.08737 30.34061, -87.0871 30.34071, -87.08691 30.34075, -87.08659 30.34077, -87.08632 30.34077, -87.08609 30.34084, -87.08604 30.34089, -87.08594 30.34084, -87.0857 30.34089, -87.08535 30.34098, -87.08502 30.341, -87.08446 30.34117, -87.08413 30.34124, -87.08374 30.34121, -87.08307 30.34137, -87.08285 30.34146, -87.08248 30.34159, -87.0821 30.3417, -87.0817 30.34173, -87.08114 30.34183, -87.08069 30.34193, -87.08027 30.34202, -87.07989 30.34206, -87.07943 30.34219, -87.07894 30.34226, -87.07861 30.34239, -87.07833 30.34245, -87.07805 30.34245, -87.07773 30.34248, -87.07751 30.34256, -87.07731 30.3426, -87.07702 30.34268, -87.07673 30.34277, -87.07646 30.34288, -87.07623 30.34292, -87.07595 30.34296, -87.07575 30.34297, -87.0757 30.34293, -87.07556 30.34293, -87.07552 30.34297, -87.07551 30.34296, -87.07525 30.34305, -87.07523 30.34307, -87.07508 30.34314, -87.0748 30.34318, -87.07444 30.34316, -87.07411 30.34329, -87.07379 30.34334, -87.0735 30.34334, -87.07289 30.34338, -87.07265 30.34351, -87.07239 30.34361, -87.0721 30.34362, -87.07175 30.34363, -87.07137 30.34368, -87.07107 30.34377, -87.07068 30.34396, -87.07026 30.34404, -87.06978 30.3441, -87.06947 30.34411, -87.06907 30.34416, -87.06876 30.34425, -87.06841 30.34434, -87.06799 30.34438, -87.06775 30.34439, -87.06752 30.34443, -87.06722 30.34451, -87.06702 30.34461, -87.0667 30.34471, -87.06637 30.34482, -87.0662 30.34484, -87.06596 30.34485, -87.06569 30.34486, -87.06568 30.34489, -87.06562 30.34484, -87.06538 30.34491, -87.06504 30.3449, -87.06469 30.34502, -87.06437 30.34513, -87.06403 30.34519, -87.0634 30.34529, -87.06299 30.34539, -87.06255 30.34549, -87.06211 30.34559, -87.06169 30.34564, -87.06141 30.34565, -87.06114 30.34569, -87.06088 30.34573, -87.06056 30.34576, -87.06002 30.34587, -87.05967 30.3459, -87.05949 30.346, -87.05931 30.34607, -87.05904 30.34613, -87.05866 30.34619, -87.05835 30.34619, -87.05816 30.34623, -87.058 30.34631, -87.05767 30.34633, -87.05733 30.34642, -87.05701 30.34651, -87.0567 30.34661, -87.05637 30.3466, -87.05602 30.34668, -87.05578 30.3467, -87.05578 30.34674, -87.05571 30.34671, -87.05555 30.34679, -87.05533 30.34681, -87.05502 30.3468, -87.05474 30.34689, -87.05445 30.34699, -87.05416 30.34709, -87.05386 30.34718, -87.0536 30.34721, -87.05327 30.34722, -87.05305 30.34721))"
Perdido Key,173,184,194,Escambia,NW,0.852,0.5797338,5,29,6.8,LOW,0,999.999,0,not present,0,999.999,0,not present,0,2,NO,YES,"MULTILINESTRING ((-87.51847 30.27993, -87.5183 30.27994, -87.51802 30.28003, -87.51769 30.2801, -87.51748 30.28014, -87.51708 30.28021, -87.51664 30.28022, -87.51617 30.28034, -87.51558 30.28043, -87.51498 30.28059, -87.51455 30.28068, -87.51409 30.2809, -87.51362 30.28095, -87.51318 30.281, -87.51273 30.2811, -87.51226 30.28119, -87.51177 30.28128, -87.51119 30.28142, -87.51091 30.28145, -87.51041 30.2815, -87.50997 30.28165, -87.50964 30.28174, -87.50932 30.28185, -87.50894 30.28188, -87.50852 30.28197, -87.50824 30.28202, -87.50786 30.28209, -87.50747 30.28216, -87.50702 30.28226, -87.50665 30.28231, -87.50613 30.2824, -87.50585 30.28247, -87.50538 30.28256, -87.50503 30.28267, -87.50471 30.28276, -87.50419 30.2829, -87.50389 30.28295, -87.5034 30.28302, -87.50302 30.28311, -87.50267 30.28316, -87.50234 30.28317, -87.50189 30.28318, -87.5015 30.28329, -87.50126 30.28332, -87.50112 30.28334, -87.50077 30.28339, -87.5007 30.28341, -87.50037 30.2834, -87.50004 30.28347, -87.49962 30.2835, -87.4991 30.28357, -87.49878 30.28368, -87.49833 30.28375, -87.49793 30.28385, -87.49709 30.28393, -87.49665 30.28406, -87.49599 30.28412, -87.49538 30.28421, -87.49482 30.28437, -87.49428 30.28443, -87.49358 30.28461, -87.49306 30.28472, -87.49262 30.28485, -87.49211 30.28497, -87.49141 30.28519, -87.4911 30.28528, -87.49057 30.28539, -87.49019 30.2854, -87.48977 30.28545, -87.48953 30.28552, -87.48914 30.28565, -87.48862 30.28577, -87.48841 30.28581, -87.48794 30.28585, -87.48768 30.28587, -87.48702 30.28591, -87.48684 30.28593, -87.48649 30.286, -87.48604 30.28618, -87.48584 30.28626, -87.48546 30.28638, -87.48511 30.28645, -87.48483 30.28651, -87.48464 30.28654, -87.48427 30.28655, -87.48412 30.28653, -87.48385 30.28666, -87.48368 30.28674, -87.48331 30.28684, -87.48292 30.28701, -87.48266 30.2871, -87.4824 30.28718, -87.48203 30.28727, -87.48165 30.28733, -87.48132 30.28735, -87.481 30.2874, -87.4805 30.2875, -87.47999 30.28757, -87.47987 30.28761), (-87.45306 30.29261, -87.45295 30.29263, -87.45262 30.2927, -87.45245 30.29275, -87.45201 30.29274, -87.45175 30.2927, -87.45143 30.29267, -87.45135 30.29266, -87.4511 30.29268, -87.45091 30.29275, -87.45079 30.29279, -87.45032 30.2928, -87.4501 30.29284, -87.44984 30.2929, -87.44948 30.29295, -87.44928 30.29299, -87.44899 30.29304, -87.4487 30.29309, -87.44839 30.29316, -87.44816 30.29319, -87.44783 30.29324, -87.4475 30.29328, -87.44717 30.29336, -87.44692 30.29338, -87.44667 30.2934, -87.44637 30.29342, -87.44607 30.29349, -87.44591 30.29353, -87.44562 30.29356, -87.44533 30.29361, -87.4451 30.29367, -87.44485 30.29371, -87.44458 30.29376, -87.44442 30.2938, -87.44415 30.2938, -87.44396 30.29383, -87.4437 30.29387, -87.44337 30.2939, -87.44303 30.29394, -87.44285 30.294, -87.44259 30.29404, -87.44227 30.29406, -87.44207 30.29409, -87.44181 30.29412, -87.44169 30.29416, -87.44148 30.29416, -87.44126 30.29415, -87.44107 30.29419, -87.44087 30.29421, -87.44064 30.29423, -87.44035 30.29427, -87.44009 30.29431, -87.43978 30.29437, -87.43939 30.29435, -87.43905 30.29443, -87.4388 30.2945, -87.43842 30.29456, -87.43794 30.29465, -87.43764 30.29469, -87.43738 30.29467, -87.43709 30.29467, -87.43688 30.29472, -87.43657 30.2948, -87.43627 30.29485, -87.43595 30.29494, -87.43572 30.29499, -87.43539 30.29506, -87.43495 30.29512, -87.43469 30.29515, -87.43428 30.29518, -87.43405 30.29517, -87.4337 30.29521, -87.43338 30.2953, -87.43321 30.29535, -87.43299 30.2954, -87.43262 30.29544, -87.43228 30.29555, -87.43206 30.29558, -87.43172 30.29561, -87.43143 30.29564, -87.43106 30.29566, -87.43074 30.29568, -87.43051 30.29576, -87.43027 30.29581, -87.43007 30.29582, -87.42991 30.2958, -87.42968 30.29586, -87.42948 30.2959, -87.42921 30.29594, -87.42889 30.29594, -87.42849 30.29596, -87.42825 30.29599, -87.42803 30.29605, -87.4277 30.29608, -87.42719 30.29614, -87.4268 30.29626, -87.42656 30.29631, -87.42622 30.29636, -87.42592 30.29643, -87.42563 30.2965, -87.42516 30.29652, -87.42494 30.29653, -87.42468 30.29652, -87.42435 30.29652, -87.42405 30.2966, -87.42383 30.29668, -87.42344 30.29674, -87.42312 30.29676, -87.42261 30.29681, -87.4223 30.2969, -87.42196 30.29702, -87.42163 30.29707, -87.42136 30.29713, -87.42114 30.29717, -87.42096 30.29721, -87.42081 30.29726, -87.42065 30.29732, -87.42056 30.2973, -87.42043 30.29733, -87.42028 30.29739, -87.42017 30.29743, -87.41997 30.29742, -87.41978 30.29749, -87.41963 30.29754, -87.41957 30.29755))"
Perdido Key State Park,109,98,94,Escambia,NW,1.076,0.58765903,5,14,2.6,MED,0,999.999,0,not present,0,999.999,0,not present,0,0,NO,NO,"MULTILINESTRING ((-87.47987 30.28761, -87.47962 30.28768, -87.47917 30.28775, -87.47863 30.28787, -87.47824 30.288, -87.47786 30.28809, -87.47751 30.28812, -87.47711 30.28817, -87.47678 30.28822, -87.47653 30.28827, -87.4762 30.28836, -87.47582 30.28843, -87.47536 30.28854, -87.47519 30.28856, -87.47496 30.28859, -87.47458 30.28866, -87.47423 30.28873, -87.47376 30.28882, -87.47336 30.28887, -87.47287 30.28901, -87.47257 30.2891, -87.47203 30.28911, -87.47184 30.28911, -87.47147 30.28914, -87.47123 30.28923, -87.47098 30.28936, -87.47065 30.28951, -87.47018 30.2896, -87.4699 30.28961, -87.46971 30.28953, -87.4695 30.28952, -87.46903 30.28959, -87.46884 30.2896, -87.46868 30.2896, -87.46851 30.28964, -87.46816 30.28978, -87.468 30.2898, -87.46767 30.28983, -87.46727 30.28988, -87.46688 30.28997, -87.46643 30.29004, -87.46605 30.29007, -87.46566 30.29018, -87.46533 30.29025, -87.465 30.2904, -87.46465 30.29049, -87.46428 30.29056, -87.46407 30.29061, -87.4637 30.29074, -87.46346 30.29079, -87.46318 30.29079, -87.46285 30.29084, -87.46248 30.29095, -87.46215 30.29098, -87.46184 30.29097, -87.46151 30.29096, -87.4613 30.29106, -87.46116 30.29111, -87.46091 30.2912, -87.46058 30.29127, -87.46028 30.29133, -87.46011 30.29136, -87.45985 30.2914, -87.45967 30.29145, -87.45941 30.29152, -87.45925 30.29154, -87.45873 30.29164, -87.45859 30.29164, -87.45831 30.29165, -87.45807 30.29169, -87.45775 30.29174, -87.45747 30.29181, -87.45718 30.29188, -87.45702 30.29192, -87.45681 30.29195, -87.45648 30.29198, -87.45627 30.29198, -87.45608 30.29203, -87.4558 30.29207, -87.45566 30.29212, -87.4554 30.29212, -87.45501 30.29224, -87.45475 30.29228, -87.45428 30.29234, -87.45397 30.29236, -87.45374 30.29243, -87.45351 30.2925, -87.45323 30.29259, -87.45306 30.29261))"
Phipps Preserve Beach,72,34,13,Franklin,NW,0.584,1.39271395,5,7,2.4,LOW,0,999.999,0,not present,0,999.999,0,not present,0,0,NO,NO,"MULTILINESTRING ((-84.44138 29.91761, -84.44119 29.91734, -84.44111 29.91715, -84.44101 29.91696, -84.44094 29.91679, -84.44091 29.91671, -84.44093 29.91658, -84.44101 29.9165, -84.44106 29.91642, -84.4411 29.91633, -84.4411 29.91623, -84.44108 29.91609, -84.44099 29.91594, -84.44091 29.91577, -84.44077 29.91553, -84.44063 29.91532, -84.44052 29.91515, -84.4403 29.9149, -84.44004 29.91466, -84.43959 29.91422, -84.43934 29.91397, -84.43855 29.91295, -84.43774 29.91212, -84.43654 29.91097, -84.43492 29.90961, -84.4336 29.90849, -84.43311 29.90828, -84.43223 29.90789, -84.43093 29.90733, -84.42961 29.90663, -84.42873 29.90625, -84.42807 29.90588, -84.42755 29.90564, -84.42676 29.90537, -84.42616 29.90511, -84.42587 29.90501, -84.42554 29.90485, -84.42543 29.90479, -84.42535 29.90474, -84.42514 29.90463, -84.42472 29.90442, -84.42456 29.90435, -84.42426 29.90421, -84.42407 29.90409, -84.42401 29.90402))"
Pompano/Lauderdale by-the-sea,198,213,215,Broward,SE,69.534,0.1887814,5,2677,7.7,MED,2.288,0.55757138,88,MED,0.624,0.94785943,24,MED,0,0,NO,NO,"MULTILINESTRING ((-80.08189 26.25788, -80.08195 26.25791, -80.08216 26.25787, -80.08234 26.25781, -80.08248 26.25774, -80.08264 26.25766, -80.08277 26.25753, -80.08278 26.25749, -80.0828 26.25748, -80.08295 26.25735, -80.08309 26.25711, -80.08319 26.25688, -80.08334 26.25649, -80.08333 26.25638, -80.08344 26.25598, -80.08347 26.25553, -80.08357 26.25513, -80.08396 26.25387, -80.08418 26.25304, -80.08419 26.25303, -80.08418 26.25301, -80.08416 26.25292, -80.0842 26.25287, -80.08413 26.25287, -80.08416 26.25255, -80.08433 26.25185, -80.08436 26.25116, -80.08438 26.25036, -80.08446 26.24972, -80.08458 26.249, -80.08496 26.2477, -80.08511 26.24725, -80.08538 26.24646, -80.08544 26.2464, -80.08536 26.24641, -80.08547 26.24611, -80.08559 26.24579, -80.08572 26.24541, -80.08586 26.24501, -80.08593 26.24469, -80.08598 26.24419, -80.08612 26.24384, -80.08631 26.24331, -80.08657 26.24233, -80.08679 26.2414, -80.08684 26.24128, -80.08679 26.24129, -80.08685 26.24107, -80.08705 26.24005, -80.08725 26.23948, -80.08747 26.23883, -80.08744 26.23806, -80.08761 26.23709, -80.08775 26.23669, -80.08785 26.23627, -80.08797 26.23559, -80.08805 26.23496, -80.08808 26.23447, -80.08812 26.23441, -80.0881 26.23441, -80.08824 26.23391, -80.08832 26.23343, -80.0884 26.23277, -80.08854 26.23236, -80.08865 26.23198, -80.08884 26.23146, -80.08886 26.23094, -80.08893 26.23056, -80.08895 26.22979, -80.08896 26.22868, -80.08898 26.22858, -80.08896 26.22858, -80.08904 26.22797, -80.08914 26.22677, -80.08927 26.22492, -80.08938 26.22284, -80.08942 26.22274, -80.08938 26.22274, -80.08948 26.22223, -80.08958 26.2216, -80.08979 26.22075, -80.0901 26.21933, -80.09018 26.21862, -80.09038 26.21746, -80.09039 26.21743, -80.09036 26.21743, -80.09042 26.21712, -80.09064 26.21559, -80.09094 26.21397, -80.09145 26.21148, -80.0915 26.21136, -80.09146 26.21137, -80.09152 26.21109, -80.09188 26.2094, -80.09216 26.2079, -80.09258 26.20564, -80.09267 26.20549, -80.09259 26.20549, -80.09271 26.20497, -80.09297 26.20388, -80.09342 26.20076, -80.09344 26.20072, -80.09343 26.20073, -80.0936 26.19929, -80.09402 26.1972, -80.09448 26.1947, -80.09449 26.19457, -80.09449 26.19425, -80.0946 26.19286, -80.0948 26.19165, -80.09483 26.19072, -80.09483 26.18948))"
Ponte Vedra (North),136,112,118,St. Johns,NO,7.844,0.33484744,5,149,3.8,MED,0.368,1.86635531,7,MED,0.106,2.23606798,2,LOW,0,0,NO,NO,"MULTILINESTRING ((-81.38039 30.25299, -81.37951 30.24931, -81.37893 30.24702, -81.37776 30.24211, -81.37748 30.24116, -81.37564 30.23475, -81.37524 30.23324, -81.37459 30.23064, -81.37369 30.22744, -81.37327 30.22613, -81.37257 30.2235, -81.37108 30.21821, -81.37073 30.21709))"
Ponte Vedra (South),186,168,154,St. Johns,NO,14.694,0.23691866,5,573,7.8,HIGH,0.874,0.60014686,34,MED,0.154,0.89812496,6,LOW,0,0,NO,NO,"MULTILINESTRING ((-81.32275 30.02263, -81.32226 30.02086, -81.32205 30.01986, -81.32179 30.01891, -81.32163 30.01816, -81.3215 30.01773, -81.32143 30.01753, -81.32094 30.0159, -81.32037 30.0135, -81.31991 30.01153, -81.31975 30.01093, -81.31913 30.00844, -81.31874 30.00694, -81.31824 30.00498, -81.31794 30.0039, -81.31743 30.00202, -81.31682 29.99961, -81.31632 29.99757, -81.31608 29.99635, -81.31568 29.99484, -81.31531 29.99345, -81.31511 29.99265, -81.31486 29.99161, -81.31454 29.99034, -81.31415 29.98873, -81.3137 29.98718, -81.31351 29.98648, -81.31326 29.98536, -81.31292 29.98412, -81.31246 29.9825, -81.31204 29.98104, -81.31166 29.97972, -81.31139 29.97859, -81.31076 29.97626, -81.31 29.97335, -81.30946 29.97135, -81.30903 29.96986, -81.30835 29.96728, -81.30803 29.96616, -81.30769 29.96497, -81.30715 29.96325, -81.30702 29.96283, -81.30646 29.96092, -81.30618 29.96006, -81.30566 29.95833, -81.30519 29.95664, -81.30447 29.9544, -81.30398 29.95275, -81.30392 29.95254))"
Residential Beach,34,48,56,Monroe,SE,6,1.20467204,5,9,0.3,LOW,0,999.999,0,not present,0,999.999,0,not present,0,0,NO,NO,"MULTILINESTRING ((-81.80199 24.5458, -81.80153 24.5459, -81.80135 24.54594, -81.8007 24.5461, -81.80043 24.54619, -81.80005 24.54631, -81.79921 24.5465, -81.79914 24.54652))"
Rest Beach (Key West),38,4,30,Monroe,SE,2,2.23606798,5,2,0.2,LOW,0,999.999,0,not present,0,999.999,0,not present,0,0,NO,NO,"MULTILINESTRING ((-81.78469 24.54764, -81.78447 24.54783, -81.78407 24.54813, -81.78396 24.54815, -81.7839 24.54824, -81.78383 24.54833, -81.78364 24.54843, -81.78341 24.54854, -81.78323 24.54864, -81.78316 24.5487, -81.78311 24.54869, -81.78308 24.54865, -81.78302 24.54863))"
S Duval County Beaches,144,158,181,Duval,NO,5.4,0.36968223,5,324,12,LOW,0.032,1.36930639,2,LOW,0.132,0.95436506,8,LOW,0,0,NO,NO,"MULTILINESTRING ((-81.39744 30.36041, -81.39738 30.35826, -81.39729 30.35627, -81.39725 30.35498, -81.39705 30.3518, -81.3969 30.34961, -81.39674 30.34766, -81.39648 30.34469, -81.39624 30.34234, -81.39622 30.34234, -81.39617 30.34162, -81.39588 30.33895, -81.39553 30.33508, -81.39551 30.33508, -81.39535 30.33367, -81.3952 30.33238, -81.39499 30.33023, -81.39473 30.32788, -81.3947 30.32763, -81.39422 30.32392, -81.39383 30.32066, -81.39381 30.32066, -81.39356 30.31889, -81.39275 30.31361, -81.39276 30.31354, -81.39273 30.31353, -81.39233 30.31104, -81.39169 30.30671, -81.39106 30.30339, -81.39042 30.29962, -81.3901 30.29767, -81.38969 30.29569, -81.38922 30.29343, -81.38904 30.29231, -81.38872 30.29087, -81.38809 30.28789, -81.38756 30.28515, -81.38703 30.28243, -81.38624 30.27814, -81.38586 30.27633, -81.38507 30.27301, -81.38456 30.27089, -81.38377 30.26776, -81.3828 30.26375, -81.38223 30.26124, -81.38126 30.2566, -81.38045 30.25325, -81.38039 30.25299))"
Saint Andrews State Park,189,177,144,Bay,NW,1.484,0.39784814,5,59,8.12,MED,0,999.999,0,not present,0,999.999,0,not present,0,0,NO,NO,"MULTILINESTRING ((-85.7294 30.11871, -85.72918 30.11851, -85.72895 30.11831, -85.72878 30.11812, -85.72868 30.11803, -85.72852 30.11791, -85.72833 30.11773, -85.72812 30.11758, -85.72787 30.11733, -85.72751 30.11701, -85.72717 30.11676, -85.72676 30.11645, -85.72645 30.11626, -85.72603 30.11606, -85.72575 30.11581, -85.72533 30.11558, -85.72496 30.11528, -85.72469 30.11509, -85.72434 30.11482, -85.72401 30.11457, -85.72365 30.11429, -85.72334 30.11404, -85.723 30.11376, -85.72283 30.11365, -85.72269 30.11357, -85.72248 30.11344, -85.72227 30.11327, -85.7221 30.11317, -85.72178 30.11295, -85.72149 30.11277, -85.721 30.1125, -85.72058 30.11222, -85.72018 30.11191, -85.71986 30.11171, -85.71951 30.11148, -85.71902 30.11133, -85.71839 30.11106, -85.71796 30.11071, -85.7177 30.11051, -85.71736 30.11028, -85.71704 30.11009, -85.71657 30.10977, -85.71627 30.10952, -85.71613 30.10936, -85.71597 30.10922, -85.7157 30.10904, -85.71549 30.10889, -85.71513 30.10865, -85.71474 30.1084, -85.71435 30.10812, -85.71401 30.10796, -85.71365 30.10776, -85.71341 30.10756, -85.71292 30.10719, -85.71237 30.10684, -85.71198 30.10651, -85.71172 30.10632, -85.71137 30.10614, -85.71103 30.10599, -85.71064 30.10572, -85.71038 30.10554, -85.71002 30.10527, -85.70958 30.10504, -85.70905 30.10477, -85.70856 30.10453, -85.70831 30.10439, -85.70813 30.10427, -85.70788 30.10416, -85.70763 30.104, -85.70721 30.10377, -85.7068 30.10354, -85.7062 30.1032, -85.70548 30.10278, -85.70506 30.10247, -85.70457 30.10216, -85.70403 30.10179, -85.7036 30.10151, -85.70314 30.10127, -85.70284 30.10099, -85.70223 30.10061, -85.70164 30.10018, -85.70121 30.09989, -85.70068 30.09962, -85.7002 30.09931, -85.69969 30.09903, -85.69932 30.09884, -85.69896 30.0986, -85.69854 30.09841, -85.69816 30.0982, -85.6977 30.09794, -85.69724 30.09772, -85.69689 30.09745, -85.69645 30.09723, -85.69599 30.097, -85.69554 30.09673, -85.69502 30.09651, -85.6947 30.09636, -85.69435 30.09613, -85.6942 30.09593, -85.69368 30.09568, -85.69304 30.09537, -85.6927 30.09524, -85.69234 30.09502, -85.69201 30.09486, -85.69184 30.0948, -85.69161 30.09473, -85.69129 30.09461, -85.69101 30.09449, -85.69087 30.09443, -85.6906 30.09426, -85.68993 30.09395, -85.6896 30.09371, -85.68903 30.09326, -85.68851 30.09299, -85.68776 30.09267, -85.68747 30.09254), (-85.74547 30.13321, -85.74507 30.13274, -85.74473 30.13237, -85.74436 30.13203, -85.74369 30.13135, -85.74297 30.13076, -85.74237 30.13026, -85.74206 30.12995, -85.74181 30.12971, -85.74146 30.12939, -85.74124 30.12904, -85.74084 30.12868, -85.7404 30.12832, -85.73972 30.12776, -85.73917 30.12739, -85.73845 30.12686, -85.73787 30.12651, -85.73741 30.12611, -85.73693 30.12578, -85.7365 30.1254, -85.73608 30.12508, -85.73571 30.12468, -85.73529 30.1243, -85.73487 30.12385, -85.73455 30.12349, -85.7342 30.12312, -85.73362 30.12249, -85.73333 30.12211))"
Saint Augustine Beach,196,187,173,St. Johns,NO,2.088,0.17159368,5,118,11.3,LOW,0.036,1.36930639,2,LOW,0.09,1.22474487,5,LOW,0,0,NO,NO,"MULTILINESTRING ((-81.26614 29.85957, -81.26571 29.85942, -81.26554 29.85927, -81.26532 29.85814, -81.26534 29.85738, -81.26537 29.85672, -81.26536 29.85604, -81.26538 29.8556, -81.26532 29.85465, -81.26527 29.85357, -81.26517 29.85269, -81.26499 29.85172, -81.26482 29.84987, -81.26469 29.84781, -81.26441 29.84272, -81.26419 29.84021, -81.26399 29.83819, -81.26382 29.83537, -81.26367 29.83379, -81.26351 29.83091, -81.26336 29.8282, -81.2631 29.82498, -81.2628 29.82118, -81.26248 29.81854, -81.262 29.8144, -81.26159 29.81159, -81.26097 29.80773, -81.26049 29.80461, -81.25978 29.80074, -81.25891 29.79662, -81.25837 29.79386, -81.25775 29.79108, -81.25734 29.78934, -81.25695 29.7878, -81.25637 29.78569, -81.25602 29.78435, -81.25563 29.78301, -81.25521 29.78155, -81.25462 29.77956, -81.25426 29.77817, -81.25372 29.77617, -81.25313 29.77447, -81.25274 29.77323, -81.2524 29.77218, -81.2519 29.77086, -81.25145 29.76942))"
Saint Pete Beach,190,186,155,Pinellas,CW,4.186,0.58557575,5,134,6.4,LOW,0,999.999,0,not present,0,999.999,0,not present,0,0,NO,NO,"MULTILINESTRING ((-82.75213 27.73624, -82.75186 27.73611, -82.75147 27.73577, -82.75113 27.73536, -82.7506 27.73464, -82.75004 27.73387, -82.74959 27.73338, -82.74918 27.73296, -82.74888 27.73254, -82.74841 27.73183, -82.7477 27.73095, -82.74706 27.73016, -82.74601 27.72879, -82.7454 27.72791, -82.74493 27.72718, -82.74413 27.72577, -82.74356 27.72474, -82.74292 27.72328, -82.7426 27.72252, -82.74256 27.72246, -82.74232 27.72209, -82.74231 27.72202, -82.74226 27.72202, -82.74164 27.72058, -82.74118 27.71929, -82.74099 27.71878, -82.74103 27.71867, -82.741 27.71867, -82.74077 27.71782, -82.74045 27.71685, -82.73998 27.71549, -82.73962 27.71415, -82.73962 27.71398, -82.73959 27.71399, -82.73944 27.7133, -82.7393 27.71284, -82.73912 27.71202, -82.7389 27.711, -82.7388 27.71036, -82.7387 27.70985, -82.73872 27.70973, -82.7387 27.70973, -82.73842 27.70822, -82.73829 27.70714, -82.73825 27.7066, -82.73826 27.70657, -82.73814 27.70571, -82.73801 27.70407, -82.73793 27.70283, -82.73794 27.70249, -82.73795 27.70243, -82.73794 27.70243, -82.73789 27.70089, -82.7379 27.69947, -82.73787 27.69885, -82.73789 27.69879, -82.73786 27.69879, -82.73789 27.69754, -82.73798 27.69548, -82.73808 27.69347, -82.7381 27.69347, -82.73807 27.69342, -82.73811 27.69257, -82.7382 27.69122, -82.73829 27.68977, -82.73837 27.68952, -82.73847 27.68888, -82.7384 27.68781, -82.73849 27.6878, -82.73846 27.6877, -82.73848 27.6867, -82.73854 27.68516, -82.73851 27.68415, -82.73856 27.68359, -82.73862 27.68359, -82.73863 27.68349, -82.73855 27.68329, -82.7385 27.68323))"
Sanibel Island (East),97,95,116,Lee,CW,6.04,0.59136213,5,290,9.6,LOW,0.062,1.5061442,3,LOW,0,999.999,0,not present,0,0,NO,NO,"MULTILINESTRING ((-82.08005 26.42186, -82.07876 26.42185, -82.07739 26.42189, -82.07624 26.42199, -82.07499 26.42212, -82.0743 26.42225, -82.07338 26.42235, -82.07116 26.42279, -82.06886 26.42338, -82.06752 26.42385, -82.06641 26.4242, -82.06587 26.42443, -82.06517 26.42464, -82.06386 26.42512, -82.06238 26.42579, -82.0605 26.42655, -82.05938 26.42702, -82.05859 26.42737, -82.05778 26.42771, -82.05707 26.42804, -82.05637 26.42839, -82.05554 26.42878, -82.05399 26.42952, -82.0531 26.42995, -82.05254 26.43032, -82.05201 26.43062, -82.05141 26.43089, -82.05081 26.43121, -82.04988 26.43167, -82.04928 26.43197, -82.04842 26.43245, -82.04732 26.433, -82.04649 26.43349, -82.04552 26.43397, -82.04456 26.43453, -82.04387 26.43492, -82.04323 26.43529, -82.0423 26.43578, -82.04147 26.43621, -82.0406 26.43672, -82.0396 26.4372, -82.03867 26.43767, -82.03798 26.43809, -82.03703 26.43865, -82.03583 26.43928, -82.03455 26.43995, -82.03381 26.44036, -82.03336 26.4406, -82.03275 26.44093, -82.03201 26.44131, -82.03128 26.44172, -82.02973 26.44253, -82.02879 26.44307, -82.02793 26.4436, -82.02712 26.44406, -82.0264 26.44441, -82.02546 26.44491, -82.02448 26.44547, -82.02367 26.44597, -82.02241 26.44677, -82.02172 26.44725, -82.02029 26.44813, -82.01948 26.44867, -82.01863 26.44925, -82.01778 26.44975, -82.01718 26.45011, -82.01636 26.45057, -82.01541 26.4512, -82.01474 26.45173, -82.01418 26.45232, -82.01385 26.45269, -82.0137 26.453, -82.01365 26.45335, -82.01386 26.45356, -82.01415 26.4537, -82.01457 26.45404, -82.01483 26.45419, -82.01515 26.45437, -82.01551 26.45447, -82.01585 26.45441, -82.01629 26.45428, -82.01668 26.45414, -82.01707 26.45394, -82.01719 26.45387, -82.01764 26.45357, -82.018 26.45349, -82.01869 26.45338, -82.01927 26.45296, -82.0206 26.45281, -82.02144 26.45268, -82.02243 26.45272))"
Sanibel Island (West),77,82,120,Lee,CW,23.43,0.26468529,5,1230,10.5,MED,0.592,1.25361284,31,MED,0,999.999,0,not present,0,1,NO,YES,"MULTILINESTRING ((-82.18218 26.48247, -82.18211 26.48194, -82.18209 26.48156, -82.18194 26.4812, -82.18181 26.48079, -82.18157 26.48038, -82.18126 26.47996, -82.18101 26.47966, -82.1808 26.47937, -82.1804 26.4788, -82.17991 26.47822, -82.17952 26.4777, -82.17907 26.47725, -82.17879 26.47688, -82.17852 26.47654, -82.17809 26.47595, -82.17786 26.47551, -82.17753 26.47512, -82.17711 26.47467, -82.17678 26.47426, -82.17626 26.47351, -82.17568 26.47272, -82.1749 26.47181, -82.17434 26.47146, -82.17402 26.47104, -82.17379 26.47079, -82.17342 26.4705, -82.17317 26.47014, -82.1729 26.46989, -82.17261 26.46956, -82.17225 26.46925, -82.17195 26.46891, -82.17151 26.46856, -82.17117 26.46825, -82.17075 26.46787, -82.17043 26.4676, -82.17007 26.46727, -82.16964 26.46695, -82.1692 26.46667, -82.16869 26.46637, -82.16825 26.46596, -82.16779 26.46556, -82.16738 26.46524, -82.16691 26.46491, -82.16639 26.4646, -82.16584 26.46421, -82.16534 26.46388, -82.16492 26.46351, -82.16448 26.46313, -82.16359 26.46246, -82.16267 26.46185, -82.1618 26.46128, -82.16156 26.46116, -82.16097 26.46081, -82.16056 26.46057, -82.16022 26.46038, -82.15965 26.46019, -82.15915 26.4599, -82.15809 26.45937, -82.15692 26.45875, -82.15583 26.45807, -82.15501 26.45758, -82.15366 26.45682, -82.15211 26.45581, -82.15059 26.45476, -82.14925 26.45383, -82.14824 26.45321, -82.14725 26.45261, -82.14656 26.45216, -82.14577 26.45169, -82.14512 26.45127, -82.14455 26.45081, -82.14397 26.45034, -82.14305 26.44978, -82.14223 26.44923, -82.14163 26.44878, -82.14109 26.44836, -82.14049 26.44799, -82.13986 26.44753, -82.13928 26.44712, -82.13876 26.44668, -82.13807 26.44617, -82.13743 26.44566, -82.13649 26.44485, -82.13581 26.44417, -82.1352 26.44364, -82.13428 26.44277, -82.13345 26.442, -82.13227 26.44096, -82.1317 26.44034, -82.13065 26.43943, -82.13005 26.43891, -82.12938 26.43836, -82.12886 26.43781, -82.12796 26.43732, -82.12706 26.4367, -82.12587 26.43603, -82.12482 26.43561, -82.12406 26.43525, -82.12344 26.43495, -82.12251 26.43443, -82.12189 26.43408, -82.12106 26.43378, -82.12018 26.43334, -82.11928 26.43297, -82.11883 26.43276, -82.11799 26.43243, -82.11739 26.43213, -82.1168 26.43185, -82.11615 26.43162, -82.11533 26.43131, -82.11426 26.43089, -82.11326 26.43053, -82.11224 26.43017, -82.11091 26.42971, -82.11024 26.42945, -82.10963 26.42913, -82.10917 26.42886, -82.10827 26.42852, -82.10741 26.42825, -82.10644 26.42793, -82.10577 26.42776, -82.1051 26.42753, -82.10447 26.42728, -82.10392 26.42712, -82.10326 26.42687, -82.10259 26.42661, -82.10169 26.42638, -82.10091 26.42611, -82.10015 26.42584, -82.0993 26.42553, -82.09838 26.42522, -82.09778 26.42495, -82.09687 26.42458, -82.09572 26.4243, -82.09469 26.42403, -82.09375 26.42373, -82.0929 26.42354, -82.09231 26.42334, -82.0912 26.42316, -82.08959 26.42283, -82.08851 26.42264, -82.08759 26.42251, -82.08696 26.42242, -82.08618 26.42231, -82.08506 26.42212, -82.08416 26.42208, -82.08271 26.42192, -82.08193 26.42185, -82.08107 26.42187, -82.08005 26.42186))"
Sea Oat Island,11.5,4,2.5,Collier,SW,18.335,0.04280821,2,33,0.9,MED,0,999.999,0,not present,0,999.999,0,not present,0,0,NO,NO,"MULTILINESTRING ((-81.7481 25.98685, -81.74764 25.98534, -81.74723 25.98409, -81.74688 25.9831, -81.74641 25.98166, -81.746 25.9804))"
Sebastian Inlet State Park (Brevard County),76,74,83,Brevard,CE,183.878,0.3016884,5,1471,1.6,HIGH,84.378,0.96840504,675,HIGH,2.378,0.68103964,19,MED,0,2,NO,YES,"MULTILINESTRING ((-80.45433 27.87459, -80.45301 27.87215, -80.4525 27.87137, -80.45109 27.86874, -80.45035 27.86749, -80.44847 27.86444, -80.44755 27.86291, -80.44657 27.86192))"
Sebastian Inlet State Park (Indian River County),140,175,121,Indian River,CE,154.562,0.21102888,5,2473,3.2,MED,11.626,0.66859761,186,HIGH,1.126,0.31390265,18,MED,0,0,NO,NO,"MULTILINESTRING ((-80.44692 27.85996, -80.44621 27.85796, -80.44566 27.85695, -80.44501 27.85592, -80.44347 27.85309, -80.44338 27.85291, -80.44264 27.85141, -80.44099 27.84836, -80.43996 27.84639, -80.43934 27.8452, -80.43849 27.84358, -80.43752 27.84192, -80.43715 27.84112, -80.43662 27.84007, -80.43613 27.83914, -80.4351 27.83726, -80.43431 27.83583, -80.43293 27.83326))"
Siesta Key,146,125,85,Sarasota,CW,27.734,0.38009663,5,1248,9,MED,0.42,0.88576549,19,MED,0,999.999,0,not present,0,0,NO,NO,"MULTILINESTRING ((-82.53594 27.24621, -82.53596 27.2469, -82.53626 27.24761, -82.53672 27.24917, -82.53775 27.25114, -82.53928 27.25397, -82.54164 27.25696, -82.54258 27.25799, -82.54408 27.2594, -82.54542 27.26062, -82.54673 27.26169, -82.54841 27.26268, -82.5497 27.26347, -82.5506 27.26394, -82.55317 27.26551, -82.55529 27.26649, -82.5575 27.26735, -82.5597 27.26775, -82.56098 27.26833, -82.56155 27.26836, -82.56207 27.26862, -82.56314 27.26963, -82.56364 27.2702, -82.56436 27.27099, -82.56475 27.27156, -82.56542 27.27215, -82.56605 27.27249, -82.5675 27.27359, -82.56791 27.2747, -82.56852 27.27527, -82.56914 27.27601, -82.56935 27.27648, -82.56911 27.2767, -82.56924 27.27781, -82.56983 27.27892))"
Siesta Key (South),114,76,63,Sarasota,CW,27.734,0.38009663,5,1248,9,MED,0.42,0.88576549,19,MED,0,999.999,0,not present,0,0,NO,NO,"MULTILINESTRING ((-82.52644 27.23593, -82.52631 27.23579, -82.52589 27.23531, -82.52547 27.23455, -82.52469 27.23317, -82.52356 27.23122, -82.52241 27.22917, -82.52147 27.22719, -82.52053 27.22523, -82.51952 27.22315, -82.51893 27.22196, -82.51822 27.22059, -82.51787 27.21993, -82.51701 27.21829, -82.51666 27.21734, -82.51626 27.21639, -82.51586 27.21558, -82.51539 27.21457, -82.51495 27.21374, -82.51456 27.21288, -82.5138 27.21125, -82.51297 27.2098, -82.51213 27.20842))"
Singer Island North,11.5,68,69,Palm Beach,SE,552.772,0.22773106,5,5638,2.04,HIGH,185.338,0.48451042,1897,HIGH,6.634,0.40062968,68,HIGH,0,0,NO,NO,"MULTILINESTRING ((-80.03505 26.81295, -80.03497 26.81272, -80.03491 26.81245, -80.03479 26.81211, -80.03468 26.81182, -80.03462 26.81156, -80.03455 26.81124, -80.03445 26.81094, -80.0344 26.81076, -80.03435 26.81039, -80.03433 26.81012, -80.03427 26.80986, -80.03421 26.80942, -80.03418 26.80921, -80.03412 26.80889, -80.03411 26.80889, -80.03412 26.80887, -80.03409 26.80867, -80.03406 26.80857, -80.03402 26.80841, -80.03395 26.80822, -80.0339 26.80804, -80.03385 26.80783, -80.0338 26.80762, -80.03377 26.80744, -80.03373 26.80721, -80.0337 26.80697, -80.03362 26.80677, -80.03355 26.80655, -80.0335 26.80636, -80.03347 26.80609, -80.03347 26.80587, -80.03344 26.80565, -80.03336 26.8054, -80.03326 26.80516, -80.03317 26.80488, -80.03311 26.80465, -80.03301 26.8043, -80.03294 26.8039, -80.03283 26.80358, -80.03277 26.80323, -80.03274 26.80298, -80.03269 26.80277, -80.03263 26.8025, -80.03258 26.80233, -80.03255 26.80211, -80.03251 26.80199, -80.03247 26.80178, -80.03244 26.80151, -80.03239 26.80135, -80.03235 26.80124, -80.03228 26.801, -80.03219 26.80075, -80.03211 26.80052, -80.03205 26.80031, -80.03202 26.80012, -80.03198 26.79992, -80.03198 26.79991, -80.03196 26.79976, -80.03192 26.79958, -80.03191 26.79952, -80.03188 26.79938, -80.03188 26.79934, -80.03183 26.7991, -80.0318 26.79887, -80.03181 26.79858, -80.03178 26.79844, -80.03176 26.79835, -80.03169 26.798, -80.03164 26.79777, -80.03158 26.7976, -80.03154 26.79738, -80.03153 26.79722, -80.03147 26.79695, -80.03141 26.79659, -80.03145 26.79644, -80.03147 26.79622, -80.03151 26.79602, -80.03156 26.7958, -80.03165 26.79553, -80.03174 26.79534, -80.03182 26.79518, -80.03194 26.79501, -80.03197 26.79476, -80.03197 26.79475))"
Singer Island South,41,56,95,Palm Beach,SE,145.5,0.22663499,5,873,1.2,MED,10.668,1.15270885,64,HIGH,7.332,0.48468044,44,HIGH,0,0,NO,NO,"MULTILINESTRING ((-80.03208 26.79273, -80.03215 26.79248, -80.03218 26.79216, -80.03221 26.79195, -80.03227 26.79166, -80.03232 26.79132, -80.03232 26.79103, -80.03232 26.79085, -80.03231 26.79059, -80.03228 26.79036, -80.03227 26.79019, -80.03225 26.79, -80.03225 26.78983, -80.03226 26.78956, -80.03223 26.78928, -80.03219 26.78898, -80.03217 26.78866, -80.03217 26.78839, -80.03216 26.78812, -80.03215 26.78787, -80.03214 26.78753, -80.03214 26.78725, -80.03214 26.78699, -80.03215 26.78672, -80.03215 26.78653, -80.03215 26.78629, -80.03214 26.78597, -80.0321 26.78563, -80.03206 26.78493, -80.03202 26.78462, -80.03199 26.78437, -80.03194 26.784, -80.03193 26.78375, -80.03192 26.78363, -80.03191 26.78347, -80.03189 26.78326, -80.03185 26.78287, -80.0318 26.78249, -80.03173 26.78216, -80.03169 26.78176, -80.03168 26.78146))"
Sloans Curve,45,77,137,Palm Beach,SE,291.474,0.21068926,5,2769,1.9,HIGH,22.736,0.74763756,216,HIGH,3.262,0.98992523,31,HIGH,0,0,NO,NO,"MULTILINESTRING ((-80.03708 26.64675, -80.03713 26.64445, -80.03724 26.64342, -80.03725 26.64192, -80.0372 26.64158, -80.0372 26.64125, -80.03721 26.64088, -80.03723 26.64032, -80.03729 26.6392, -80.03742 26.63826, -80.03728 26.63769, -80.03733 26.6372, -80.03734 26.63657, -80.03733 26.63634, -80.03729 26.6359, -80.03723 26.63554, -80.0372 26.63501, -80.03726 26.63428, -80.03717 26.63327, -80.03704 26.63252, -80.03705 26.63222, -80.03707 26.63201, -80.037 26.63088, -80.03696 26.6294, -80.03704 26.62941))"
Smathers Beach (Key West),172,170,161,Monroe,SE,1.626,0.51478256,5,13,1.6,LOW,0.126,2.23606798,1,LOW,0,999.999,0,not present,0,0,NO,NO,"MULTILINESTRING ((-81.77551 24.55043, -81.7751 24.55044, -81.77473 24.55038, -81.77449 24.55052, -81.77423 24.55061, -81.77386 24.55073, -81.77352 24.55082, -81.77311 24.55094, -81.77274 24.55103, -81.77238 24.55111, -81.77216 24.55113, -81.77206 24.55108, -81.77183 24.55108, -81.77166 24.55117, -81.77142 24.55128, -81.77109 24.5514, -81.77079 24.55151, -81.77047 24.55161, -81.77017 24.55169, -81.7699 24.55175, -81.76969 24.55178, -81.76945 24.5518, -81.76929 24.55178, -81.76921 24.55174, -81.76908 24.55172, -81.76888 24.55181, -81.76863 24.55189, -81.76834 24.55194, -81.76809 24.55195, -81.76791 24.55197, -81.76766 24.55201, -81.7674 24.55209, -81.76721 24.55214, -81.76696 24.55219, -81.76667 24.55223, -81.76639 24.55225, -81.7661 24.55225, -81.76557 24.55246))"
Sombrero Beach,36,24,90,Monroe,SE,8,2.23606798,5,12,0.3,LOW,0,999.999,0,not present,0,999.999,0,not present,0,0,NO,NO,"MULTILINESTRING ((-81.08268 24.69195, -81.0828 24.69202, -81.0829 24.69206, -81.08303 24.69206, -81.08317 24.692, -81.08335 24.692, -81.08351 24.69202, -81.0838 24.69196, -81.08387 24.6919, -81.084 24.69176, -81.08409 24.69172, -81.08419 24.69172, -81.08429 24.69176, -81.08435 24.69184, -81.08443 24.69187, -81.0849 24.69179, -81.08512 24.69172, -81.08564 24.69154, -81.08599 24.69139, -81.08631 24.6912, -81.08657 24.691, -81.08663 24.69098))"
South Brevard County,203,196,191,Brevard,CE,594.664,0.15242113,5,62440,21,HIGH,247.942,0.76409224,26034,HIGH,1.896,0.3062162,199,MED,0,1,NO,YES,"MULTILINESTRING ((-80.54532 28.04335, -80.54117 28.03473, -80.54023 28.03296, -80.53975 28.03192, -80.53859 28.02945, -80.53789 28.02791, -80.53687 28.02578, -80.53653 28.0251, -80.53426 28.02063, -80.53342 28.01853, -80.52848 28.00866, -80.52601 28.00399, -80.52431 28.00062, -80.52207 27.99639, -80.52013 27.99272, -80.51869 27.9901, -80.51837 27.98937, -80.51664 27.98589, -80.51569 27.98377, -80.51352 27.97969, -80.51147 27.9755, -80.50942 27.97142, -80.50783 27.96843, -80.50712 27.96705, -80.50619 27.96535, -80.50414 27.96191, -80.50251 27.95905, -80.49897 27.95262, -80.49788 27.95071, -80.49621 27.94753, -80.49406 27.9435, -80.49191 27.93953, -80.49148 27.93876, -80.48964 27.93557, -80.48906 27.93467, -80.48665 27.93036, -80.48534 27.9279, -80.48504 27.92737, -80.48457 27.92672, -80.48159 27.92142, -80.48044 27.91947, -80.47814 27.91552, -80.47758 27.91462, -80.47545 27.911, -80.47365 27.90784, -80.47292 27.9067, -80.47076 27.90306, -80.46838 27.89906, -80.46768 27.89794, -80.46624 27.89567, -80.46302 27.8901, -80.46207 27.88844, -80.46107 27.8867, -80.45952 27.88394, -80.45634 27.87819, -80.45457 27.87506, -80.45433 27.87459))"
South Cocoa Beach,110,124,78,Brevard,CE,100.688,0.30010939,5,1611,3.2,MED,1.126,1.13710724,18,MED,0.186,0.91287093,3,MED,0,0,NO,NO,"MULTILINESTRING ((-80.60727 28.30143, -80.60724 28.30049, -80.60722 28.29944, -80.60721 28.29846, -80.60718 28.29731, -80.6072 28.29667, -80.60714 28.29581, -80.60711 28.29439, -80.60699 28.29337, -80.60696 28.29238, -80.60686 28.29093, -80.60682 28.29016, -80.60675 28.28942, -80.60669 28.28816, -80.60651 28.28585, -80.60643 28.28471, -80.60631 28.28335, -80.60629 28.28298, -80.6062 28.28147, -80.60599 28.27947, -80.60587 28.27801, -80.60575 28.27639, -80.60568 28.27545, -80.60558 28.27467, -80.60551 28.27397, -80.60544 28.27329, -80.60544 28.27284, -80.60537 28.27233, -80.60536 28.27197))"
South Flagler County Beaches,132,123,145,Flagler,NO,19.134,0.20392365,5,928,9.7,HIGH,3.424,0.71963707,166,MED,0.248,0.62753129,12,MED,0,1,NO,YES,"MULTILINESTRING ((-81.17646 29.58453, -81.1757 29.58263, -81.17455 29.58001, -81.17367 29.57798, -81.17285 29.57608, -81.17214 29.57423, -81.17181 29.57338, -81.17105 29.5716, -81.17031 29.56991, -81.17029 29.56979, -81.17029 29.56979, -81.17017 29.56959, -81.16931 29.56759, -81.16856 29.56587, -81.16853 29.5658, -81.16842 29.56556, -81.16684 29.56222, -81.166 29.56027, -81.16532 29.5589, -81.16529 29.55881, -81.16474 29.55765, -81.16376 29.55547, -81.16292 29.55371, -81.16227 29.55235, -81.16202 29.55195, -81.16196 29.55176, -81.16137 29.55052, -81.1605 29.54875, -81.15963 29.5468, -81.15883 29.54525, -81.1584 29.54443, -81.15834 29.54432, -81.15768 29.54292, -81.1569 29.54124, -81.15619 29.53986, -81.1554 29.53813, -81.15505 29.53749, -81.15485 29.53726, -81.15478 29.53714, -81.15416 29.53575, -81.15311 29.53364, -81.15233 29.53212, -81.15159 29.53067, -81.1513 29.53015, -81.15122 29.53005, -81.15055 29.52861, -81.1494 29.52623, -81.14835 29.52431, -81.14783 29.52327, -81.1476 29.52294, -81.14752 29.52271, -81.14741 29.52259, -81.14732 29.5224, -81.14705 29.52177, -81.14668 29.521, -81.14629 29.52017, -81.14595 29.51948, -81.1456 29.5189, -81.14503 29.5178, -81.14455 29.51672, -81.14446 29.5165, -81.14435 29.51631, -81.14389 29.51533, -81.14281 29.51333, -81.1416 29.51083, -81.14091 29.50954, -81.14087 29.50946, -81.14073 29.50915))"
South Indian River County Beaches,184,180,159,Indian River,CE,137.038,0.10153045,5,5139,7.5,MED,6.318,0.69851104,237,MED,1.76,0.23041156,66,MED,0,0,NO,NO,"MULTILINESTRING ((-80.3459 27.62041, -80.34564 27.61981, -80.34531 27.61915, -80.34502 27.61863, -80.34491 27.61843, -80.34476 27.61819, -80.3445 27.61783, -80.34437 27.61764, -80.34423 27.61744, -80.34409 27.61718, -80.34394 27.61689, -80.34376 27.61662, -80.34357 27.61634, -80.34335 27.61602, -80.3432 27.6158, -80.34311 27.61559, -80.34304 27.61538, -80.34293 27.61519, -80.34281 27.61503, -80.34266 27.61491, -80.34253 27.61472, -80.34244 27.61454, -80.34234 27.61437, -80.34216 27.61419, -80.34203 27.61407, -80.34189 27.6139, -80.34175 27.6137, -80.34162 27.6135, -80.34154 27.61337, -80.34095 27.61276, -80.34062 27.61235, -80.34026 27.61186, -80.33998 27.61146, -80.33969 27.61107, -80.33934 27.61059, -80.33903 27.61009, -80.33837 27.60932, -80.33803 27.6089, -80.33711 27.60788, -80.3367 27.60741, -80.33637 27.60704, -80.3362 27.60682, -80.33602 27.60656, -80.33569 27.60607, -80.3355 27.60577, -80.33511 27.60516, -80.33462 27.60438, -80.33441 27.60402, -80.33428 27.60374, -80.33401 27.60327, -80.33364 27.60263, -80.33331 27.60203, -80.33315 27.60172, -80.33277 27.60101, -80.33254 27.60052, -80.33218 27.59974, -80.3318 27.59905, -80.33151 27.59851, -80.33105 27.59737, -80.3306 27.59604, -80.33033 27.59532, -80.33024 27.59504, -80.3302 27.59473, -80.33014 27.59417, -80.33006 27.59388, -80.32998 27.59361, -80.32992 27.5934, -80.32987 27.59319, -80.32979 27.59291, -80.32968 27.59256, -80.32963 27.5923, -80.32954 27.59201, -80.32937 27.59152, -80.3291 27.59019, -80.3289 27.5893, -80.32866 27.58859, -80.32851 27.58787, -80.32837 27.58726, -80.32824 27.58667, -80.32811 27.5862, -80.32801 27.58578, -80.32789 27.58515, -80.32776 27.58451, -80.32756 27.58377, -80.32737 27.58293, -80.32731 27.58255, -80.32712 27.58171, -80.32692 27.58087, -80.32677 27.5801, -80.32661 27.57926, -80.32635 27.57817, -80.32613 27.57709, -80.326 27.57638, -80.32591 27.576, -80.32584 27.57556, -80.32581 27.57511, -80.32572 27.57457, -80.32566 27.57397, -80.32554 27.57349, -80.32536 27.57274, -80.32524 27.57182, -80.32513 27.57114, -80.32497 27.57066, -80.32485 27.57005, -80.3248 27.56985, -80.32466 27.56927, -80.32443 27.56844, -80.32408 27.56717, -80.32365 27.56578, -80.32294 27.56318, -80.32284 27.56291, -80.32262 27.56204, -80.32245 27.56143, -80.32236 27.561, -80.32212 27.55951, -80.32185 27.55859, -80.32168 27.55798, -80.32157 27.55729))"
South Palm Beach,44,133,166,Palm Beach,SE,265.758,0.26653876,5,4385,3.3,HIGH,18.848,0.54831914,311,HIGH,2.058,0.64506455,34,MED,0,0,NO,NO,"MULTILINESTRING ((-80.0365 26.61165, -80.03654 26.61129, -80.0366 26.61103, -80.03666 26.61078, -80.03666 26.61059, -80.03667 26.61039, -80.03668 26.61021, -80.03667 26.60986, -80.03661 26.60973, -80.03659 26.60916, -80.03666 26.60803, -80.03666 26.60756, -80.03666 26.60733, -80.03665 26.60707, -80.03666 26.60693, -80.03668 26.60675, -80.03667 26.60652, -80.03668 26.6062, -80.0367 26.60581, -80.03672 26.60553, -80.03674 26.60531, -80.03673 26.60504, -80.03675 26.60468, -80.03679 26.60446, -80.03685 26.60386, -80.0368 26.60312, -80.0368 26.59899, -80.03671 26.59887, -80.03665 26.59868, -80.03665 26.59835, -80.03666 26.59805, -80.03668 26.59781, -80.03675 26.59753, -80.03676 26.59745, -80.03677 26.59704, -80.03682 26.59704, -80.03681 26.59671, -80.03687 26.59641, -80.03686 26.59625, -80.03686 26.59606, -80.03684 26.59561, -80.03689 26.59524, -80.0369 26.595, -80.03694 26.59458, -80.037 26.59422, -80.03699 26.59394, -80.037 26.59371, -80.03702 26.5933, -80.0371 26.59285, -80.03711 26.59254, -80.03714 26.59208, -80.03716 26.59145, -80.03715 26.5912, -80.03734 26.58875, -80.03749 26.58663, -80.03749 26.58599))"
St. George Island,89,101,111,Franklin,NW,11.404,0.42931421,5,912,16,HIGH,0.102,1.62046694,8,LOW,0.05,2.23606798,4,LOW,0,0,NO,NO,"MULTILINESTRING ((-84.79676 29.68264, -84.79767 29.68215, -84.79928 29.68155, -84.7999 29.68132, -84.80093 29.68097, -84.80108 29.68086, -84.80133 29.68082, -84.80159 29.68063, -84.80199 29.68058, -84.8025 29.68034, -84.80378 29.67999, -84.8041 29.67987, -84.80464 29.67966, -84.80579 29.67927, -84.80605 29.67918, -84.80644 29.679, -84.80699 29.67882, -84.80771 29.67857, -84.80849 29.67829, -84.80864 29.67822, -84.80915 29.67812, -84.80988 29.67789, -84.81043 29.67766, -84.81064 29.67762, -84.81106 29.67741, -84.81151 29.67728, -84.81166 29.6772, -84.81207 29.67708, -84.81264 29.67689, -84.81327 29.6767, -84.81388 29.67649, -84.81427 29.6764, -84.81484 29.67621, -84.81541 29.67595, -84.81587 29.67574, -84.81601 29.67571, -84.81638 29.67552, -84.81712 29.67526, -84.81789 29.675, -84.81849 29.67483, -84.81881 29.67476, -84.81924 29.67457, -84.81957 29.67447, -84.82013 29.67425, -84.82029 29.67419, -84.82073 29.67407, -84.82153 29.67382, -84.82191 29.67372, -84.82216 29.67363, -84.82273 29.67342, -84.82363 29.6732, -84.8241 29.67308, -84.82432 29.673, -84.82482 29.67287, -84.82545 29.6727, -84.82604 29.6726, -84.82663 29.67247, -84.82726 29.67235, -84.82778 29.67229, -84.82805 29.67222, -84.82831 29.67211, -84.82898 29.67198, -84.82963 29.67183, -84.8303 29.67169, -84.83046 29.67166, -84.83094 29.67159, -84.83132 29.67147, -84.83176 29.67132, -84.83223 29.67119, -84.83288 29.67104, -84.83346 29.67091, -84.83413 29.67072, -84.83472 29.67052, -84.83521 29.67042, -84.83571 29.67027, -84.83617 29.67009, -84.8368 29.6699, -84.83737 29.66971, -84.83791 29.66956, -84.83842 29.66947, -84.83902 29.66937, -84.83938 29.66931, -84.83982 29.66913, -84.84037 29.669, -84.84091 29.66884, -84.84138 29.66865, -84.84173 29.66858, -84.84257 29.66828, -84.8432 29.66809, -84.84364 29.66797, -84.84413 29.66785, -84.84461 29.66766, -84.84535 29.66744, -84.84577 29.66731, -84.84646 29.66711, -84.84686 29.66697, -84.84728 29.66687, -84.84755 29.66674, -84.84797 29.66657, -84.84852 29.66641, -84.84928 29.6661, -84.84949 29.66599, -84.84967 29.66597, -84.84997 29.66589, -84.85056 29.66573, -84.85102 29.6656, -84.85119 29.66556, -84.85169 29.66533, -84.85213 29.66518, -84.8523 29.66514, -84.85245 29.66504, -84.85285 29.66495, -84.85333 29.66483, -84.85348 29.66476, -84.85381 29.66473, -84.85406 29.66463, -84.85425 29.66459, -84.85469 29.6644, -84.85518 29.66419, -84.85594 29.66393, -84.85665 29.66367, -84.85692 29.66356, -84.85734 29.66348, -84.85793 29.6633, -84.85831 29.66313, -84.85864 29.66306, -84.85919 29.66281, -84.85995 29.66254, -84.86058 29.66223, -84.86111 29.66202, -84.86163 29.6618, -84.86214 29.66162, -84.8625 29.66148, -84.86302 29.66125, -84.86349 29.66108, -84.86405 29.66082, -84.86487 29.6605, -84.86549 29.66022, -84.86599 29.6601, -84.86656 29.65984, -84.86683 29.65977, -84.86719 29.65963, -84.8674 29.65947, -84.86805 29.65919, -84.86852 29.65894, -84.86904 29.65882, -84.86942 29.65866, -84.86997 29.6584, -84.87037 29.65826, -84.87075 29.65808, -84.87163 29.65771, -84.87235 29.65741, -84.87291 29.65715, -84.87357 29.65687, -84.87424 29.65659, -84.87481 29.65631, -84.87529 29.6562, -84.87569 29.65601, -84.87643 29.65569, -84.87689 29.65545, -84.87719 29.65534, -84.87771 29.65513, -84.87805 29.65494, -84.87826 29.65479, -84.87873 29.65453, -84.87927 29.65435, -84.87978 29.65414, -84.88045 29.65386, -84.8808 29.65371, -84.88108 29.65358, -84.88155 29.65337, -84.882 29.65319, -84.88211 29.65314, -84.88258 29.65293, -84.88267 29.65287, -84.88313 29.65256, -84.88349 29.65244, -84.88393 29.65228, -84.88429 29.65207, -84.8846 29.65183, -84.8849 29.65166, -84.88519 29.65153, -84.88561 29.65138, -84.88602 29.65116, -84.88661 29.65086, -84.88684 29.65072, -84.88713 29.65055, -84.88756 29.65031, -84.8881 29.6501, -84.88842 29.65, -84.88873 29.64982, -84.88899 29.64972, -84.88939 29.64952, -84.88971 29.64928, -84.88979 29.64922, -84.89011 29.64901, -84.8903 29.6489, -84.89077 29.64865, -84.89128 29.64848, -84.89156 29.64834, -84.89197 29.64806, -84.89318 29.64753, -84.89371 29.64719, -84.89398 29.64703, -84.89429 29.64683, -84.89474 29.64662, -84.8948 29.64655, -84.89513 29.64637, -84.89565 29.64618, -84.89597 29.64597, -84.89641 29.64577, -84.89662 29.64563, -84.89696 29.6454, -84.89736 29.64511, -84.89764 29.64495, -84.898 29.64485, -84.8981 29.64482, -84.89822 29.64472, -84.89846 29.64455, -84.89878 29.64442, -84.89909 29.64421, -84.89928 29.64401, -84.89988 29.64368, -84.90047 29.64341, -84.90095 29.64311, -84.90135 29.64283, -84.90153 29.64274, -84.90187 29.64259, -84.90198 29.64249, -84.90211 29.64242, -84.9026 29.64223, -84.90268 29.64219, -84.90308 29.64203, -84.90322 29.64187, -84.90341 29.64176, -84.90393 29.64152, -84.90423 29.64129, -84.90433 29.64122, -84.90473 29.641, -84.90494 29.64086, -84.90514 29.64079, -84.90536 29.6407, -84.90578 29.64047, -84.90598 29.64031, -84.90616 29.64026, -84.9067 29.6399, -84.90721 29.63959, -84.90768 29.63936, -84.9078 29.63926, -84.90836 29.63904, -84.90872 29.63881, -84.90886 29.63874, -84.9096 29.63842, -84.91017 29.63817, -84.91045 29.63794, -84.91101 29.63768, -84.9116 29.63738, -84.91222 29.63706, -84.91273 29.63674, -84.91316 29.63653, -84.91357 29.63626, -84.91395 29.63611, -84.91406 29.63603, -84.91428 29.63596, -84.91603 29.63507, -84.91643 29.63484, -84.91704 29.63455, -84.91766 29.63415, -84.91837 29.63375, -84.91877 29.63352, -84.91896 29.63346, -84.91934 29.63331, -84.91972 29.63309, -84.92004 29.63293, -84.92019 29.63279, -84.9205 29.63258, -84.92095 29.63233, -84.92124 29.63217, -84.92137 29.63204, -84.92192 29.6318, -84.92238 29.63164, -84.92249 29.63153, -84.92265 29.63148, -84.92278 29.63136, -84.92297 29.63129, -84.92325 29.63109, -84.92361 29.63084, -84.92396 29.6307, -84.92422 29.63057, -84.92483 29.63019, -84.92517 29.62988, -84.92561 29.62965, -84.9257 29.6296, -84.92599 29.62944, -84.92622 29.62935, -84.92679 29.62905, -84.92729 29.62879, -84.9274 29.62873, -84.92797 29.62839, -84.92817 29.62832, -84.9285 29.62811, -84.9289 29.62784, -84.92898 29.62778, -84.92907 29.62775, -84.92935 29.62762, -84.92986 29.62737, -84.93029 29.62713, -84.93059 29.62695, -84.93063 29.62691, -84.93074 29.62687, -84.93103 29.62671, -84.93173 29.62625, -84.93194 29.6262, -84.9323 29.62602, -84.93283 29.62563, -84.93316 29.62545, -84.93367 29.62519, -84.93418 29.6249, -84.93477 29.62453, -84.9354 29.62419, -84.93582 29.62398, -84.93617 29.62391, -84.93647 29.62377, -84.93679 29.62357, -84.93687 29.62349, -84.93751 29.62306, -84.93778 29.62297, -84.9381 29.62283, -84.93875 29.62254, -84.93986 29.62204, -84.94082 29.6215, -84.94218 29.62084, -84.94295 29.62045, -84.9431 29.62041, -84.94385 29.62007, -84.94473 29.61962, -84.94668 29.61874, -84.949 29.61765, -84.94957 29.61738, -84.94975 29.6173, -84.95037 29.61695, -84.95129 29.61645, -84.95214 29.61604, -84.95345 29.61537, -84.95443 29.61484, -84.95518 29.61445, -84.95536 29.61436, -84.95564 29.61423, -84.9559 29.6141, -84.95647 29.61377, -84.95696 29.61345, -84.95732 29.6133, -84.95764 29.61306, -84.95781 29.6129))"
St. George Island SP,122,142,143,Franklin,NW,3.974,0.35093293,5,288,14.5,HIGH,0.042,0.91287093,3,LOW,0,999.999,0,not present,0,0,NO,NO,"MULTILINESTRING ((-84.69586 29.77109, -84.69569 29.77097, -84.69546 29.77083, -84.69501 29.77066, -84.69464 29.77044, -84.6943 29.76995, -84.69386 29.76938, -84.69341 29.76885, -84.69325 29.76869, -84.69305 29.76839, -84.69251 29.76771, -84.69181 29.76718, -84.69165 29.76696, -84.69151 29.76644, -84.69145 29.76594, -84.69148 29.7655, -84.69153 29.76512, -84.69174 29.76476, -84.69176 29.76464, -84.6919 29.76424, -84.69203 29.76406, -84.69221 29.76377, -84.69239 29.76368, -84.69245 29.76351, -84.69247 29.7634, -84.69263 29.76323, -84.69295 29.76293, -84.69336 29.76252, -84.69342 29.76237, -84.69428 29.76175, -84.69507 29.76117, -84.69531 29.76093, -84.69559 29.76066, -84.69621 29.76024, -84.69673 29.75976, -84.69729 29.75937, -84.69779 29.75892, -84.69901 29.75794, -84.69931 29.75772, -84.69959 29.75755, -84.69991 29.75728, -84.70044 29.75681, -84.70104 29.75641, -84.70154 29.75597, -84.70213 29.75563, -84.70262 29.75505, -84.70308 29.75476, -84.70339 29.75446, -84.70358 29.75414, -84.70395 29.7539, -84.70437 29.75351, -84.70458 29.75346, -84.7051 29.75301, -84.70541 29.7527, -84.70582 29.75229, -84.70615 29.75195, -84.70653 29.75154, -84.70719 29.751, -84.7076 29.75063, -84.7082 29.75023, -84.7085 29.74995, -84.7088 29.74967, -84.70895 29.7494, -84.70954 29.74885, -84.70955 29.74884, -84.71011 29.74826, -84.71061 29.74762, -84.71115 29.74702, -84.71171 29.74662, -84.71211 29.74615, -84.71246 29.74593, -84.71268 29.74567, -84.71305 29.74526, -84.71344 29.74489, -84.71378 29.74456, -84.71412 29.74422, -84.71458 29.74376, -84.71502 29.74332, -84.71539 29.74298, -84.71575 29.74265, -84.71649 29.74193, -84.7171 29.74139, -84.71733 29.74121, -84.71754 29.74098, -84.71791 29.74071, -84.71889 29.73972, -84.71923 29.73938, -84.7197 29.73884, -84.72006 29.7385, -84.72075 29.73787, -84.72124 29.73745, -84.72155 29.73721, -84.722 29.73679, -84.7226 29.7364, -84.72304 29.73596, -84.72343 29.73552, -84.72348 29.73545, -84.72361 29.73539, -84.72376 29.73525, -84.72407 29.73496, -84.72447 29.7347, -84.72484 29.73442, -84.72523 29.73401, -84.72577 29.7335, -84.72625 29.7331, -84.72647 29.73284, -84.72688 29.73251, -84.72764 29.7319, -84.7282 29.73142, -84.72851 29.73104, -84.72906 29.73073, -84.72953 29.73032, -84.73011 29.72996, -84.73095 29.72918, -84.73182 29.72827, -84.73211 29.72802, -84.73216 29.72795, -84.73245 29.72774, -84.73299 29.72729, -84.7337 29.72668, -84.73426 29.72622, -84.73484 29.72573, -84.73539 29.72519, -84.73596 29.72479, -84.73645 29.72446, -84.7369 29.72409, -84.73716 29.72391, -84.73736 29.72379, -84.73793 29.72322, -84.73891 29.72237, -84.74015 29.72133, -84.74113 29.72054, -84.74204 29.71961, -84.74244 29.71933, -84.74312 29.71881, -84.74417 29.71795, -84.745 29.71739, -84.7454 29.71696, -84.74653 29.71609, -84.74751 29.71519, -84.74821 29.71466, -84.74862 29.71429, -84.74943 29.71361, -84.75027 29.71293, -84.75145 29.71195, -84.75261 29.7109, -84.75362 29.70995, -84.75424 29.70931, -84.75443 29.70912, -84.75511 29.70855, -84.75579 29.70788, -84.75692 29.70682, -84.75817 29.70572, -84.75895 29.70507, -84.75967 29.70441, -84.76066 29.70346, -84.76155 29.70277, -84.76252 29.70193, -84.76348 29.70112, -84.76362 29.701, -84.7643 29.70042, -84.76604 29.69899, -84.76665 29.69846, -84.76727 29.69808, -84.76817 29.69742, -84.76863 29.69706, -84.76964 29.69648, -84.77108 29.69559, -84.77215 29.69497, -84.77333 29.69429, -84.77482 29.69347, -84.77525 29.69325, -84.77587 29.69295, -84.77678 29.69249, -84.778 29.6919, -84.77928 29.69124, -84.78001 29.69083, -84.78104 29.69036, -84.78165 29.68999, -84.78235 29.68963, -84.78377 29.68894, -84.7846 29.68841, -84.78508 29.68816, -84.78563 29.68786, -84.78619 29.68761, -84.78677 29.68728, -84.78729 29.68705, -84.78767 29.68687, -84.78781 29.68682, -84.78807 29.68672, -84.78845 29.68652, -84.78883 29.68631, -84.78919 29.68619, -84.78959 29.68605, -84.78999 29.68582, -84.79052 29.68557, -84.79081 29.68543, -84.79118 29.68518, -84.79175 29.68497, -84.7924 29.68458, -84.79362 29.684, -84.79379 29.68393, -84.7946 29.68352, -84.7952 29.68329, -84.79577 29.68301, -84.79587 29.68297, -84.79676 29.68264))"
St. Joe Beach,118,97,110,Gulf,NW,1.674,0.58480815,5,66,8.44,MED,0.062,2.23606798,2,LOW,0,999.999,0,not present,0,0,NO,NO,"MULTILINESTRING ((-85.38941 29.92488, -85.38848 29.92408, -85.388 29.92359, -85.38753 29.9233, -85.38735 29.92304, -85.38708 29.92272, -85.3869 29.92246, -85.38661 29.92218, -85.38632 29.92192, -85.38601 29.92168, -85.38572 29.92138, -85.38547 29.92112, -85.38537 29.92105, -85.3852 29.92086, -85.38503 29.92069, -85.38492 29.92056, -85.38488 29.92049, -85.38458 29.92032, -85.38422 29.91998, -85.38398 29.9196, -85.38373 29.9194, -85.38356 29.91916, -85.38338 29.91896, -85.38316 29.91876, -85.38288 29.91845, -85.38268 29.91821, -85.38243 29.91797, -85.38215 29.91782, -85.38195 29.91758, -85.38164 29.91736, -85.3813 29.91698, -85.3811 29.9167, -85.38068 29.9163, -85.38026 29.9158, -85.38001 29.91551, -85.37979 29.91534, -85.37961 29.91511, -85.37912 29.91465, -85.37872 29.91425, -85.37848 29.91398, -85.37804 29.91361, -85.37762 29.91315, -85.37734 29.9129, -85.37704 29.91258, -85.37661 29.91209, -85.37618 29.91163, -85.37574 29.91115, -85.37543 29.91087, -85.37519 29.91062, -85.3751 29.91051, -85.3745 29.90993, -85.37421 29.90955, -85.37384 29.90911, -85.3735 29.90887, -85.37334 29.90872, -85.37324 29.90858, -85.37283 29.90823, -85.37245 29.90769, -85.37231 29.90755, -85.37207 29.90739, -85.37149 29.90689, -85.371 29.90633, -85.37051 29.90583, -85.37002 29.90527, -85.36973 29.90489, -85.36937 29.90461, -85.36899 29.90425, -85.36873 29.90395, -85.36828 29.90359, -85.36777 29.90305, -85.36735 29.90249, -85.3669 29.90203, -85.36657 29.90174, -85.36628 29.90139, -85.36607 29.90109, -85.36584 29.90082, -85.3655 29.9005, -85.36529 29.90022, -85.36515 29.90001, -85.36476 29.89965, -85.36461 29.89945, -85.36451 29.89931, -85.36436 29.89913, -85.36422 29.89894, -85.36416 29.89885, -85.36401 29.89866, -85.3638 29.89835, -85.36356 29.89798, -85.36322 29.89759, -85.36289 29.89718, -85.3624 29.89646, -85.36204 29.89595, -85.36163 29.89552, -85.36135 29.89507, -85.36103 29.89453, -85.36037 29.89357, -85.36013 29.8931, -85.36003 29.89291, -85.3599 29.89281, -85.35974 29.89255, -85.35958 29.89228, -85.35935 29.89196, -85.35916 29.89172, -85.35899 29.89141, -85.35876 29.89089, -85.35855 29.89061, -85.35808 29.8899, -85.35802 29.88961, -85.35796 29.88939, -85.35778 29.88908, -85.35763 29.88883, -85.35746 29.88841, -85.35727 29.88799, -85.35712 29.88757, -85.35702 29.8874, -85.35689 29.88714, -85.35675 29.88677, -85.35668 29.88654, -85.35654 29.88628, -85.35638 29.88597, -85.3563 29.88572, -85.35612 29.88549, -85.35599 29.88529, -85.35597 29.88513, -85.35588 29.88492, -85.35565 29.88476, -85.35554 29.88456, -85.35542 29.88431, -85.35536 29.88411, -85.35527 29.88396, -85.35494 29.88354, -85.35472 29.88316, -85.35445 29.88282, -85.35431 29.88252, -85.35418 29.88227, -85.3539 29.88183, -85.35352 29.88122, -85.3533 29.88079, -85.35307 29.88035, -85.35288 29.88005, -85.35277 29.87985, -85.35251 29.87962, -85.35239 29.87949, -85.35218 29.87926, -85.35197 29.87904, -85.35179 29.87885, -85.35161 29.87858, -85.3515 29.8784, -85.35139 29.87823, -85.35129 29.87809, -85.35118 29.87787, -85.35108 29.87766, -85.35094 29.87738, -85.3509 29.87718, -85.35078 29.877, -85.35059 29.87681, -85.35052 29.87669, -85.35046 29.87653, -85.35042 29.8763, -85.3503 29.87605, -85.35012 29.87547, -85.34975 29.87473, -85.34946 29.87394, -85.34913 29.8733, -85.34864 29.87267, -85.3481 29.87227, -85.34804 29.87207, -85.34786 29.87178, -85.34773 29.87142, -85.34751 29.87102, -85.34728 29.87091, -85.34711 29.8706, -85.34702 29.87028, -85.34684 29.86984, -85.34661 29.86926, -85.34643 29.86875, -85.34623 29.86824, -85.34611 29.86762, -85.34587 29.86698, -85.34563 29.86645, -85.3456 29.86632, -85.34554 29.86609, -85.34546 29.8658, -85.34533 29.86555, -85.3452 29.86529, -85.34514 29.86497, -85.34504 29.86443, -85.34464 29.86368, -85.34451 29.86332, -85.34413 29.86226, -85.34389 29.86181, -85.34377 29.8614, -85.34364 29.86084, -85.34344 29.86006, -85.34318 29.85936, -85.34294 29.85856, -85.34271 29.85796, -85.34228 29.85714, -85.34194 29.85662, -85.34166 29.85611, -85.34158 29.85604, -85.34137 29.85579, -85.34083 29.85519, -85.34037 29.85467, -85.34001 29.85421, -85.33964 29.85376, -85.33906 29.85326, -85.33889 29.85293, -85.3385 29.85244, -85.33822 29.85203, -85.33784 29.85167, -85.33775 29.85144, -85.33743 29.85117, -85.33716 29.85073, -85.33702 29.85055))"
St. Joseph Peninsula,53,33,52,Gulf,NW,11.748,0.45359059,5,646,11,HIGH,0.126,1.48117438,7,LOW,0,999.999,0,not present,0,0,NO,NO,"MULTILINESTRING ((-85.40472 29.76418, -85.40471 29.76402, -85.40471 29.7639, -85.4046 29.76371, -85.40445 29.76323, -85.40438 29.76292, -85.40433 29.76271, -85.40423 29.76254, -85.40402 29.76227, -85.40389 29.76199, -85.40384 29.76167, -85.40378 29.76134, -85.40374 29.76115, -85.40356 29.76054, -85.40308 29.75913, -85.40301 29.75827, -85.40271 29.75735, -85.40243 29.75655, -85.40225 29.75609, -85.40209 29.75576, -85.4019 29.75528, -85.40166 29.75456, -85.40145 29.7539, -85.40101 29.75281, -85.40073 29.75224, -85.40064 29.75168, -85.40046 29.75069, -85.40038 29.75038, -85.40033 29.75021, -85.40016 29.74977, -85.39999 29.74917, -85.39981 29.74852, -85.39937 29.74726, -85.39913 29.74627, -85.399 29.74598, -85.39887 29.74562, -85.39871 29.74499, -85.39841 29.74415, -85.39813 29.74326, -85.39791 29.74259, -85.39777 29.7421, -85.39761 29.74183, -85.39752 29.74152, -85.39733 29.74116, -85.39724 29.74065, -85.39697 29.74011, -85.39667 29.73944, -85.39633 29.7386, -85.39595 29.73771, -85.39558 29.73679, -85.39526 29.73591, -85.39485 29.73525, -85.39476 29.73497, -85.3946 29.73447, -85.39445 29.73381, -85.39407 29.73297, -85.39373 29.73226, -85.39338 29.7314, -85.39301 29.73073, -85.39279 29.73024, -85.39275 29.73012, -85.39272 29.73004, -85.39223 29.72855, -85.39177 29.72744, -85.39136 29.72666, -85.39096 29.72581, -85.39051 29.72464, -85.39024 29.72403, -85.38992 29.72346, -85.38955 29.72257, -85.38902 29.72151, -85.38869 29.72059, -85.38804 29.71909, -85.38777 29.71848, -85.38774 29.71839, -85.3877 29.71829, -85.38766 29.71819, -85.38749 29.71765, -85.38711 29.71672, -85.38667 29.71591, -85.38642 29.71519, -85.3861 29.71427, -85.38564 29.71337, -85.38554 29.71319, -85.38519 29.71249, -85.38466 29.71143, -85.38413 29.71026, -85.38367 29.70946, -85.38335 29.70863, -85.38305 29.70781, -85.38301 29.70774, -85.38278 29.70738, -85.38253 29.70685, -85.38232 29.70628, -85.38197 29.70564, -85.38171 29.70498, -85.38151 29.70455, -85.38122 29.70408, -85.38101 29.70358, -85.38077 29.70312, -85.38058 29.70256, -85.38056 29.70249, -85.38044 29.70221, -85.38025 29.70195, -85.38011 29.70167, -85.37994 29.70136, -85.37976 29.70096, -85.37946 29.70034, -85.37912 29.69971, -85.37879 29.69911, -85.37865 29.69869, -85.37845 29.69827, -85.37842 29.69821, -85.37834 29.69799, -85.3781 29.69767, -85.37796 29.69746, -85.37772 29.69709, -85.37747 29.6967, -85.37719 29.69634, -85.37691 29.69598, -85.37677 29.69567, -85.37666 29.69538, -85.37635 29.69494, -85.37618 29.69461, -85.37586 29.69401, -85.3755 29.69337, -85.37522 29.69295, -85.37509 29.69259, -85.37502 29.69238, -85.37475 29.69209, -85.37456 29.69181, -85.37443 29.69146, -85.37416 29.69098, -85.37375 29.69035, -85.37347 29.68987, -85.37314 29.68934, -85.37252 29.68865, -85.37203 29.68797, -85.37164 29.68746, -85.37141 29.68714, -85.37109 29.68673, -85.3708 29.68623, -85.37029 29.68559, -85.36997 29.68508, -85.36941 29.68426, -85.36877 29.68333, -85.36839 29.68279, -85.36785 29.68202, -85.36743 29.6815, -85.36738 29.68144, -85.36712 29.68104, -85.36676 29.68067, -85.36634 29.68026, -85.36613 29.68002, -85.36594 29.6797, -85.36574 29.6792, -85.36551 29.67857, -85.36514 29.67813, -85.36479 29.67775, -85.36433 29.67744, -85.36399 29.67715, -85.36311 29.67654))"
St. Joseph Peninsula State Park,112,107,76,Gulf,NW,7.342,0.48335102,5,525,14.3,HIGH,0.126,1.68508343,9,LOW,0,999.999,0,not present,0,0,NO,NO,"MULTILINESTRING ((-85.38545 29.87597, -85.38528 29.87615, -85.38513 29.87629, -85.38499 29.87643, -85.38485 29.87661, -85.38474 29.87695, -85.38466 29.87728, -85.38465 29.8775, -85.38481 29.87782, -85.38509 29.87796, -85.38571 29.87813, -85.38636 29.87831, -85.38713 29.87848, -85.38767 29.87828, -85.38843 29.87792, -85.38899 29.8776, -85.38942 29.87716, -85.38988 29.87695, -85.39018 29.87676, -85.39058 29.87657, -85.39095 29.87639, -85.39129 29.87626, -85.39186 29.87593, -85.39252 29.87573, -85.39298 29.87552, -85.39384 29.875, -85.39472 29.87464, -85.3955 29.87431, -85.39607 29.8739, -85.39717 29.87356, -85.39755 29.87357, -85.39796 29.8735, -85.39852 29.87372, -85.39909 29.87369, -85.40038 29.87294, -85.40126 29.87239, -85.40145 29.87195, -85.40223 29.87169, -85.40305 29.87099, -85.40424 29.87006, -85.4052 29.86931, -85.40571 29.86865, -85.40588 29.86835, -85.40615 29.86816, -85.40633 29.86786, -85.40656 29.86754, -85.40672 29.86729, -85.40692 29.86705, -85.4071 29.8668, -85.40728 29.8666, -85.40742 29.86626, -85.40769 29.86576, -85.40796 29.86551, -85.40828 29.86493, -85.40864 29.86436, -85.409 29.86394, -85.4094 29.86339, -85.4098 29.86289, -85.41007 29.86249, -85.41086 29.86105, -85.41151 29.85966, -85.4118 29.85887, -85.41207 29.85828, -85.41226 29.85771, -85.41337 29.85463, -85.41393 29.8518, -85.41508 29.84679, -85.41528 29.8459, -85.41535 29.84565, -85.41555 29.84422, -85.41557 29.84339, -85.41583 29.84192, -85.41603 29.84078, -85.41603 29.83976, -85.41619 29.83913, -85.41633 29.83805, -85.41643 29.83688, -85.41652 29.8349, -85.41696 29.83369, -85.41697 29.83327, -85.41696 29.83305, -85.41707 29.83191, -85.41706 29.83026, -85.41692 29.82853, -85.41681 29.82727, -85.41677 29.82697, -85.4167 29.82556, -85.4165 29.82396, -85.41638 29.82267, -85.41625 29.82154, -85.41619 29.82087, -85.41613 29.82002, -85.41596 29.81879, -85.41594 29.81714, -85.41587 29.8163, -85.4157 29.81535, -85.4156 29.81365, -85.41533 29.81134, -85.41506 29.80966, -85.41482 29.8088, -85.41468 29.80833, -85.41459 29.8076, -85.41443 29.80648, -85.41442 29.80525, -85.41406 29.80394, -85.41393 29.80297, -85.4139 29.80231, -85.41368 29.80121, -85.41356 29.80032, -85.4133 29.79951, -85.41317 29.79879, -85.41281 29.79781, -85.41253 29.79684, -85.41239 29.79651, -85.4121 29.79572, -85.41203 29.7953, -85.4121 29.79455, -85.41124 29.79061, -85.41091 29.78902, -85.4104 29.78737, -85.41019 29.78629, -85.40996 29.78526, -85.40991 29.78488, -85.40976 29.78422, -85.40944 29.78309, -85.4093 29.78256, -85.40919 29.78201, -85.409 29.78127, -85.40885 29.78058, -85.40873 29.78022, -85.40867 29.77959, -85.4086 29.77935, -85.40859 29.77894, -85.40843 29.77834, -85.40823 29.77754, -85.40796 29.77683, -85.40773 29.77594, -85.40744 29.77499, -85.40713 29.77404, -85.40697 29.77351, -85.40681 29.77274, -85.40654 29.77178, -85.40629 29.77072, -85.40609 29.76983, -85.40595 29.76905, -85.40574 29.76852, -85.40562 29.76768, -85.40547 29.76669, -85.40533 29.76637, -85.40512 29.76556, -85.40479 29.76484, -85.40472 29.76418))"
St. Lucie Inlet State Park,205,211,204,Martin,SE,131.302,0.20039341,5,2823,4.3,MED,23.768,0.54932246,511,HIGH,8.792,0.13148976,189,HIGH,0,0,NO,NO,"MULTILINESTRING ((-80.1577 27.16311, -80.15779 27.16294, -80.15781 27.16273, -80.15768 27.16235, -80.15745 27.16178, -80.15727 27.16132, -80.15713 27.16096, -80.15698 27.16066, -80.15689 27.16038, -80.15678 27.16008, -80.15659 27.15953, -80.15642 27.15919, -80.1563 27.15885, -80.15621 27.15839, -80.156 27.15782, -80.15561 27.15701, -80.15521 27.15622, -80.15491 27.15558, -80.15457 27.15488, -80.15391 27.15376, -80.15361 27.15319, -80.15341 27.15286, -80.15321 27.15254, -80.15298 27.15214, -80.15275 27.1517, -80.15261 27.1514, -80.15208 27.15025, -80.15156 27.14894, -80.15147 27.14867, -80.1513 27.14828, -80.15114 27.14763, -80.15107 27.14718, -80.15099 27.14681, -80.15091 27.1465, -80.15076 27.14614, -80.1506 27.14571, -80.15047 27.14543, -80.15031 27.14496, -80.15019 27.14456, -80.14982 27.14335, -80.14907 27.14079, -80.14849 27.1389, -80.14836 27.13859, -80.14793 27.13758, -80.14721 27.13594, -80.14647 27.13419, -80.14587 27.13251, -80.14571 27.132, -80.14546 27.13129, -80.14524 27.13072))"
St. Vincent National Wildlife Refuge,170,151,177,Franklin,NW,4.51,0.3964837,5,363,16.1,HIGH,0.012,2.23606798,1,LOW,0,999.999,0,not present,0,0,NO,NO,"MULTILINESTRING ((-85.21696 29.68116, -85.21717 29.68094, -85.21755 29.68077, -85.21811 29.68069, -85.21874 29.68054, -85.21929 29.68025, -85.2197 29.68014, -85.22002 29.68021, -85.22034 29.68016, -85.2209 29.68, -85.22156 29.67995, -85.22216 29.67972, -85.22281 29.67949, -85.22299 29.67943, -85.22304 29.67939, -85.22316 29.67926, -85.22343 29.67915, -85.22356 29.67878, -85.22353 29.67832, -85.22314 29.67786, -85.22257 29.6777, -85.2218 29.67734, -85.22125 29.67696, -85.22035 29.67672, -85.22012 29.67659, -85.2191 29.67636, -85.21846 29.67617, -85.21704 29.67578, -85.21696 29.67577, -85.21541 29.6754, -85.21523 29.67532, -85.21428 29.67514, -85.21362 29.67496, -85.21247 29.67472, -85.21159 29.67449, -85.21068 29.67424, -85.20989 29.67407, -85.20884 29.67393, -85.20761 29.67364, -85.2069 29.67343, -85.20583 29.6731, -85.20503 29.67286, -85.20387 29.67247, -85.2031 29.67215, -85.2025 29.67191, -85.20167 29.67165, -85.20075 29.67133, -85.1994 29.67085, -85.19833 29.67034, -85.19712 29.66983, -85.19628 29.66952, -85.19558 29.66933, -85.1947 29.66894, -85.19373 29.66847, -85.19265 29.66806, -85.19177 29.66763, -85.19101 29.66724, -85.19036 29.66703, -85.18924 29.66647, -85.18732 29.66557, -85.18505 29.66446, -85.18276 29.66332, -85.18045 29.66206, -85.17977 29.66163, -85.17913 29.66133, -85.17825 29.66088, -85.17653 29.65981, -85.17507 29.6589, -85.1736 29.65813, -85.17258 29.65742, -85.17172 29.65706, -85.17025 29.65612, -85.16848 29.65501, -85.16654 29.65387, -85.16535 29.65309, -85.16438 29.65253, -85.16337 29.65193, -85.16235 29.65127, -85.16123 29.65022, -85.16046 29.65008, -85.15962 29.64959, -85.15907 29.64929, -85.15847 29.64888, -85.15764 29.64841, -85.15673 29.64765, -85.15576 29.64694, -85.15477 29.64613, -85.1541 29.64573, -85.15373 29.64531, -85.15338 29.64515, -85.15309 29.64492, -85.15267 29.64462, -85.15218 29.64428, -85.15176 29.64375, -85.15103 29.64322, -85.15083 29.64288, -85.15059 29.64267, -85.15004 29.64195, -85.14935 29.64105, -85.14824 29.64006, -85.14777 29.63943, -85.14768 29.63936, -85.14757 29.63878, -85.14737 29.63827, -85.14701 29.63719, -85.14706 29.63589, -85.14645 29.63424, -85.14382 29.63375, -85.14272 29.63347, -85.142 29.6334, -85.14178 29.63344, -85.14143 29.63336, -85.14083 29.63331, -85.14 29.63311, -85.13928 29.6331, -85.13851 29.63297, -85.13792 29.63288, -85.13725 29.63277, -85.13643 29.63264, -85.13454 29.6322, -85.13263 29.63195, -85.13044 29.63153, -85.12811 29.63122, -85.12667 29.63087, -85.12522 29.63077, -85.12399 29.63053, -85.12263 29.63039, -85.12092 29.63023, -85.11687 29.63013, -85.11447 29.63001, -85.11391 29.63005, -85.11373 29.63006, -85.10885 29.63059, -85.10499 29.63116, -85.10448 29.63124, -85.10432 29.63128, -85.10175 29.63156, -85.10085 29.63167, -85.09922 29.63179, -85.0978 29.63205, -85.09735 29.63226, -85.09725 29.63234, -85.0972 29.63239, -85.0971 29.63248, -85.0969 29.63274, -85.09682 29.63297, -85.09672 29.63323, -85.09631 29.63478, -85.09602 29.63636, -85.09597 29.63674, -85.09591 29.63696, -85.09531 29.63924, -85.09493 29.64063, -85.09468 29.64146, -85.09461 29.6416, -85.09425 29.64208, -85.09408 29.64221, -85.09388 29.64239))"
Stump Pass State Park,71,89,33,Charlotte,CW,50.544,0.40947879,5,556,2.2,HIGH,0.636,1.19758279,7,MED,0,999.999,0,not present,0,1,NO,YES,"MULTILINESTRING ((-82.35341 26.91094, -82.35333 26.9108, -82.35268 26.90998, -82.35261 26.90989, -82.35261 26.90987, -82.35258 26.90986, -82.35015 26.90656, -82.34886 26.90466, -82.34864 26.90435, -82.34852 26.90418, -82.34729 26.90274, -82.34633 26.90153, -82.34522 26.90028, -82.34452 26.89959, -82.34409 26.89904, -82.34353 26.89857, -82.34286 26.89829, -82.34257 26.89789, -82.34213 26.89765, -82.34173 26.89741, -82.34123 26.89714, -82.34085 26.89706, -82.34072 26.89764, -82.34058 26.89813, -82.34071 26.89853))"
Ten Thousand Islands National Wildlife Refuge,11.5,4,2.5,Collier,SW,19.714,0.40900045,5,483,4.9,MED,0,999.999,0,not present,0,999.999,0,not present,0,0,NO,NO,"MULTILINESTRING ((-81.54549 25.85949, -81.54554 25.85942, -81.54574 25.8593, -81.54598 25.85916, -81.54624 25.85903, -81.54641 25.85881, -81.54651 25.85846, -81.54651 25.85824, -81.54654 25.85801, -81.54657 25.85783, -81.54667 25.85753, -81.54675 25.85727, -81.54688 25.85699, -81.54703 25.85654, -81.54708 25.85596, -81.54714 25.85583, -81.5472 25.85552, -81.54722 25.85537, -81.54726 25.85511, -81.54727 25.85476, -81.54726 25.85455, -81.5472 25.85422, -81.54721 25.85397, -81.54715 25.85379, -81.54715 25.85356, -81.54717 25.85333, -81.54717 25.8531, -81.54725 25.85284, -81.54728 25.85266, -81.54729 25.85244, -81.54734 25.85226, -81.54746 25.85204, -81.54758 25.85194, -81.54786 25.85189, -81.54806 25.85177, -81.54818 25.85167, -81.54823 25.85149, -81.54819 25.85121, -81.54809 25.85097, -81.54785 25.85071, -81.54772 25.85064, -81.54747 25.85053, -81.54731 25.85047, -81.54707 25.85047, -81.54694 25.85054, -81.54678 25.85065, -81.54662 25.85074, -81.54649 25.85078, -81.54639 25.85091, -81.54635 25.8511, -81.54633 25.85131, -81.54625 25.85148, -81.54611 25.85167, -81.54586 25.85179, -81.54555 25.85185, -81.54528 25.85191, -81.54494 25.85198, -81.54458 25.85202, -81.5443 25.85207, -81.54396 25.85213, -81.54374 25.8522, -81.54356 25.8523, -81.54336 25.8524, -81.54321 25.85258, -81.54308 25.85279, -81.54293 25.85297, -81.54269 25.85312, -81.54247 25.85322, -81.54233 25.85335, -81.54218 25.85353, -81.54207 25.85372, -81.54202 25.85404, -81.54187 25.8543, -81.54167 25.85455, -81.54145 25.85474, -81.54117 25.85487, -81.54089 25.85493, -81.5404 25.85496, -81.54014 25.85504), (-81.55695 25.86342, -81.55693 25.86336, -81.55691 25.8632, -81.55699 25.86299, -81.5571 25.8629, -81.55731 25.86275, -81.55735 25.86245, -81.55735 25.86217, -81.55745 25.86195, -81.55747 25.86169, -81.55718 25.86154, -81.55696 25.86131, -81.55669 25.86103, -81.55635 25.86092, -81.55606 25.86076, -81.55584 25.8605, -81.55574 25.86027, -81.55562 25.86006, -81.55547 25.85995, -81.55517 25.8598, -81.55491 25.85958, -81.55473 25.85937, -81.5546 25.85933, -81.55439 25.85945, -81.55419 25.85948, -81.55395 25.85945, -81.55374 25.85943, -81.55353 25.85946, -81.55314 25.8595, -81.55289 25.8596, -81.55267 25.85972, -81.55255 25.85983, -81.55233 25.86012, -81.5522 25.86023, -81.55197 25.86036, -81.5518 25.86051), (-81.57227 25.86766, -81.5723 25.86766, -81.57231 25.86758, -81.57222 25.86754, -81.57217 25.86747, -81.5721 25.86723, -81.57203 25.86705, -81.57201 25.86685, -81.57212 25.86666, -81.5722 25.86657, -81.57228 25.86657, -81.57237 25.8666, -81.57242 25.86662, -81.57249 25.86658, -81.57276 25.86641, -81.57291 25.86631, -81.573 25.86589, -81.57299 25.86555, -81.57299 25.86535, -81.57297 25.86501, -81.5729 25.8647, -81.57284 25.86457, -81.57266 25.8645, -81.57236 25.86446, -81.57178 25.86405, -81.57151 25.86382, -81.57123 25.86359, -81.57108 25.86319, -81.57091 25.86286, -81.57073 25.86266, -81.57019 25.86226, -81.56999 25.86215, -81.56983 25.86201, -81.56969 25.86189, -81.56949 25.86175, -81.56931 25.86158, -81.56909 25.8614, -81.56893 25.86121, -81.56885 25.86104, -81.56888 25.86087, -81.569 25.86068, -81.5691 25.86049, -81.56926 25.85993, -81.56914 25.85941, -81.56911 25.85933, -81.56866 25.85891, -81.56804 25.85853, -81.56731 25.85821, -81.56709 25.8581, -81.56699 25.85808, -81.56683 25.85799, -81.5663 25.85765, -81.56609 25.85753, -81.56585 25.85741, -81.56558 25.85736, -81.5655 25.85733, -81.56536 25.8573, -81.56528 25.85727, -81.56522 25.85715, -81.56507 25.85702, -81.56489 25.85696, -81.56455 25.85693, -81.56446 25.85694, -81.56434 25.85694), (-81.58046 25.87287, -81.5805 25.87288, -81.58052 25.87286, -81.58052 25.87281, -81.58071 25.87259, -81.58085 25.8725, -81.5809 25.87247, -81.58092 25.8724, -81.58089 25.87228, -81.58093 25.87219, -81.58105 25.87196, -81.58127 25.87157, -81.58131 25.87151, -81.58142 25.87121, -81.58143 25.87113, -81.58144 25.87104, -81.58135 25.87077, -81.58124 25.87061, -81.58119 25.87042, -81.58117 25.87009, -81.58122 25.86994, -81.58135 25.86971, -81.5814 25.86961, -81.58144 25.86948, -81.58144 25.86933, -81.58141 25.86925, -81.58116 25.8689, -81.58078 25.86853, -81.58061 25.86816, -81.58058 25.86806, -81.5806 25.86796, -81.58073 25.86782, -81.58082 25.86771, -81.58084 25.86764, -81.58087 25.86724, -81.58085 25.86715, -81.58083 25.86703, -81.58069 25.86679, -81.58046 25.86657, -81.58035 25.86647, -81.58026 25.86638, -81.58021 25.86628, -81.58019 25.86617, -81.58019 25.86606, -81.5802 25.86596, -81.58017 25.86582, -81.57998 25.86558, -81.57994 25.86556, -81.57976 25.86552, -81.57941 25.86546, -81.57928 25.86541, -81.57913 25.86535, -81.57896 25.8653, -81.57862 25.86515, -81.57854 25.86509, -81.5785 25.86491, -81.57833 25.86464, -81.57823 25.86463, -81.57817 25.86466, -81.57812 25.8647, -81.57807 25.86496, -81.57805 25.86506, -81.57802 25.86519, -81.57803 25.8653, -81.57803 25.86544, -81.57801 25.86559, -81.57799 25.86574, -81.57786 25.86594, -81.57786 25.86596), (-81.59322 25.88403, -81.59317 25.88377, -81.59307 25.88357, -81.5929 25.88353, -81.59261 25.88353, -81.59246 25.88339, -81.59242 25.88317, -81.59228 25.8829, -81.59216 25.88271, -81.59191 25.88257, -81.59179 25.88236, -81.5918 25.88208, -81.59168 25.88177, -81.59139 25.8815, -81.59114 25.88137, -81.59077 25.88119, -81.59044 25.88103, -81.58988 25.88087, -81.58971 25.88087), (-81.63596 25.88989, -81.63597 25.88989, -81.63611 25.89051, -81.6364 25.89108, -81.6365 25.89125, -81.63664 25.89154, -81.6367 25.89191, -81.63673 25.89226, -81.63681 25.89254, -81.63684 25.89274, -81.63675 25.89291, -81.63678 25.89316, -81.63683 25.89372), (-81.59677 25.88977, -81.59681 25.88976, -81.59694 25.88967, -81.59705 25.8895, -81.59716 25.8893, -81.5972 25.88915, -81.59722 25.889, -81.59723 25.88881, -81.59719 25.8886, -81.59717 25.88849, -81.59707 25.88829, -81.59695 25.88822, -81.59672 25.88806, -81.59645 25.88796, -81.59618 25.88788, -81.5958 25.8878, -81.59553 25.88776, -81.59528 25.88766, -81.59493 25.8875, -81.5947 25.8874, -81.59443 25.88727, -81.59431 25.88724, -81.59405 25.88726, -81.59391 25.88733), (-81.62433 25.89529, -81.62439 25.89507, -81.62441 25.89479, -81.62439 25.89459, -81.62461 25.89382, -81.62464 25.8936, -81.62465 25.89349, -81.62448 25.8932, -81.62412 25.89293, -81.62369 25.89255, -81.62335 25.89229, -81.62314 25.892, -81.62311 25.89181, -81.62264 25.89154))"
Tequesta Beaches,177,191,171,Palm Beach,SE,1161.286,0.18890546,5,8129,1.4,HIGH,384.286,0.55868093,2690,HIGH,3,0.51584882,21,HIGH,0,0,NO,NO,"MULTILINESTRING ((-80.07624 26.95652, -80.07635 26.95678, -80.07647 26.95697, -80.07661 26.95728, -80.0767 26.9576, -80.07676 26.95787, -80.07676 26.9581, -80.07687 26.95836, -80.07693 26.95862, -80.07695 26.95893, -80.077 26.95914, -80.07716 26.95944, -80.07728 26.95983, -80.0773 26.96012, -80.07736 26.96038, -80.07741 26.96067, -80.07746 26.96096, -80.07752 26.96136, -80.07759 26.96168, -80.07763 26.9621), (-80.08054 26.97043, -80.08049 26.97031, -80.08039 26.96999, -80.08026 26.96954, -80.08012 26.96913, -80.08004 26.96883, -80.07994 26.96851, -80.07985 26.96813, -80.07969 26.96752, -80.07936 26.96632, -80.07886 26.9648, -80.07873 26.96452))"
Topsail Hill State Park,90,71,87,Walton,NW,1.726,0.62938289,5,44,5.1,MED,0.392,1.16935837,10,MED,0,999.999,0,not present,0,0,NO,NO,"MULTILINESTRING ((-86.31719 30.36674, -86.31672 30.36663, -86.31569 30.36645, -86.31502 30.36633, -86.31473 30.3663, -86.3147 30.36627, -86.31434 30.36619, -86.31381 30.36612, -86.31339 30.36604, -86.31299 30.36595, -86.31288 30.36596, -86.31269 30.36591, -86.31187 30.36573, -86.31081 30.36548, -86.30942 30.36524, -86.30862 30.36512, -86.30734 30.36486, -86.30694 30.36473, -86.3059 30.36451, -86.3052 30.36441, -86.30456 30.36432, -86.30397 30.36415, -86.30341 30.36405, -86.3029 30.36391, -86.30229 30.36377, -86.30194 30.36374, -86.30168 30.3637, -86.3011 30.3636, -86.30001 30.36339, -86.29944 30.3633, -86.299 30.3632, -86.29868 30.36315, -86.29834 30.36306, -86.29787 30.36293, -86.29751 30.36287, -86.29741 30.36285, -86.29741 30.36284, -86.29684 30.36273, -86.29648 30.36267, -86.29626 30.36263, -86.29619 30.36264, -86.29367 30.36206, -86.29348 30.36202, -86.29341 30.362, -86.29339 30.362, -86.28833 30.36083, -86.28716 30.3606, -86.28627 30.36042, -86.28604 30.36037, -86.28587 30.36033, -86.28544 30.36024, -86.28414 30.35999, -86.28325 30.35975, -86.28302 30.35962, -86.28295 30.35963, -86.2827 30.35961, -86.28234 30.35953, -86.28209 30.35948, -86.28175 30.35939, -86.2815 30.35935, -86.28131 30.35931, -86.28103 30.35925, -86.28088 30.35921, -86.28057 30.35914, -86.28042 30.35911, -86.28013 30.35903, -86.27985 30.35893, -86.27979 30.35891, -86.27963 30.3589, -86.27901 30.35871, -86.27841 30.35856, -86.2784 30.35855, -86.27821 30.35846, -86.27788 30.35839, -86.27737 30.35829, -86.27658 30.35813, -86.27608 30.35801, -86.27547 30.35789, -86.27507 30.35776, -86.27464 30.35765, -86.27414 30.35755, -86.2736 30.35742, -86.27331 30.35735, -86.27324 30.35737, -86.27313 30.35732, -86.27288 30.35726, -86.27252 30.3572, -86.27232 30.35715, -86.27208 30.35704, -86.27184 30.35694, -86.27158 30.35694, -86.27069 30.35668, -86.27034 30.3566, -86.27034 30.3566, -86.26988 30.35649, -86.26904 30.35627, -86.26786 30.3561, -86.26679 30.35577, -86.26607 30.35564, -86.26516 30.35531, -86.26453 30.3552))"
Town of Palm Beach (Midtown),11.5,110,164,Palm Beach,SE,164.412,0.30221938,5,2384,2.9,MED,4.136,0.62397054,60,MED,6.138,0.53047431,89,HIGH,1,0,YES,NO,"MULTILINESTRING ((-80.03302 26.71072, -80.03313 26.70975, -80.03283 26.70398, -80.03282 26.70384, -80.03283 26.70369, -80.03285 26.70347, -80.03284 26.70297, -80.03288 26.70228, -80.0329 26.70206, -80.03293 26.70171, -80.03295 26.70148, -80.03289 26.70125, -80.03305 26.70015, -80.03308 26.69972, -80.03308 26.6995, -80.03308 26.69928, -80.03307 26.69848, -80.0331 26.69833, -80.03315 26.69764, -80.0332 26.69672, -80.03319 26.69637, -80.03321 26.69615, -80.03327 26.69584, -80.03328 26.69558, -80.03342 26.69397, -80.03354 26.6925), (-80.03479 26.72723, -80.03479 26.72723, -80.03476 26.72702, -80.03473 26.72681, -80.03472 26.72659, -80.03472 26.72643, -80.03471 26.72629, -80.03469 26.72616, -80.03467 26.72601, -80.03464 26.72588, -80.03463 26.7258, -80.03463 26.72577, -80.03461 26.72566, -80.03459 26.7254, -80.03456 26.72497, -80.03452 26.72475, -80.03448 26.72455, -80.03445 26.72425, -80.0344 26.72402, -80.03439 26.72389, -80.03436 26.72371, -80.03437 26.72353, -80.03437 26.72339, -80.03434 26.72323, -80.03432 26.72292, -80.0343 26.72219, -80.03431 26.72187, -80.03426 26.72139, -80.03412 26.72072, -80.03409 26.72017, -80.03396 26.71954, -80.03386 26.71904))"
Tyndall Air Force Base,204,197,184,Bay,NW,1.84,0.21059344,5,262,28.5,MED,0.05,2.23606798,7,LOW,0,999.999,0,not present,0,0,NO,NO,"MULTILINESTRING ((-85.52912 29.99855, -85.52946 29.99857, -85.52983 29.9985, -85.53023 29.99829, -85.53047 29.99784, -85.5305 29.99738, -85.53024 29.9969, -85.53006 29.99613, -85.52962 29.99526, -85.52919 29.99456, -85.52853 29.99376, -85.52832 29.99343, -85.52794 29.99301, -85.52773 29.99253, -85.52738 29.99197, -85.52693 29.99127, -85.52659 29.99067, -85.52629 29.99014, -85.52608 29.98967, -85.52579 29.98929, -85.52537 29.98897, -85.52491 29.98855, -85.52454 29.98816, -85.52416 29.98768, -85.5238 29.98737, -85.5235 29.9869, -85.52325 29.98657, -85.52293 29.98613, -85.52259 29.98574, -85.52229 29.98528, -85.52176 29.9848, -85.52153 29.98461, -85.5213 29.98434, -85.52109 29.98405, -85.52091 29.9838, -85.52067 29.98356, -85.52047 29.98328, -85.52028 29.98306, -85.52007 29.98275, -85.51979 29.98239, -85.51948 29.98215, -85.51911 29.98176, -85.51873 29.98137, -85.51819 29.98083, -85.5177 29.98036, -85.51728 29.97991, -85.51695 29.97959, -85.51664 29.97909, -85.5165 29.97886, -85.5164 29.97864, -85.51619 29.97837, -85.51592 29.97818, -85.51562 29.97799, -85.51541 29.97781, -85.51523 29.97762, -85.51499 29.97742, -85.51467 29.97711, -85.51467 29.97684, -85.5145 29.97672, -85.51425 29.97662, -85.51403 29.97652, -85.51374 29.9763, -85.51351 29.97607, -85.51309 29.97576, -85.5128 29.97551, -85.51258 29.97531, -85.5123 29.97509, -85.51187 29.97477, -85.51152 29.97455, -85.51122 29.97431, -85.51066 29.97384, -85.51003 29.97325, -85.50952 29.97277, -85.5088 29.97221, -85.50773 29.97151, -85.5072 29.97114, -85.5068 29.97087, -85.50618 29.97047, -85.50549 29.97, -85.50492 29.96964, -85.50423 29.96926, -85.50392 29.96906, -85.50363 29.96886, -85.5032 29.96861, -85.50279 29.96841, -85.50236 29.96821, -85.50186 29.96793, -85.50138 29.96764, -85.50096 29.96739, -85.5005 29.96716, -85.50003 29.96685, -85.49965 29.96663, -85.49927 29.96637, -85.49905 29.96627, -85.49888 29.96609, -85.49872 29.96601, -85.49847 29.96589, -85.49807 29.96571, -85.49771 29.96547, -85.49733 29.9653, -85.49685 29.96494, -85.49644 29.96462, -85.49617 29.9644, -85.49571 29.96413, -85.49526 29.96394, -85.49477 29.96364, -85.49452 29.96347, -85.49425 29.96331, -85.49394 29.96313, -85.49343 29.96288, -85.49308 29.96269, -85.49257 29.9624, -85.49219 29.96224, -85.4916 29.96192, -85.49129 29.96172, -85.49094 29.96157, -85.49021 29.96131, -85.48992 29.96119, -85.48956 29.96102, -85.48913 29.96087, -85.48858 29.96058, -85.4882 29.96044, -85.48755 29.96021, -85.48696 29.95999, -85.48616 29.9597, -85.48546 29.95938, -85.48452 29.95898, -85.48427 29.95888, -85.48387 29.9588, -85.48368 29.95869, -85.48356 29.95861, -85.48309 29.95845, -85.4823 29.95815, -85.48163 29.95798, -85.48113 29.95789, -85.48079 29.95778, -85.48036 29.95768, -85.47978 29.95767, -85.47922 29.95767, -85.47857 29.9576, -85.47789 29.95744, -85.47717 29.95731, -85.47666 29.95729, -85.47585 29.9572, -85.47512 29.95707, -85.4745 29.95698, -85.47404 29.95696, -85.47339 29.95693, -85.47296 29.95698, -85.47259 29.95712, -85.47189 29.95707, -85.47159 29.95709, -85.47115 29.95708, -85.47048 29.95717, -85.47026 29.95715, -85.47026 29.95715, -85.47003 29.95723, -85.46972 29.9572, -85.46923 29.95719, -85.46871 29.95723, -85.46824 29.9573, -85.46752 29.95731, -85.46695 29.95719, -85.46639 29.95719, -85.46537 29.95735, -85.46447 29.95739, -85.46354 29.9574, -85.46295 29.95729, -85.46221 29.95721, -85.46155 29.95714, -85.46111 29.9572, -85.46053 29.95717, -85.46008 29.95711, -85.4595 29.95704, -85.45905 29.95696, -85.45836 29.9569, -85.45748 29.95679, -85.45668 29.95668, -85.45525 29.95651, -85.4545 29.95649, -85.45381 29.95643, -85.45325 29.95635, -85.45216 29.95622, -85.45136 29.956, -85.45069 29.95588, -85.45 29.9558, -85.44895 29.95553), (-85.68747 30.09254, -85.68706 30.09233, -85.68674 30.09215, -85.68607 30.09187, -85.68549 30.09163, -85.68487 30.09163, -85.68402 30.09128, -85.6836 30.0911, -85.68319 30.09088, -85.68278 30.09068, -85.68217 30.09044, -85.68173 30.09025, -85.68119 30.09004, -85.68068 30.08976, -85.6803 30.08965, -85.6799 30.08948, -85.67952 30.0893, -85.67911 30.08908, -85.67872 30.08887, -85.67838 30.08873, -85.67808 30.08863, -85.67769 30.08845, -85.67732 30.0883, -85.67697 30.08811, -85.67661 30.088, -85.67622 30.08783, -85.67582 30.08764, -85.67553 30.08752, -85.67516 30.08743, -85.67486 30.08725, -85.67453 30.0871, -85.6743 30.08701, -85.67401 30.08686, -85.67367 30.08675, -85.67342 30.0866, -85.67312 30.08652, -85.67279 30.08647, -85.67245 30.08631, -85.67222 30.08615, -85.67191 30.08607, -85.67151 30.08587, -85.67105 30.08572, -85.67064 30.0856, -85.67026 30.08542, -85.66998 30.08531, -85.66962 30.08517, -85.66929 30.08502, -85.66889 30.08487, -85.66861 30.08476, -85.66834 30.08464, -85.66811 30.0845, -85.6678 30.08434, -85.66746 30.08424, -85.66713 30.08412, -85.6668 30.08403, -85.66653 30.08388, -85.66624 30.08376, -85.66591 30.08365, -85.66562 30.08353, -85.66543 30.08345, -85.66515 30.08331, -85.66479 30.08315, -85.66441 30.08301, -85.66409 30.08286, -85.66376 30.08272, -85.66332 30.08257, -85.66293 30.08239, -85.6627 30.08227, -85.66232 30.08209, -85.66175 30.08183, -85.66108 30.08158, -85.66021 30.08126, -85.6595 30.08093, -85.65909 30.08075, -85.6588 30.08066, -85.65857 30.08054, -85.65834 30.08047, -85.65802 30.08037, -85.65768 30.0802, -85.65732 30.08001, -85.65711 30.07992, -85.65695 30.07987, -85.65679 30.07978, -85.6566 30.07969, -85.65636 30.07956, -85.65605 30.07942, -85.65584 30.07934, -85.65558 30.07926, -85.65533 30.07916, -85.65509 30.07906, -85.65473 30.0789, -85.65434 30.07875, -85.65399 30.0786, -85.65365 30.07841, -85.65321 30.07825, -85.65299 30.07817, -85.6526 30.07802, -85.65207 30.07778, -85.65146 30.07759, -85.65091 30.07736, -85.65031 30.07714, -85.64993 30.07696, -85.64954 30.07677, -85.64901 30.07658, -85.64844 30.07634, -85.64783 30.07611, -85.64758 30.07599, -85.64743 30.07585, -85.64694 30.07563, -85.64647 30.07547, -85.64607 30.07532, -85.64578 30.07514, -85.64543 30.07502, -85.64504 30.07489, -85.64467 30.07475, -85.64453 30.0747, -85.6444 30.07466, -85.64416 30.07451, -85.64387 30.07439, -85.64364 30.07428, -85.64348 30.07419, -85.64339 30.07409, -85.64303 30.07395, -85.64286 30.07386, -85.64258 30.07375, -85.64224 30.07362, -85.64183 30.07341, -85.64152 30.07332, -85.64137 30.07325, -85.64122 30.07317, -85.64114 30.07305, -85.64079 30.07288, -85.64046 30.07277, -85.64026 30.07273, -85.64017 30.07259, -85.63984 30.07252, -85.63964 30.07238, -85.63946 30.07223, -85.63934 30.0722, -85.63906 30.07207, -85.63877 30.07192, -85.63842 30.07183, -85.63797 30.07159, -85.63789 30.0715, -85.63722 30.07134, -85.63722 30.07134, -85.63685 30.07113, -85.6365 30.07094, -85.63604 30.0707, -85.6353 30.07037, -85.63484 30.07014, -85.63384 30.06967, -85.63329 30.06935, -85.63233 30.06895, -85.6316 30.0686, -85.63059 30.06814, -85.63001 30.06792, -85.62987 30.0679, -85.62964 30.06777, -85.62918 30.06762, -85.62886 30.06744, -85.62854 30.0673, -85.62802 30.06714, -85.62779 30.06708, -85.62758 30.06697, -85.62734 30.06695, -85.62704 30.06674, -85.62671 30.06656, -85.62625 30.0664, -85.62572 30.0662, -85.6256 30.06605, -85.62518 30.06584, -85.62481 30.06558, -85.62438 30.06537, -85.62394 30.06526, -85.62345 30.06498, -85.6228 30.06454, -85.62241 30.06433, -85.6216 30.06406, -85.62144 30.06386, -85.62121 30.06372, -85.62084 30.0636, -85.62056 30.06349, -85.62042 30.06342, -85.62035 30.06339, -85.62023 30.06333, -85.61984 30.0632, -85.6195 30.06312, -85.61905 30.063, -85.61891 30.06298, -85.61883 30.06288, -85.61861 30.06282, -85.61851 30.06266, -85.61823 30.06261, -85.618 30.0625, -85.61778 30.06244, -85.61774 30.06235, -85.61753 30.06222, -85.61718 30.06206, -85.61685 30.06189, -85.6166 30.06175, -85.61633 30.06158, -85.61608 30.06145, -85.61563 30.06123, -85.61538 30.06109, -85.61523 30.06104, -85.61501 30.06087, -85.61468 30.06075, -85.61429 30.06059, -85.61415 30.06046, -85.61359 30.06024, -85.6132 30.0601, -85.6127 30.05982, -85.61234 30.05961, -85.61202 30.05944, -85.61167 30.05922, -85.61152 30.05915, -85.61136 30.05899, -85.61111 30.05883, -85.61073 30.0586, -85.6105 30.05851, -85.61024 30.05835, -85.61007 30.05824, -85.60992 30.05805, -85.60956 30.05799, -85.60923 30.05783, -85.60915 30.05781, -85.60899 30.05768, -85.60853 30.05747, -85.60795 30.05729, -85.60759 30.05716, -85.60737 30.05703, -85.60708 30.05686, -85.60657 30.05666, -85.60605 30.0564, -85.60561 30.05612, -85.60528 30.05595, -85.60482 30.05576, -85.60456 30.05565, -85.60445 30.05558, -85.6039 30.05543, -85.60334 30.05517, -85.60293 30.05493, -85.60266 30.05476, -85.60217 30.05459, -85.60183 30.05442, -85.60153 30.05426, -85.60117 30.05402, -85.6006 30.05366, -85.59998 30.05346, -85.59954 30.05332, -85.5989 30.05299, -85.59831 30.05274, -85.59796 30.05245, -85.59772 30.05227, -85.59765 30.05226, -85.59707 30.05196, -85.59628 30.0516, -85.59566 30.05117, -85.59503 30.05078, -85.59423 30.05037, -85.5939 30.05007, -85.59369 30.04973, -85.59294 30.04924, -85.5922 30.04865, -85.5916 30.04807, -85.59103 30.04754, -85.59089 30.04746, -85.59052 30.04726, -85.59007 30.04696, -85.5897 30.04669, -85.58929 30.04637, -85.58886 30.04605, -85.58834 30.0456, -85.58778 30.04511, -85.58722 30.04453, -85.5869 30.04401, -85.58669 30.04365, -85.58652 30.04332, -85.5863 30.04298, -85.58625 30.0429, -85.58597 30.04264, -85.58573 30.04237, -85.5852 30.04188, -85.58464 30.04121, -85.58417 30.04074, -85.5837 30.04027, -85.58314 30.0398, -85.58282 30.03941, -85.58259 30.03911, -85.58241 30.03885, -85.58182 30.0384, -85.58154 30.03814, -85.58133 30.03798, -85.58112 30.03777, -85.58092 30.0374, -85.58078 30.03722, -85.58056 30.03707, -85.58032 30.03685, -85.58005 30.03663, -85.57984 30.03642, -85.57957 30.03619, -85.57937 30.03588, -85.57907 30.03557, -85.5788 30.03529, -85.57844 30.03484, -85.57827 30.03458, -85.57798 30.03433, -85.57769 30.03404, -85.57732 30.03367, -85.57699 30.03334, -85.57652 30.033, -85.57605 30.03272, -85.57556 30.03219, -85.57514 30.03189, -85.57476 30.03151, -85.57435 30.03114, -85.57403 30.03091, -85.57366 30.03056, -85.57333 30.03037, -85.57305 30.03018, -85.57275 30.02991, -85.57244 30.02966, -85.57216 30.0294, -85.57186 30.02917, -85.57155 30.02887, -85.57127 30.02846, -85.57073 30.02806, -85.57018 30.0277, -85.5698 30.02732, -85.56944 30.02703, -85.56932 30.0266, -85.56892 30.02622, -85.56854 30.02596, -85.56835 30.02569, -85.56803 30.02548, -85.56778 30.02538, -85.56742 30.02505, -85.56683 30.02446, -85.56651 30.02414, -85.56622 30.02392, -85.56607 30.02377, -85.56577 30.02348, -85.56547 30.02323, -85.56527 30.02285, -85.56487 30.02257, -85.56463 30.02228, -85.56432 30.02205, -85.56403 30.0217, -85.56381 30.02155, -85.56349 30.02125, -85.56315 30.02097, -85.56267 30.02051, -85.56225 30.02007, -85.56196 30.01971, -85.5615 30.01932, -85.56115 30.01901, -85.56085 30.01862, -85.56053 30.01826, -85.56 30.01774, -85.55982 30.01754, -85.55953 30.01722, -85.55928 30.01683, -85.55889 30.01651, -85.55862 30.01616, -85.55822 30.01576, -85.55783 30.01544, -85.55722 30.01491, -85.5571 30.01461, -85.55691 30.01439, -85.55667 30.01425, -85.55638 30.01406, -85.55602 30.01393, -85.55562 30.0136, -85.55524 30.01326, -85.55473 30.01299, -85.5546 30.0128, -85.55438 30.01266, -85.55402 30.01229, -85.55379 30.01198, -85.55352 30.01167, -85.55313 30.01138, -85.55279 30.01118, -85.55248 30.01093, -85.55207 30.0107, -85.55174 30.0104, -85.55139 30.01019, -85.55094 30.00991, -85.55053 30.00967, -85.55004 30.00934, -85.54956 30.00899, -85.54923 30.00863, -85.54888 30.00835, -85.54856 30.00801, -85.54828 30.00776, -85.54791 30.00754, -85.54758 30.00734, -85.54721 30.00706, -85.54673 30.00663, -85.54639 30.00639, -85.54583 30.00608, -85.54545 30.00585, -85.54509 30.00563, -85.54451 30.00538, -85.54406 30.00524, -85.54356 30.00508, -85.54291 30.00493, -85.54213 30.00479, -85.54141 30.00451, -85.54044 30.00419, -85.53951 30.00412, -85.53857 30.00398, -85.53754 30.00399, -85.53678 30.00431, -85.53639 30.00477, -85.53615 30.00526))"
Upper Matecumbe Key,23,62,151,Monroe,SE,0,999.999,3,0,1.93333333,not present,0,999.999,0,not present,0,999.999,0,not present,0,0,NO,NO,"MULTILINESTRING ((-80.64183 24.908, -80.64165 24.90831, -80.64128 24.9085, -80.64107 24.90886, -80.64077 24.90914, -80.64068 24.90922, -80.64055 24.90929, -80.64043 24.90939, -80.64035 24.90944, -80.64002 24.90966, -80.63977 24.90981, -80.63923 24.91025, -80.63907 24.91036, -80.63891 24.91059, -80.63865 24.91081, -80.63837 24.91098, -80.63823 24.91106, -80.63804 24.91119, -80.63787 24.91126, -80.63781 24.91122, -80.63774 24.91125, -80.63733 24.91159, -80.63725 24.91165, -80.63721 24.91168, -80.63707 24.91172, -80.63697 24.9118, -80.63681 24.91191, -80.63672 24.91199, -80.63658 24.91211, -80.63648 24.91219, -80.63623 24.91232, -80.63604 24.9125, -80.63591 24.91255, -80.63572 24.91271, -80.6357 24.91274, -80.63565 24.9128, -80.63556 24.91294, -80.63494 24.91345, -80.63482 24.91349, -80.63462 24.91349, -80.63444 24.91353, -80.6343 24.91362, -80.63424 24.9137, -80.63408 24.91396, -80.63398 24.91411, -80.63377 24.91435))"
Vanderbilt Beach,95,36,34,Collier,SW,26.392,0.32226865,5,739,5.6,HIGH,0,999.999,0,not present,0,999.999,0,not present,0,0,NO,NO,"MULTILINESTRING ((-81.82776 26.27228, -81.82776 26.27226, -81.82745 26.2712, -81.82734 26.27081, -81.82677 26.26872, -81.82648 26.26744, -81.82587 26.26524, -81.82577 26.26489, -81.82515 26.26181, -81.82494 26.26111, -81.82454 26.25879, -81.82415 26.25679, -81.82416 26.25664, -81.82411 26.25643, -81.824 26.25587, -81.82394 26.25515, -81.82369 26.25382, -81.8234 26.2529, -81.82323 26.25211, -81.82317 26.25151, -81.82316 26.25134, -81.82301 26.25076, -81.82289 26.25, -81.82286 26.2499, -81.82275 26.24929, -81.82259 26.24846, -81.82249 26.2477, -81.82237 26.24711, -81.8223 26.24674, -81.82217 26.24618, -81.8221 26.24605, -81.82191 26.24526, -81.8218 26.24425, -81.82159 26.24345, -81.82159 26.24344, -81.82141 26.2426, -81.8212 26.24169, -81.82109 26.24108, -81.82091 26.24029, -81.82081 26.24002, -81.82078 26.23993, -81.82067 26.23935, -81.82053 26.23868, -81.82034 26.23741, -81.82022 26.23647, -81.82009 26.23567, -81.81994 26.23492, -81.8199 26.23454, -81.81983 26.23442, -81.8196 26.23265, -81.81931 26.23038, -81.8192 26.22954, -81.81915 26.22923, -81.81904 26.22822, -81.81897 26.22807, -81.81892 26.22702, -81.81875 26.2255, -81.81868 26.22463, -81.81869 26.22386, -81.81866 26.22302, -81.81857 26.2223, -81.81852 26.22221, -81.81837 26.2216, -81.81842 26.22125, -81.81845 26.22104, -81.81838 26.22078, -81.81827 26.22052, -81.81813 26.22026, -81.81787 26.22007, -81.81775 26.22002, -81.81756 26.21994))"
Venice Beaches,92,127,97,Sarasota,CW,42.756,0.25492782,5,1582,7.4,HIGH,0.056,1.36930639,2,LOW,0,999.999,0,not present,0,1,NO,YES,"MULTILINESTRING ((-82.46785 27.11244, -82.46549 27.11102, -82.46527 27.11063, -82.465 27.10995, -82.46463 27.10923, -82.46418 27.10821, -82.46406 27.10794, -82.46378 27.10742, -82.46314 27.10621, -82.46304 27.10607, -82.46303 27.10607, -82.46284 27.10564, -82.46228 27.10426, -82.46159 27.10264, -82.4606 27.10005, -82.46001 27.09846, -82.4597 27.09739, -82.45941 27.09633, -82.45913 27.09562, -82.45883 27.09478, -82.4586 27.09371, -82.45849 27.09339, -82.4582 27.0927, -82.45778 27.09154, -82.45755 27.09084, -82.45745 27.0907, -82.45736 27.09032, -82.4573 27.0898, -82.45704 27.08897, -82.45672 27.08816, -82.45615 27.08703, -82.45574 27.08569, -82.45523 27.08478, -82.45493 27.08416, -82.45462 27.08342, -82.45423 27.08233, -82.45393 27.08142, -82.45373 27.08111, -82.4536 27.08084, -82.4533 27.08023, -82.45293 27.07919, -82.45268 27.07845, -82.45196 27.07642, -82.45164 27.07562, -82.45138 27.07489, -82.45136 27.07473, -82.45096 27.07359, -82.45084 27.07326, -82.45082 27.07312, -82.45075 27.07257, -82.45061 27.07183, -82.45015 27.07108, -82.44997 27.07086, -82.44965 27.07022, -82.44922 27.06908, -82.44878 27.06795, -82.44831 27.06706, -82.44817 27.06657, -82.44797 27.06586, -82.44776 27.06521, -82.44756 27.06483, -82.44736 27.06445, -82.44719 27.06398, -82.44704 27.06356, -82.44668 27.06277, -82.44644 27.06235, -82.44634 27.06216, -82.44603 27.06138, -82.44576 27.06068, -82.44566 27.0604, -82.44555 27.06033, -82.44534 27.05992, -82.44508 27.05927, -82.44499 27.05906, -82.44483 27.059, -82.44469 27.05889, -82.44466 27.0588, -82.44454 27.05862, -82.44439 27.05828, -82.44427 27.05792, -82.44394 27.05764, -82.4437 27.05708, -82.4435 27.05677, -82.44317 27.0565, -82.44265 27.05567, -82.44219 27.05517, -82.44197 27.05495, -82.44189 27.05491))"
Vero Beach,145,166,136,Indian River,CE,92.318,0.15053494,5,2908,6.3,MED,6.032,0.32109506,190,MED,1.078,0.55315112,34,MED,0,0,NO,NO,"MULTILINESTRING ((-80.36175 27.67495, -80.36163 27.67437, -80.36076 27.67138, -80.36048 27.67067, -80.3603 27.67003, -80.35997 27.66905, -80.3595 27.66806, -80.35905 27.66703, -80.35875 27.66596, -80.35872 27.66572, -80.35858 27.66513, -80.35839 27.66436, -80.35806 27.66291, -80.35769 27.66119, -80.3573 27.65992, -80.35705 27.6593, -80.35697 27.659, -80.35661 27.65803, -80.35635 27.65722, -80.35618 27.65666, -80.35599 27.6561, -80.3557 27.65519, -80.35457 27.65167, -80.3538 27.64903, -80.35347 27.64785, -80.35307 27.64646, -80.35281 27.64584, -80.35265 27.64544, -80.35238 27.64472, -80.35216 27.64388, -80.35193 27.64304, -80.35177 27.64263, -80.3515 27.64147, -80.35138 27.64102, -80.3512 27.6404, -80.35107 27.63994, -80.35104 27.63973, -80.35102 27.63956, -80.35099 27.63939, -80.35104 27.63852, -80.35107 27.63728, -80.35108 27.63654, -80.35096 27.63566, -80.35078 27.63453, -80.3506 27.63317, -80.35026 27.6316, -80.34985 27.63014, -80.34958 27.62929, -80.34928 27.62811, -80.34862 27.62636, -80.3482 27.6254, -80.34764 27.62446, -80.34693 27.62273, -80.34615 27.62099, -80.3459 27.62041))"
Vilano Beach,154,162,112,St. Johns,NO,13.066,0.42212398,5,300,4.68,MED,0.342,0.68958751,8,MED,0.042,2.23606798,1,LOW,0,0,NO,NO,"MULTILINESTRING ((-81.30392 29.95254, -81.30371 29.95181, -81.30362 29.95159, -81.30301 29.94968, -81.30235 29.94757, -81.3015 29.94495, -81.30066 29.94245, -81.30022 29.94129, -81.29938 29.93882, -81.29884 29.93724, -81.29834 29.93575, -81.29792 29.93448, -81.29777 29.934, -81.29719 29.93238, -81.29635 29.93025, -81.29556 29.92839, -81.29543 29.92809, -81.29474 29.92669, -81.29389 29.92491, -81.29337 29.92384, -81.29307 29.92335, -81.29282 29.92295, -81.29208 29.92165, -81.29138 29.92014, -81.29048 29.91827, -81.28958 29.9165, -81.28901 29.9156, -81.28874 29.91507, -81.28851 29.91373, -81.28968 29.91146, -81.29105 29.90994, -81.29219 29.90963, -81.2935 29.90989, -81.29468 29.91052))"
Virginia Key,178,176,193,Miami-Dade,SE,11.316,0.20325933,5,215,3.8,MED,0,999.999,0,not present,0,999.999,0,not present,0,0,NO,NO,"MULTILINESTRING ((-80.14528 25.75033, -80.1456 25.75053, -80.14585 25.7508, -80.14605 25.7511, -80.14618 25.7514, -80.14627 25.75163, -80.14632 25.75193, -80.14636 25.75222, -80.14643 25.75257, -80.14644 25.75286, -80.14644 25.75306, -80.14646 25.75337, -80.14648 25.7537, -80.14647 25.75402, -80.14648 25.75433, -80.14644 25.75445), (-80.14308 25.7504, -80.14294 25.75023, -80.14282 25.74987, -80.14262 25.74955, -80.14242 25.74952, -80.14243 25.74911, -80.14239 25.74872, -80.14233 25.74833, -80.1423 25.74794, -80.14239 25.74754, -80.14239 25.74715, -80.14247 25.74679, -80.14254 25.74638, -80.1426 25.74599, -80.14269 25.74577, -80.14276 25.74563, -80.14291 25.74528, -80.14309 25.74489, -80.14334 25.74459, -80.14355 25.74424, -80.14363 25.74383, -80.14382 25.74351, -80.14398 25.74315, -80.1441 25.74277, -80.14434 25.74241, -80.14448 25.74203, -80.14452 25.74185, -80.14472 25.74176, -80.14502 25.74147, -80.14523 25.74109, -80.14531 25.7409, -80.14572 25.74081, -80.14597 25.74043, -80.14612 25.74008, -80.14629 25.73998, -80.14654 25.73998, -80.14674 25.73976, -80.14694 25.73942, -80.14736 25.73937, -80.14768 25.73914, -80.14794 25.73884, -80.14816 25.73846, -80.14859 25.73849, -80.149 25.73829, -80.14932 25.73801, -80.1495 25.73783, -80.14985 25.73805, -80.15029 25.73797, -80.15072 25.73775, -80.15109 25.73753, -80.15148 25.73732, -80.15168 25.73722, -80.15191 25.73709, -80.1523 25.73685, -80.1527 25.73664, -80.15304 25.73643, -80.15337 25.73621, -80.15377 25.73603, -80.15419 25.73587, -80.1546 25.73569, -80.15499 25.73554, -80.15532 25.73526, -80.15556 25.73508, -80.15594 25.73483, -80.15629 25.73457, -80.15661 25.7343, -80.15695 25.73403, -80.15734 25.73381, -80.1576 25.73369, -80.15803 25.73353, -80.15847 25.73337, -80.1589 25.7332, -80.15932 25.73302, -80.15972 25.73284, -80.16012 25.73264, -80.16056 25.73232), (-80.14992 25.75773, -80.1497 25.75779, -80.14945 25.75779, -80.14906 25.75779, -80.14873 25.75762, -80.14847 25.75733, -80.1482 25.75697, -80.14777 25.75634, -80.14751 25.75608, -80.14727 25.75607, -80.14708 25.75597, -80.14684 25.75558, -80.14664 25.75516, -80.14647 25.75469))"
Volusia County Beaches (North),207,201,199,Volusia,NO,8.646,0.26194034,5,1124,26.3,MED,0.446,0.94084949,56,MED,0.102,0.78247333,13,LOW,0,0,NO,NO,"MULTILINESTRING ((-81.08384 29.38724, -81.08309 29.3857, -81.08228 29.38391, -81.08166 29.38253, -81.08135 29.38165, -81.08127 29.38149, -81.08123 29.38138, -81.0808 29.38066, -81.0803 29.37947, -81.07959 29.378, -81.0791 29.37685, -81.07856 29.37568, -81.07831 29.37513, -81.07817 29.37486, -81.078 29.3745, -81.07797 29.37439, -81.07749 29.37329, -81.07708 29.37247, -81.0769 29.37202, -81.07667 29.37145, -81.0764 29.37089, -81.07612 29.37034, -81.07554 29.36914, -81.07526 29.36859, -81.07514 29.36835, -81.07506 29.36817, -81.07493 29.36787, -81.07491 29.36775, -81.07487 29.36764, -81.07485 29.36753, -81.07456 29.36708, -81.0741 29.36623, -81.07388 29.3656, -81.07353 29.36489, -81.07331 29.36438, -81.07317 29.36399, -81.07298 29.36359, -81.07278 29.36326, -81.07264 29.36293, -81.07254 29.36271, -81.07239 29.36247, -81.07231 29.36233, -81.07064 29.35899, -81.06962 29.35687, -81.06903 29.35575, -81.06891 29.35547, -81.06839 29.35436, -81.06763 29.35281, -81.06709 29.35166, -81.06645 29.3505, -81.06611 29.34984, -81.06585 29.34914, -81.06573 29.3488, -81.06568 29.34871, -81.06469 29.34668, -81.06381 29.34483, -81.06294 29.3431, -81.06264 29.34245, -81.06252 29.34217, -81.06201 29.34124, -81.061 29.33899, -81.06011 29.33725, -81.0599 29.33691, -81.0598 29.33663, -81.05974 29.33646, -81.05925 29.33539, -81.05856 29.3339, -81.05778 29.33225, -81.05714 29.3309, -81.0566 29.32964, -81.05586 29.32812, -81.05531 29.32703, -81.05513 29.32671, -81.055 29.32631, -81.05495 29.32614, -81.05492 29.32598, -81.05453 29.32521, -81.05389 29.32382, -81.0531 29.32211, -81.05263 29.32088, -81.0518 29.31928, -81.05163 29.31889, -81.05112 29.31762, -81.05077 29.31698, -81.05042 29.3162, -81.04965 29.31463, -81.04895 29.31319, -81.04799 29.31125, -81.04752 29.31013, -81.04659 29.30824, -81.04545 29.30586, -81.04437 29.30363, -81.04305 29.30086, -81.04193 29.29862, -81.03981 29.29436, -81.03889 29.29247, -81.03782 29.29029, -81.03624 29.287, -81.03549 29.28553, -81.0346 29.28379, -81.03317 29.28079, -81.03222 29.27881, -81.03082 29.27596, -81.02985 29.27389, -81.02949 29.27329, -81.0289 29.2722, -81.02865 29.27158, -81.02859 29.27148, -81.02803 29.27028, -81.02741 29.26905, -81.02636 29.26693, -81.02543 29.26511, -81.02435 29.26306, -81.02279 29.25983, -81.022 29.25822, -81.02117 29.25645, -81.02042 29.25495, -81.01968 29.25352, -81.01919 29.25238, -81.01907 29.25221, -81.01893 29.25195, -81.0185 29.2511, -81.01801 29.25009, -81.01733 29.24885, -81.01706 29.24827, -81.01695 29.24804, -81.01691 29.24789, -81.01655 29.24721, -81.01631 29.24674, -81.01618 29.2464, -81.01605 29.24615, -81.01584 29.24576, -81.01573 29.24549, -81.01555 29.24517, -81.01546 29.24497, -81.0153 29.24473, -81.01513 29.24448, -81.015 29.24424, -81.0149 29.244, -81.01479 29.24376, -81.0147 29.24355, -81.01461 29.24336, -81.01455 29.2432, -81.0145 29.24309, -81.01448 29.243, -81.01397 29.24197, -81.01338 29.24068, -81.01273 29.23946, -81.01233 29.23866, -81.01194 29.23781, -81.01168 29.23741, -81.01158 29.23726, -81.01093 29.23595, -81.01029 29.23468, -81.00982 29.23374, -81.00893 29.23198, -81.00867 29.23143, -81.00808 29.23031, -81.0077 29.2296, -81.00713 29.22858, -81.00653 29.22748, -81.00606 29.22679, -81.00577 29.2263, -81.00558 29.22589, -81.00542 29.22561, -81.00535 29.22545, -81.00533 29.22534, -81.00532 29.22535, -81.00486 29.22417, -81.00428 29.22269, -81.00379 29.22145, -81.00333 29.22036, -81.0032 29.2201, -81.00247 29.21853))"
Volusia County Beaches (South),206,205,203,Volusia,NO,5.164,0.30501488,5,498,19.3,LOW,0.156,1.01415848,15,MED,0.102,0.95657341,10,LOW,0,2,NO,YES,"MULTILINESTRING ((-81.00247 29.21853, -81.00149 29.21642, -81.00094 29.21527, -81.00046 29.21421, -81.00026 29.21385, -81.00017 29.21363, -81.00008 29.21345, -80.99941 29.21227, -80.99855 29.21044, -80.99783 29.20885, -80.9972 29.20767, -80.99708 29.20743, -80.99701 29.20725, -80.99608 29.20556, -80.99563 29.20461, -80.99511 29.20346, -80.9946 29.2024, -80.99424 29.20176, -80.99402 29.20134, -80.9939 29.20109, -80.99381 29.20091, -80.99306 29.19945, -80.99222 29.19778, -80.99171 29.19674, -80.99114 29.19567, -80.99091 29.1951, -80.99074 29.19477, -80.98973 29.19299, -80.98866 29.19078, -80.98774 29.18908, -80.98761 29.18879, -80.98678 29.18727, -80.9858 29.18511, -80.98486 29.18319, -80.98449 29.18251, -80.98384 29.18135, -80.98266 29.17908, -80.98201 29.178, -80.98168 29.17721, -80.98128 29.17646, -80.98079 29.17569, -80.98 29.17418, -80.97923 29.17275, -80.97845 29.17126, -80.97787 29.17019, -80.97776 29.17, -80.97757 29.16961, -80.9773 29.16908, -80.97689 29.16842, -80.97662 29.16797, -80.97626 29.16731, -80.9756 29.16594, -80.97525 29.16536, -80.97513 29.16514, -80.97509 29.16507, -80.97465 29.16431, -80.97412 29.16328, -80.9735 29.16201, -80.97245 29.16034, -80.97206 29.15958, -80.97179 29.15911, -80.97165 29.15877, -80.97152 29.15842, -80.97142 29.15824, -80.97113 29.1577, -80.97087 29.15719, -80.97059 29.15668, -80.97043 29.1564, -80.97017 29.15599, -80.96997 29.15566, -80.96986 29.1554, -80.96978 29.15524, -80.96969 29.15507, -80.96969 29.15499, -80.96936 29.15437, -80.96877 29.15334, -80.96836 29.15255, -80.96802 29.15191, -80.96771 29.15134, -80.96756 29.15102, -80.9674 29.15078, -80.96726 29.15056, -80.96718 29.15044, -80.96703 29.15025, -80.96644 29.14914, -80.96554 29.14764, -80.96487 29.14661, -80.96468 29.14625, -80.96433 29.14561, -80.96397 29.14486, -80.96348 29.14396, -80.96293 29.14276, -80.96249 29.14182, -80.96211 29.14113, -80.96168 29.14049, -80.96145 29.14002, -80.96119 29.13964, -80.96108 29.13943, -80.96103 29.13935, -80.96101 29.13927, -80.96101 29.13927, -80.96084 29.13891, -80.9607 29.13856, -80.96045 29.13815, -80.96022 29.13773, -80.95984 29.13722, -80.95939 29.13636, -80.9587 29.13496, -80.95815 29.13393, -80.95797 29.13361, -80.95737 29.13264, -80.95716 29.13231, -80.95694 29.13192, -80.95678 29.13166, -80.95664 29.13143, -80.95651 29.1312, -80.95636 29.13101, -80.95623 29.13076, -80.95611 29.13047, -80.9559 29.13006, -80.95551 29.12943, -80.95464 29.12793, -80.9541 29.12706, -80.95336 29.12594, -80.95215 29.124, -80.95134 29.12262, -80.95069 29.12169, -80.95043 29.12124, -80.95027 29.12087, -80.95 29.12042, -80.94837 29.1179, -80.94721 29.11608, -80.94693 29.11565, -80.94608 29.11419, -80.94549 29.11331, -80.94435 29.11172, -80.94326 29.11017, -80.94249 29.10894, -80.94217 29.10843, -80.94192 29.10808, -80.94177 29.10786, -80.94171 29.10774, -80.94132 29.10719, -80.94061 29.10618, -80.94004 29.10528, -80.93923 29.10402, -80.93883 29.10349, -80.93874 29.10336, -80.93807 29.10244, -80.93699 29.10083, -80.93526 29.09848, -80.93433 29.09725, -80.93381 29.09658, -80.93347 29.09611, -80.93272 29.09519, -80.93227 29.09464, -80.93213 29.09447, -80.93115 29.09312, -80.92996 29.09166, -80.92981 29.09144, -80.92965 29.09125, -80.92951 29.09108, -80.92935 29.0909, -80.92922 29.09075, -80.92899 29.09056, -80.92884 29.09039, -80.92863 29.09009, -80.92845 29.08989, -80.92826 29.0896, -80.92809 29.08937, -80.92785 29.08911, -80.92767 29.08887, -80.9274 29.08857, -80.92715 29.0883, -80.92687 29.08799, -80.92662 29.08768, -80.92639 29.08735, -80.92617 29.08704, -80.92598 29.08681, -80.92571 29.08648, -80.92549 29.08623, -80.92523 29.08591, -80.92498 29.08563, -80.92476 29.08537, -80.92423 29.08487, -80.92363 29.08413, -80.92342 29.08389, -80.92301 29.08348, -80.92273 29.08323, -80.92248 29.08288, -80.92221 29.08259, -80.92193 29.08227, -80.92164 29.08193, -80.92139 29.08167, -80.92111 29.08136, -80.92089 29.08111, -80.92053 29.08077, -80.9203 29.08055, -80.92003 29.08027, -80.91971 29.07995, -80.91938 29.07967, -80.91916 29.07946, -80.91886 29.07914, -80.91854 29.0788, -80.91836 29.07864, -80.91811 29.07846))"
Wabasso Beach,133,100,67,Indian River,CE,198.926,0.2353084,5,7957,8,HIGH,40.676,0.48669972,1627,HIGH,1.952,0.18333437,78,MED,0,0,NO,NO,"MULTILINESTRING ((-80.43293 27.83326, -80.43072 27.829, -80.42935 27.82633, -80.42864 27.82496, -80.42817 27.82402, -80.427 27.82157, -80.42674 27.82091, -80.42547 27.81847, -80.42483 27.81737, -80.42429 27.81637, -80.42378 27.81532, -80.42344 27.81473, -80.42303 27.81375, -80.42282 27.81325, -80.42166 27.8106, -80.42094 27.80912, -80.42047 27.80827, -80.41989 27.80721, -80.41857 27.80467, -80.41779 27.80312, -80.41715 27.80191, -80.41646 27.80064, -80.41516 27.79814, -80.41467 27.79727, -80.41171 27.79224, -80.40966 27.78884, -80.40903 27.78776, -80.40788 27.78564, -80.40724 27.78445, -80.40675 27.78362, -80.40548 27.78129, -80.40456 27.77933, -80.40378 27.77778, -80.40331 27.77671, -80.40255 27.77525, -80.40153 27.7732, -80.39996 27.77016, -80.3993 27.7688, -80.39871 27.76771))"
Wabasso Beach (South),62,51,41,Indian River,CE,116.614,0.32251886,5,758,1.3,MED,23.692,0.69790456,154,HIGH,1.54,0.61237244,10,MED,0,0,NO,NO,"MULTILINESTRING ((-80.39879 27.76786, -80.3981 27.76638, -80.39783 27.76594, -80.39748 27.76514, -80.39708 27.76431, -80.39672 27.76361, -80.39614 27.76241, -80.39564 27.76143, -80.39507 27.76039, -80.39467 27.75983, -80.39419 27.75913, -80.39358 27.75826, -80.39313 27.75761, -80.39267 27.75691))"
Washington Oaks,70,58,44,Flagler,NO,10.544,0.32602685,5,58,1.1,MED,4.002,0.67356835,22,MED,0,999.999,0,not present,0,0,NO,NO,"MULTILINESTRING ((-81.2015 29.64319, -81.20129 29.64273, -81.20072 29.6413, -81.20012 29.63989, -81.19979 29.63884, -81.19925 29.63747, -81.19854 29.63583, -81.19775 29.63412, -81.19758 29.63368))"
West (Okaloosa) County Beaches,163,163,172,Okaloosa,NW,1.002,0.92145012,5,24,4.8,MED,0,999.999,0,not present,0,999.999,0,not present,0,0,NO,NO,"MULTILINESTRING ((-86.63317 30.39651, -86.63302 30.39651, -86.63263 30.39648, -86.63241 30.39645, -86.63207 30.39649, -86.63183 30.39652, -86.6316 30.39652, -86.63135 30.39653, -86.63121 30.39649, -86.6311 30.39647, -86.63102 30.3965, -86.63076 30.39651, -86.63044 30.39651, -86.63001 30.39646, -86.62983 30.39644, -86.62963 30.39646, -86.62935 30.39647, -86.62892 30.39647, -86.62839 30.39643, -86.62808 30.39643, -86.62781 30.39644, -86.62762 30.39639, -86.62716 30.39637, -86.62671 30.39634, -86.62661 30.39638, -86.62636 30.39639, -86.62598 30.39633, -86.62583 30.39637, -86.62553 30.39636, -86.62528 30.39637, -86.62499 30.39635, -86.62484 30.39633, -86.62478 30.39632, -86.62454 30.39633, -86.62432 30.39634, -86.6243 30.39634, -86.62399 30.39634, -86.62364 30.39635, -86.6233 30.39632, -86.62305 30.39628, -86.62277 30.39627, -86.62257 30.39628, -86.62219 30.39622, -86.6219 30.39627, -86.6216 30.39621, -86.62134 30.39616, -86.62106 30.39618, -86.62067 30.39619, -86.62025 30.39615, -86.6199 30.39613, -86.61946 30.39613, -86.61891 30.3961, -86.61847 30.3961, -86.61807 30.39609, -86.618 30.39607, -86.61767 30.39606, -86.61746 30.39606, -86.61727 30.39601, -86.61699 30.39598, -86.6169 30.39602, -86.61663 30.396, -86.61648 30.396, -86.6164 30.39596, -86.61622 30.39594, -86.61602 30.3959, -86.61591 30.39594, -86.61582 30.39591, -86.61543 30.39589, -86.61507 30.39589, -86.61476 30.39578, -86.61462 30.39585, -86.61454 30.39581, -86.61435 30.39578, -86.61416 30.39576, -86.614 30.39568, -86.61387 30.39567, -86.61373 30.39567, -86.61351 30.39569, -86.6132 30.39563, -86.61291 30.39559, -86.61262 30.3956, -86.61246 30.3956, -86.6124 30.39562, -86.61198 30.39558, -86.61166 30.39554, -86.61156 30.39556, -86.61138 30.39557, -86.61122 30.39554, -86.61113 30.39548, -86.61084 30.39549, -86.61062 30.39543, -86.61034 30.39543, -86.61023 30.39541, -86.61001 30.39537, -86.60967 30.39536, -86.60943 30.39531, -86.60928 30.39524, -86.60902 30.39522, -86.60869 30.3952, -86.60849 30.39511, -86.60824 30.39506, -86.60795 30.39501, -86.60767 30.39494, -86.60745 30.39494, -86.6072 30.39487, -86.60691 30.39485, -86.60655 30.39487, -86.60628 30.39484, -86.60604 30.39481, -86.60589 30.39479, -86.60574 30.39485, -86.6056 30.39481, -86.60524 30.39477, -86.60502 30.39471, -86.60476 30.39469, -86.60448 30.39464, -86.60426 30.39465, -86.60396 30.39459, -86.6039 30.39456, -86.60372 30.39458, -86.60364 30.39456, -86.6036 30.39453, -86.60351 30.39455, -86.60304 30.39448, -86.60282 30.39444, -86.60262 30.39448, -86.6023 30.39444, -86.6021 30.39438, -86.60191 30.39434, -86.60168 30.39431, -86.60147 30.39426, -86.60127 30.39423, -86.60107 30.3942, -86.60099 30.39419, -86.60086 30.39415, -86.60064 30.3941, -86.60043 30.39407, -86.60011 30.39397, -86.59996 30.39397, -86.59974 30.39394, -86.59954 30.39387, -86.59931 30.39387, -86.59898 30.39383, -86.59864 30.39381, -86.5984 30.39379, -86.59805 30.39378, -86.59782 30.39378, -86.59761 30.3938, -86.59746 30.39373, -86.59672 30.39368, -86.59657 30.39361, -86.59641 30.39356, -86.59623 30.39357, -86.59598 30.39349, -86.59581 30.39348, -86.59566 30.39352, -86.59544 30.3935, -86.59515 30.39345, -86.59498 30.39343, -86.59486 30.39343, -86.59464 30.39336, -86.59446 30.39332, -86.59425 30.39331, -86.59411 30.3933, -86.59395 30.39329, -86.59379 30.39326, -86.59358 30.3932, -86.59335 30.39317, -86.59317 30.39314, -86.59306 30.39315, -86.59285 30.39314, -86.59258 30.39311, -86.59226 30.39311, -86.59196 30.39316, -86.59159 30.39317, -86.59127 30.39316, -86.59103 30.39313, -86.5908 30.39313, -86.59068 30.39319, -86.59019 30.39314, -86.58982 30.39308, -86.58935 30.39309, -86.58889 30.39306, -86.58863 30.39309, -86.58853 30.39311, -86.58834 30.3931, -86.58815 30.39304, -86.58785 30.393, -86.58757 30.393, -86.58717 30.39296, -86.58687 30.39294, -86.58658 30.3929, -86.58635 30.39282, -86.58608 30.3928, -86.58579 30.39277, -86.58551 30.39268, -86.5853 30.39267, -86.58508 30.39268, -86.58486 30.39274, -86.58459 30.39275, -86.58437 30.39276, -86.58424 30.39279, -86.58404 30.39278, -86.58384 30.39278, -86.58359 30.39278, -86.58331 30.39278, -86.5831 30.39278, -86.5828 30.39279))"
West (Walton) County Beaches,152,154,168,Walton,NW,2.08,0.54843527,5,80,7.7,HIGH,0.026,2.23606798,1,LOW,0,999.999,0,not present,0,1,NO,YES,"MULTILINESTRING ((-86.26453 30.3552, -86.26362 30.35499, -86.26339 30.35493, -86.26321 30.35489, -86.26236 30.35473, -86.26114 30.3544, -86.26109 30.35439, -86.26097 30.35428, -86.26069 30.35419, -86.26031 30.35412, -86.25967 30.35399, -86.25903 30.35387, -86.25859 30.35376, -86.25809 30.35368, -86.25736 30.35342, -86.25662 30.35323, -86.25601 30.35306, -86.25549 30.35297, -86.25495 30.35284, -86.25452 30.35271, -86.25392 30.35258, -86.25348 30.35242, -86.2531 30.35229, -86.25287 30.35228, -86.25216 30.35207, -86.25101 30.35176, -86.25016 30.35159, -86.24876 30.35118, -86.24845 30.35105, -86.24816 30.35092, -86.24766 30.35082, -86.24721 30.35067, -86.24681 30.35056, -86.24648 30.35048, -86.24627 30.35047, -86.24575 30.35029, -86.2454 30.35023, -86.24512 30.35016, -86.24424 30.34993, -86.24365 30.34976, -86.24303 30.34962, -86.24256 30.34946, -86.2421 30.3493, -86.24181 30.34922, -86.24047 30.34887, -86.239 30.34845, -86.23713 30.34792, -86.23593 30.3475, -86.2344 30.34709, -86.23306 30.34679, -86.23186 30.34632, -86.23165 30.34625, -86.23024 30.34577, -86.22936 30.34559, -86.22911 30.34553, -86.22897 30.34545, -86.22859 30.34535, -86.22807 30.34523, -86.22755 30.34507, -86.22706 30.34488, -86.22647 30.34474, -86.22587 30.34452, -86.22542 30.34435, -86.22524 30.34428, -86.22505 30.34424, -86.22486 30.3442, -86.22461 30.34414, -86.22444 30.34409, -86.22433 30.34408, -86.22398 30.34395, -86.22274 30.34372, -86.22242 30.34359, -86.22213 30.34352, -86.22199 30.34348, -86.22188 30.34345, -86.22166 30.34337, -86.22093 30.34313, -86.22053 30.34301, -86.22024 30.34292, -86.2201 30.34287, -86.2198 30.34274, -86.21952 30.34268, -86.21923 30.34262, -86.2189 30.34254, -86.21827 30.34221, -86.21808 30.34209, -86.21643 30.34158, -86.2157 30.34134, -86.2155 30.34133, -86.2151 30.34117, -86.21363 30.3407, -86.21263 30.34046, -86.21163 30.34016, -86.21096 30.33998, -86.21002 30.3398, -86.20942 30.33965, -86.20942 30.33965, -86.20894 30.33953, -86.20873 30.3394, -86.20849 30.33934, -86.20818 30.33925, -86.20782 30.33914, -86.20756 30.33905, -86.20724 30.33897, -86.20703 30.33888, -86.20667 30.33877, -86.20638 30.33871, -86.20602 30.33861, -86.20566 30.33852, -86.20537 30.33847, -86.20521 30.33849, -86.20475 30.33832, -86.20439 30.33822, -86.20425 30.33818, -86.20288 30.33779, -86.20181 30.33755, -86.20074 30.33731, -86.19934 30.33689, -86.19839 30.33666, -86.19787 30.33654, -86.19772 30.3365, -86.19758 30.33642, -86.19713 30.33631, -86.19653 30.33614, -86.196 30.33603, -86.19545 30.3359, -86.19499 30.33575, -86.19461 30.33565, -86.19412 30.33555, -86.19353 30.33542, -86.19315 30.33532, -86.19284 30.33528, -86.19206 30.33493, -86.19177 30.3349, -86.1916 30.33488, -86.19124 30.33477, -86.19088 30.33467, -86.19056 30.3346, -86.1903 30.33452, -86.19024 30.33446, -86.19005 30.33442, -86.18984 30.33431, -86.18967 30.33424, -86.18935 30.33414, -86.18905 30.33406, -86.18876 30.33394, -86.18827 30.33381, -86.18797 30.33373, -86.18757 30.33358, -86.1875 30.33356, -86.18734 30.33351, -86.18704 30.33345, -86.18682 30.33335, -86.18681 30.33335, -86.18663 30.33327, -86.18627 30.33318, -86.17991 30.33169))"
Wiggins Pass,50,10,17,Collier,SW,13,0.4045375,5,156,2.4,MED,0,999.999,0,not present,0,999.999,0,not present,0,0,NO,NO,"MULTILINESTRING ((-81.82972 26.28858, -81.83025 26.28845, -81.83063 26.28829, -81.83094 26.28818, -81.83123 26.28779, -81.83146 26.28726, -81.83147 26.28671, -81.8314 26.28621, -81.83124 26.28563, -81.83067 26.28414, -81.83056 26.28372, -81.83046 26.28333, -81.83027 26.28251, -81.83011 26.28169, -81.82995 26.28083, -81.82975 26.28013, -81.82964 26.27969, -81.82947 26.27926, -81.82934 26.27851, -81.8292 26.27798, -81.82911 26.27746, -81.82903 26.27715, -81.82896 26.27691, -81.82886 26.27668, -81.82878 26.27639, -81.82875 26.27607, -81.82868 26.27576, -81.82858 26.2754, -81.82846 26.27516, -81.82836 26.2748, -81.82829 26.2745, -81.82824 26.27407, -81.82796 26.27296, -81.82776 26.27228))"
Woman Key,11.5,4,23,Monroe,DT,2.185,0.26989357,4,12,1.375,LOW,0,999.999,0,not present,0,999.999,0,not present,0,0,NO,NO,"MULTILINESTRING ((-81.9794 24.52451, -81.9794 24.52449, -81.97932 24.52442, -81.97925 24.52434, -81.97901 24.52402, -81.97901 24.52379, -81.979 24.52376, -81.97898 24.52338, -81.97885 24.5233, -81.9786 24.52321, -81.97822 24.52319, -81.9776 24.52318, -81.97734 24.52324, -81.97674 24.52332, -81.97661 24.52332, -81.97629 24.52339, -81.97586 24.52342, -81.97583 24.52343, -81.97562 24.52344, -81.97436 24.52355, -81.97412 24.52354, -81.9736 24.5235, -81.97345 24.52348, -81.97298 24.5235, -81.97255 24.52357, -81.97217 24.52363, -81.97113 24.52377, -81.97072 24.52379, -81.97033 24.52379, -81.96971 24.52373, -81.9691 24.52373, -81.96875 24.52371, -81.9685 24.52367, -81.96768 24.52363, -81.9675 24.52365, -81.9674 24.52368, -81.96733 24.52371, -81.96722 24.52371, -81.96714 24.52374, -81.9671 24.52375, -81.96704 24.52383, -81.96704 24.52395, -81.9671 24.52406, -81.96724 24.5242, -81.96723 24.52432))"
